model,split,image_id,count,mean_signed_mm,mae_mm,rmse_mm,median_abs_mm,p95_abs_mm,max_abs_mm,valid_rate
circular_cone,train,1,730,0.027792468743874695,0.10241732258251503,0.1232323948035962,0.0992612739140668,0.21924488723389562,0.30160572421493725,1.0
circular_cone,train,10,898,0.010204183045090645,0.08508250065061054,0.10918157020019964,0.06873650690016575,0.2076804716077504,0.4483996626898943,1.0
circular_cone,train,11,700,-0.004018309997604125,0.11487721494426588,0.13358778375996655,0.10998332513156583,0.2220924350467839,0.436642943717402,1.0
circular_cone,train,12,716,-0.012006668600795092,0.10368750059599206,0.12369803551219624,0.09431163824064015,0.21739897035530475,0.5556191378416315,1.0
circular_cone,train,13,688,0.017964914491897802,0.09124233472224376,0.10919742675108944,0.08531310421886928,0.2015611934706384,0.34237636834961904,1.0
circular_cone,train,14,900,0.00827401066654804,0.06907693680874369,0.09108474014154731,0.05334890046037799,0.18507916744494526,0.4200560310474657,1.0
circular_cone,train,15,731,-0.05303840936336846,0.08573588892327827,0.10149984372294722,0.07949645165581387,0.18491536608144088,0.29777304029357765,1.0
circular_cone,train,2,803,-0.02212671411432195,0.052793975450094226,0.06464594720067456,0.04607367711594179,0.12375134152219966,0.22797076183621812,1.0
circular_cone,train,3,900,-0.017755571608678845,0.058996408410650805,0.07852689516489891,0.04789785851255601,0.1472748610801318,0.6614565695936108,1.0
circular_cone,train,4,780,0.014270075605017423,0.050045397001002086,0.06333426365914985,0.041659467643683,0.12165956048594918,0.24870806900287334,1.0
circular_cone,train,5,897,0.023462881755071475,0.054439813410222325,0.07279772459864375,0.04231386853052754,0.16539519005546024,0.2785064383306235,1.0
circular_cone,train,6,900,-0.03565854383070372,0.09077232492352677,0.11598051979411877,0.07019568769885609,0.22667244233153375,0.38380285820301197,1.0
circular_cone,train,7,885,0.01600649768849217,0.04609252854804015,0.06368747490626189,0.03436370445638204,0.12546971813392244,0.549968749790537,1.0
circular_cone,train,8,900,0.02846668561728216,0.10342699691699611,0.13129361408288387,0.07920308969750067,0.26351474235964356,0.39611501270042027,1.0
circular_cone,train,9,900,0.00427696869089876,0.08394483180205965,0.11391514876274154,0.0677836164868495,0.20512427333547967,0.7099085084983017,1.0
circular_cone,validation,1,770,0.035537009096176846,0.06255394563550855,0.09517743799049512,0.038503973198601216,0.21074406531745915,0.5007640921236316,1.0
circular_cone,validation,2,747,0.11120991328265925,0.11561656488049538,0.13794340066002012,0.10383413429258326,0.24973277055971718,0.3376685720122623,1.0
circular_cone,validation,3,600,0.01836951507562636,0.08878513521398702,0.11085971455113468,0.07890992130916175,0.2025250088430198,0.5869930759580484,1.0
circular_cone,validation,4,617,0.0031688094672762458,0.09609194202977969,0.12016516569081975,0.07913947957581513,0.22185962849416663,0.37348940734830194,1.0
circular_cone,validation,5,767,-0.019112503404829787,0.051510170887712245,0.06336072314118307,0.046624690371686484,0.11557254074714349,0.24693543137743745,1.0
circular_cone,validation,6,900,0.013948603565520822,0.08597082431695538,0.11799821394814032,0.061443017860881355,0.25568349315969374,0.5451240495629008,1.0
global_plane,train,1,730,0.1335721199498774,0.3081738362620985,0.3549849264587161,0.27708051291386937,0.707196790871478,0.8996118668919735,1.0
global_plane,train,10,898,0.20041116060110792,0.4933894805211418,0.6724038530483619,0.33124853907008855,1.5209888600771988,1.7319999764762315,1.0
global_plane,train,11,700,0.1557846368639241,0.3673197673799539,0.43151080389224866,0.35210216639717373,0.8031963533943268,0.879332370096563,1.0
global_plane,train,12,716,0.02275945275674021,0.31328070273695163,0.347568848788695,0.3277437354804533,0.5373262362978437,1.3656419146848293,1.0
global_plane,train,13,688,-0.037953647281328926,0.28292317368252046,0.31719780884463844,0.3090866006173201,0.4720311604633139,0.6801254909876207,1.0
global_plane,train,14,900,-0.009849059759204819,0.2915543958387464,0.3698337898455338,0.27562126315598334,0.7385650420395089,1.1623740369753932,1.0
global_plane,train,15,731,0.19245199705363156,0.4606916423025738,0.587062964843126,0.3547077978391826,1.2112041764788728,1.4210379888766056,1.0
global_plane,train,2,803,-0.2335035177405657,0.23699881595657707,0.27162215157729575,0.24704567263529498,0.4244979842392922,0.4985908575162057,1.0
global_plane,train,3,900,-0.006199337655516501,0.33526301524913354,0.41808179896867137,0.29357291575820454,0.8363850959461924,1.305732901794272,1.0
global_plane,train,4,780,0.26398560381366143,0.44201440068968245,0.5937168309135509,0.3090288160459522,1.2772345699630987,1.4230165249384754,1.0
global_plane,train,5,897,-0.1377800504336314,0.21820312342660705,0.23602781409192608,0.21698686310230642,0.36519880764146817,0.46607317596203757,1.0
global_plane,train,6,900,0.07558015469670244,0.30907313491708677,0.35102104966798703,0.2983917067389257,0.6319035467006243,0.7507832125651248,1.0
global_plane,train,7,885,0.10193281371539972,0.3237029097476217,0.4056162579855821,0.27124993293159605,0.909884123816141,1.0922961227275891,1.0
global_plane,train,8,900,-0.07832979845186855,0.3037508869972531,0.33537066706142205,0.32257739107689076,0.5144423940141735,0.6734274253566355,1.0
global_plane,train,9,900,-0.07871857169069547,0.24200324839877188,0.27694174359621737,0.24251239405123215,0.4566173803948345,0.5684924953141035,1.0
global_plane,validation,1,770,-0.10394653017139523,0.221607452214902,0.24763645084084268,0.22021377220454497,0.3835640236004167,0.7471126546823825,1.0
global_plane,validation,2,747,-0.10498520207416474,0.14647276515552404,0.17624164980901064,0.14935088966217336,0.2992840902406897,0.5418861432916628,1.0
global_plane,validation,3,600,-0.22924722650413476,0.27135805024947407,0.3052725509530597,0.30921407836342496,0.4575343914021971,0.645359583483355,1.0
global_plane,validation,4,617,-0.23892905677914794,0.2967754915028086,0.3307771143216116,0.33795931190581996,0.49086205046044107,0.6596785496196844,1.0
global_plane,validation,5,767,-0.22920217139535998,0.23052362180282057,0.26368039651579295,0.2529802741713638,0.407268002316232,0.5295498618087322,1.0
global_plane,validation,6,900,-0.10295237900160499,0.24833911759020666,0.29482226092676117,0.23928275192167803,0.4835255589859172,1.000497900893265,1.0
quadratic_graph,train,1,730,0.04010447591496754,0.10399114521275248,0.1265867536290713,0.09063957388025301,0.22022369164512834,0.31467936253056905,1.0
quadratic_graph,train,10,898,0.001363160514185761,0.07496654088527459,0.09855267618405752,0.05812170150585416,0.19463398995866896,0.4700869013887541,1.0
quadratic_graph,train,11,700,-0.043357867737318624,0.14045593263447081,0.17605149486498284,0.11128143293473158,0.35059826001103145,0.4248769128338381,1.0
quadratic_graph,train,12,716,-0.025387294703784657,0.11343879822421468,0.14234320201549525,0.08916010256098161,0.28675013319724485,0.4644283240486402,1.0
quadratic_graph,train,13,688,0.021730666890014353,0.0898607702885222,0.10925720403147816,0.08153253881016553,0.2105930388695355,0.3481306488793052,1.0
quadratic_graph,train,14,900,0.019416505340372068,0.06732087081909134,0.09099269370138409,0.048923423932592414,0.19391683437957566,0.4367489668975395,1.0
quadratic_graph,train,15,731,-0.050848018603225804,0.07699813924074982,0.09314480609146598,0.06795721474293259,0.1734707848638095,0.2943754438177848,1.0
quadratic_graph,train,2,803,-0.02003642938225445,0.05292592093260274,0.0646604401853581,0.046795448892680724,0.1240629238646875,0.2217334788996368,1.0
quadratic_graph,train,3,900,-0.011260125018461622,0.06173295268221485,0.08053548037690046,0.05254846009523817,0.14516475030935672,0.6717718103994912,1.0
quadratic_graph,train,4,780,0.024150884313766524,0.05656296806148155,0.07131107810854556,0.048093006493672874,0.14085270198906408,0.24744512110237338,1.0
quadratic_graph,train,5,897,0.0047736563357982,0.06938706947116484,0.08672189858355923,0.06295858815644806,0.17103659800814053,0.2818655121648135,1.0
quadratic_graph,train,6,900,-0.009330080094085057,0.08266984537526986,0.0976348965376761,0.07636645448934587,0.17247378492642151,0.35898141105212744,1.0
quadratic_graph,train,7,885,0.008760716542333721,0.06060017984774318,0.08004225428333742,0.047229515231265395,0.15605600993346797,0.5034133397233518,1.0
quadratic_graph,train,8,900,0.02896652961541526,0.09265993034549233,0.12084244903666072,0.0699036959156274,0.24907313650666082,0.4045763328697376,1.0
quadratic_graph,train,9,900,0.004315987731278786,0.09526444242020249,0.12937378690899887,0.07072743660961578,0.2615358671995523,0.8177247395793756,1.0
quadratic_graph,validation,1,770,0.04363748667160714,0.06628358962751793,0.10002223381399065,0.0404501305232543,0.22222207583600945,0.5100809472056653,1.0
quadratic_graph,validation,2,747,0.12210423253563404,0.125303148734398,0.14671959785085179,0.1144322816097656,0.2616616572989414,0.34611924275122874,1.0
quadratic_graph,validation,3,600,0.034053972593159565,0.08359629687344561,0.10601327295205924,0.0710477311519071,0.19808719750157017,0.6132689872798665,1.0
quadratic_graph,validation,4,617,0.017931371900513807,0.08636633279605643,0.11112398805001639,0.0684491297159866,0.20719995073170588,0.3613276990972736,1.0
quadratic_graph,validation,5,767,-0.014730664753200486,0.05059910355481463,0.06228370621352623,0.046305303011877186,0.11587319159698373,0.23842693704727935,1.0
quadratic_graph,validation,6,900,0.02414530124333775,0.08402967605924232,0.11568755974492667,0.05681562332216572,0.2513572259518297,0.5583122338076691,1.0
