frame_id,fit_group,source_chess_path,rvec_x,rvec_y,rvec_z,tvec_x_mm,tvec_y_mm,tvec_z_mm,translation_norm_mm,board_center_x_mm,board_center_y_mm,board_center_z_mm,camera_board_distance_mm,board_normal_x,board_normal_y,board_normal_z,board_plane_distance_mm,board_tilt_deg,normal_tilt_deg,point_count,v_min_px,v_max_px,v_span_px,v_support_10px_bin_count,v_support_100px_bin_count,edge_low_100px_bin_count,edge_high_100px_bin_count,edge_low_bin_ids,edge_high_bin_ids,lambda_truth_min_mm,lambda_truth_max_mm,lambda_truth_span_mm,lambda_truth_median_mm,Z_min_mm,Z_max_mm,Z_span_mm,Z_median_mm,lambda_bin_ids,depth_bin_id,translation_x_bin_id,translation_y_bin_id,nearest_normal_angle_to_other_deg,max_normal_angle_to_other_deg,loo_selected_pose_count,loo_v_grid_10px_occupied_count,loo_v_grid_10px_missing_count,loo_v_bin_100px_occupied_count,loo_v_bin_100px_missing_count,loo_v_continuous_ok,loo_edge_min_frame_count,loo_edge_frame_count_0_100,loo_edge_frame_count_100_200,loo_edge_frame_count_2800_2900,loo_edge_frame_count_2900_3000,loo_edge_multiframe_ok,loo_depth_center_min_mm,loo_depth_center_max_mm,loo_depth_center_span_mm,loo_depth_span_ratio,loo_lambda_truth_min_mm,loo_lambda_truth_max_mm,loo_lambda_truth_span_mm,loo_lambda_span_ratio,loo_depth_bin_occupied_count,loo_depth_bin_missing_count,loo_lambda_bin_occupied_count,loo_lambda_bin_missing_count,loo_depth_lambda_excitation_ok,loo_translation_x_bin_occupied_count,loo_translation_y_bin_occupied_count,loo_translation_coverage_ok,loo_full_normal_pairwise_diameter_deg,loo_normal_cover_max_angle_deg,loo_normal_cover_p95_angle_deg,loo_normal_pairwise_diameter_deg,loo_normal_cover_missing_pose_count,loo_normal_angle_diversity_ok,loo_overall_geometry_ok,loo_v_coverage_loss,loo_edge_multiframe_loss,loo_depth_lambda_loss,loo_normal_diversity_loss,loo_translation_coverage_loss,loo_overall_geometry_loss,curated_selected,loo_normal_missing_pose_ids,loo_v_missing_grid_count,near_duplicate_strict_pair_count,pair_count
001,fit_001_018,existing geometry table,-0.0721675802710171,0.6689149804769094,3.0644027226655144,70.26342851252268,86.92592310534128,640.2020869477833,649.8859727878016,-30.603767441018093,22.72013067390409,664.7667973820875,665.8586109836385,0.044038477245822404,-0.41658962535654204,-0.9080273655387073,614.4391577660417,24.765844219145702,24.765844219145702,900,898.0115496512335,2733.9901017992115,1835.978552147978,142,20,0,0,,,627.6251275830571,703.7777348869761,76.15260730391901,666.5349864543743,627.6251275830571,703.7777348869761,76.15260730391901,666.5349864543743,1;2;3;4;5;6;7,2,0,2,1.6851616774943454,51.01376980299323,35,300,0,30,0,True,11,11,18,15,11,True,646.044797358033,712.2764697801146,66.2316724220816,1.0,599.9158940171042,713.8641567975121,113.94826278040796,1.0,7,0,8,0,True,3,3,True,51.01376980299323,1.6851616774943454,8.537736462515939e-07,49.44636020433504,0,False,False,False,False,False,True,False,True,True,,0,0,35
002,fit_001_018,existing geometry table,0.5615111424753477,0.0020568761146903,-3.026432455536848,41.74566039018325,104.22043257409388,699.8353920142281,708.7835880175642,-47.018638350675865,28.14573651019441,664.7136055017394,666.9685990923223,0.3583186518603301,0.01289058607154,-0.9335103515868092,637.0018716435553,21.011200707412186,21.011200707412186,900,871.9931775972348,2814.9996280130126,1943.0064504157779,140,20,0,1,,28,679.4780724559023,681.6157588474265,2.1376863915241984,680.2341869868258,679.4780724559023,681.6157588474265,2.1376863915241984,680.2341869868258,5,2,0,2,3.805453726788851,42.106031513713155,35,300,0,30,0,True,11,11,18,14,11,True,646.044797358033,712.2764697801146,66.2316724220816,1.0,599.9158940171042,713.8641567975121,113.94826278040796,1.0,7,0,8,0,True,3,3,True,51.01376980299323,3.805453726788851,8.537736462515939e-07,51.01376980299323,0,True,True,False,False,False,False,False,False,False,,0,0,34
003,fit_001_018,existing geometry table,0.2344801393784892,-0.2865994417253122,1.618352781118659,57.649363835441775,-90.96784091055196,634.816696187931,643.8872843825374,-18.92713073544724,-0.507997397434707,664.0238389926791,664.2937250116155,0.021973367519522197,0.32397834413935295,-0.9458092850297966,628.6203853557946,18.948772388203782,18.948772388203782,900,168.99015535080898,2705.0156961347025,2536.0255407838936,214,27,1,0,1,,624.956667498883,703.8292580019747,78.87259050309171,664.2001698446775,624.956667498883,703.8292580019747,78.87259050309171,664.2001698446775,1;2;3;4;5;6;7,2,1,1,2.790347193822988,43.54592688052866,35,300,0,30,0,True,11,11,17,15,11,True,646.044797358033,712.2764697801146,66.2316724220816,1.0,599.9158940171042,713.8641567975121,113.94826278040796,1.0,7,0,8,0,True,3,3,True,51.01376980299323,2.790347193822988,8.537736462515939e-07,51.01376980299323,0,True,True,False,False,False,False,False,False,False,,0,0,33
004,fit_001_018,existing geometry table,-0.0211116804177759,-0.0502373500809745,-0.029982443194688,-153.22750676347866,-106.03239714077723,645.0542192951825,671.4286886206821,-51.26406153436999,-39.022743673010126,648.6821910619308,651.8737328115594,0.0498885784397134,-0.0218509479966232,-0.9985157313797882,649.4241796535587,3.122105794209866,3.122105794209866,900,49.00791335741325,2077.718937690636,2028.7110243332227,202,21,2,0,0;1,,648.4872733412135,652.5953490739247,4.1080757327112,650.8256092336421,648.4872733412135,652.5953490739247,4.1080757327112,650.8256092336421,3,0,0,0,0.3647840071835855,27.65295357196894,35,300,0,30,0,True,10,10,17,15,11,True,646.044797358033,712.2764697801146,66.2316724220816,1.0,599.9158940171042,713.8641567975121,113.94826278040796,1.0,7,0,8,0,True,3,3,True,51.01376980299323,0.3647840071835855,8.537736462515939e-07,51.01376980299323,0,True,True,False,False,False,False,False,False,False,,0,0,32
005,fit_001_018,existing geometry table,-0.0546992875081022,-0.0095620159614345,1.5334230839318117,111.75220270047672,-96.94473863944296,658.6379745990118,675.0487528632038,45.6177678024973,5.492914116159199,652.9140058143666,654.5287249871718,0.0405568547105731,-0.0296232919635443,-0.9987380047385942,650.4026364505305,2.8788045209626643,2.8788045209626643,900,251.018110032898,2961.036089734711,2710.0179797018127,271,28,0,2,,28;29,646.7394706777214,654.0438983286313,7.304427650909815,650.3915183518884,646.7394706777214,654.0438983286313,7.304427650909815,650.3915183518884,3,0,2,1,0.3325236657240922,28.121236969836485,35,300,0,30,0,True,10,11,18,14,10,True,646.044797358033,712.2764697801146,66.2316724220816,1.0,599.9158940171042,713.8641567975121,113.94826278040796,1.0,7,0,8,0,True,3,3,True,51.01376980299323,0.3325236657240922,8.537736462515939e-07,51.01376980299323,0,True,True,False,False,False,False,False,False,False,,0,0,31
006,fit_001_018,existing geometry table,-0.010702208691161,-0.042941552653592,0.1209235876414574,-102.56268616744038,-76.60523210851846,699.6916127453959,711.3057142512872,-11.810089414307017,4.961599312302738,702.9807151351829,703.0974196593833,0.04346916294687231,-0.008079919787789401,-0.9990220952355965,702.8467309701986,2.534085764196888,2.534085764196888,900,637.9855184564794,2524.995058483226,1887.0095400267464,190,20,0,0,,,702.7664709012936,704.3272769133508,1.5608060120572418,703.5864328699327,702.7664709012936,704.3272769133508,1.5608060120572418,703.5864328699327,7,6,1,1,0.06507757721433867,26.879863622371996,35,300,0,30,0,True,11,11,18,15,11,True,646.044797358033,712.2764697801146,66.2316724220816,1.0,599.9158940171042,713.8641567975121,113.94826278040796,1.0,7,0,8,0,True,3,3,True,51.01376980299323,0.06507757721433867,8.537736462515939e-07,51.01376980299323,0,True,True,False,False,False,False,False,False,True,,0,2,30
007,fit_001_018,existing geometry table,-0.0075065932608679,-0.0445263561027512,-0.0041106474510081,-32.20103865645945,-113.7173168939753,703.0535602890079,712.9185393066793,67.99834695757679,-44.11409479042554,706.9873365121281,711.6185231826493,0.0444956753036461,-0.0075955218613115,-0.9989807019792358,702.9060037805342,2.5871708969671,2.5871708969671,900,118.97999544257928,1993.999581883192,1875.0195864406126,189,19,1,0,1,,703.3103163157795,704.792366231609,1.4820499158295206,704.0612072828527,703.3103163157795,704.792366231609,1.4820499158295206,704.0612072828527,7,7,2,0,0.05897282559309184,26.8493444523456,35,300,0,30,0,True,11,11,17,15,11,True,646.044797358033,712.2764697801146,66.2316724220816,1.0,599.9158940171042,713.8641567975121,113.94826278040796,1.0,7,0,8,0,True,3,3,True,51.01376980299323,0.05897282559309184,8.537736462515939e-07,51.01376980299323,0,True,True,False,False,False,False,False,False,False,,0,0,29
008,fit_001_018,existing geometry table,-0.0053588833976702,-0.0823407041344605,-0.8761286731934009,-149.79428410256304,37.51528513829276,695.7888071265969,712.7185898315404,-32.349517287436214,5.623920015677143,705.2581037402056,706.0220341011344,0.0699172268547046,-0.0384955229569338,-0.9968097492005282,705.4864377918118,4.577892286774789,4.577892286774789,900,292.01553542811314,2626.6577991982967,2334.6422637701835,234,25,0,0,,,703.6545639621661,712.7152868858277,9.060722923661615,708.0360828807347,703.6545639621661,712.7152868858277,9.060722923661615,708.0360828807347,7,7,0,1,1.4953404519082945,28.589301948727005,35,300,0,30,0,True,11,11,18,15,11,True,646.044797358033,712.2764697801146,66.2316724220816,1.0,599.9158940171042,713.8641567975121,113.94826278040796,1.0,7,0,8,0,True,3,3,True,51.01376980299323,1.4953404519082945,8.537736462515939e-07,51.01376980299323,0,True,True,False,False,False,False,False,False,False,,0,0,28
009,fit_001_018,existing geometry table,0.0767785457527575,0.0705721968250829,-3.131810149256277,54.44560897553669,29.86878329959432,711.9988747048798,714.7019421643754,-44.79087890615421,-40.7517942286083,703.9457074714159,706.545462538306,0.0487950969063531,0.0452145061973328,-0.9977848901177202,706.4145379076559,3.814305442730843,3.814305442730843,900,151.0122142305479,2022.9614097596093,1871.9491955290614,186,20,1,0,1,,702.2064669340403,710.3667687540712,8.160301820030895,706.0058892659517,702.2064669340403,710.3667687540712,8.160301820030895,706.0058892659517,7,6,0,0,0.9363307434870415,27.21095585463705,35,300,0,30,0,True,11,11,17,15,11,True,646.044797358033,712.2764697801146,66.2316724220816,1.0,599.9158940171042,713.8641567975121,113.94826278040796,1.0,7,0,8,0,True,3,3,True,51.01376980299323,0.9363307434870415,8.537736462515939e-07,51.01376980299323,0,True,True,False,False,False,False,False,False,False,,0,0,27
010,fit_001_018,existing geometry table,-0.200135226980418,-0.0183723928946925,-3.1186487965642646,141.11944530082184,38.68038802169745,666.9378095345887,682.8007850363941,43.156704379402754,-32.87397018746053,680.4757271159019,682.6349055261477,-0.1277110559087635,-0.0127877611275105,-0.9917289747526864,679.938699004508,7.374237094643685,7.374237094643685,900,193.9910810358828,2115.98764422037,1921.996563184487,193,21,1,0,1,,685.4894957780575,687.4730930072624,1.983597229204861,686.4923924516902,685.4894957780575,687.4730930072624,1.983597229204861,686.4923924516902,6,4,2,0,3.364384489830869,31.9231054962134,35,300,0,30,0,True,11,11,17,15,11,True,646.044797358033,712.2764697801146,66.2316724220816,1.0,599.9158940171042,713.8641567975121,113.94826278040796,1.0,7,0,8,0,True,3,3,True,51.01376980299323,3.364384489830869,8.537736462515939e-07,51.01376980299323,0,True,True,False,False,False,False,False,False,True,,0,0,26
011,fit_001_018,existing geometry table,-0.0510722374628275,-0.3380613375968714,3.10967523236445,106.74567449886938,33.2916614039648,697.109034524875,706.019815415586,6.137670713621716,-33.40475879006875,678.9536742241676,679.8026483135444,0.0338776506275871,0.2146041365401535,-0.9761133998505556,669.6966488403502,12.548248071925876,12.548248071925876,900,165.01812493611814,2086.0225858169365,1921.0044608808184,193,20,1,0,1,,659.1079085891894,698.0396930630409,38.93178447385151,677.8396418901868,659.1079085891894,698.0396930630409,38.93178447385151,677.8396418901868,4;5;6,3,1,0,0.6081503005488907,37.01977599873538,35,300,0,30,0,True,11,11,17,15,11,True,646.044797358033,712.2764697801146,66.2316724220816,1.0,599.9158940171042,713.8641567975121,113.94826278040796,1.0,7,0,8,0,True,3,3,True,51.01376980299323,0.6081503005488907,8.537736462515939e-07,51.01376980299323,0,True,True,False,False,False,False,False,False,False,,0,1,25
012,fit_001_018,existing geometry table,-0.0693551647260335,0.1019514427887227,3.132988177621755,92.48233111863766,108.42291478130689,705.0602139594693,719.3180209944586,-7.950785582427244,39.04583379635342,705.1587214083471,706.2836643350072,0.0440043215534055,-0.0651179589645869,-0.9969068517694676,705.8700148852387,4.507648104994704,4.507648104994704,900,988.0087981158596,2860.0151409554487,1872.0063428395893,188,20,0,1,,28,699.6325872461373,711.5737105816946,11.941123335557336,705.0665554670824,699.6325872461373,711.5737105816946,11.941123335557336,705.0665554670824,7,7,1,2,2.0460651372882595,30.145530963507017,35,300,0,30,0,True,11,11,18,14,11,True,646.044797358033,712.2764697801146,66.2316724220816,1.0,599.9158940171042,713.8641567975121,113.94826278040796,1.0,7,0,8,0,True,3,3,True,51.01376980299323,2.0460651372882595,8.537736462515939e-07,51.01376980299323,0,True,True,False,False,False,False,False,False,False,,0,0,24
013,fit_001_018,existing geometry table,0.0287306949161215,-0.0424824125741717,-1.57979863478375,-68.97314449987209,111.8298885106105,708.2523022749037,720.3364091202092,0.0020084161243687,11.200696145249095,712.2764697801146,712.3645309815715,0.0452213905329128,-0.0089510510101677,-0.9989368871575838,711.6194066969159,2.6422006515017515,2.6422006515017515,900,392.99970986632326,2865.015841222405,2472.0161313560816,241,26,0,1,,28,711.3306826524665,713.6150335313896,2.284350878923078,712.5172547472353,711.3306826524665,713.6150335313896,2.284350878923078,712.5172547472353,7,7,1,1,0.029159270282779256,26.925027611050485,35,300,0,30,0,True,11,11,18,14,11,True,646.044797358033,710.4998822570045,64.45508489897156,0.9731761639387846,599.9158940171042,713.8641567975121,113.94826278040796,1.0,7,0,8,0,True,3,3,True,51.01376980299323,0.029159270282779256,8.537736462515939e-07,51.01376980299323,0,True,True,False,False,False,False,False,False,True,,0,2,23
014,fit_001_018,existing geometry table,-0.0072849944597935,-0.0457854788851496,-0.0411753624828203,-167.0564814302227,-113.73195036188552,705.7254233533891,734.0920907408587,-64.35390754794662,-47.89135385232062,709.8723703292127,714.3905019996505,0.045606212157208406,-0.008222642012450102,-0.9989256536754909,711.6508660598367,2.6561259874741343,2.6561259874741343,900,65.01446176523719,1918.941137762432,1853.9266759971947,185,20,2,0,0;1,,712.260384538126,713.8641567975121,1.603772259386119,713.0413550151859,712.260384538126,713.8641567975121,1.603772259386119,713.0413550151859,7,7,0,0,0.03930442881776186,26.88234928145869,35,300,0,30,0,True,10,10,17,15,11,True,646.044797358033,712.2764697801146,66.2316724220816,1.0,599.9158940171042,713.6150335313896,113.69913951428543,0.9978137159791316,7,0,8,0,True,3,3,True,51.01376980299323,0.03930442881776186,8.537736462515939e-07,51.01376980299323,0,True,True,False,False,False,False,False,False,False,,0,0,22
015,fit_001_018,existing geometry table,-0.1342387850084417,-0.209478456755474,-0.1054556142748139,-155.1467194397288,-105.86607100478098,659.7569257057896,685.9718146976988,-49.6095204364713,-45.900026702688,672.6399826918565,676.026969347337,0.19990317067843785,-0.14358929538195442,-0.9692372447468274,655.2740714696442,14.248525352036737,14.248525352036737,900,36.00082319824006,1952.9916742657845,1916.9908510675443,178,20,2,0,0;1,,668.0729003814997,697.0783419778945,29.005441596394803,681.9490182727702,668.0729003814997,697.0783419778945,29.005441596394803,681.9490182727702,4;5;6,3,0,0,7.862434062665372,35.44863022559504,35,300,0,30,0,True,10,10,17,15,11,True,646.044797358033,712.2764697801146,66.2316724220816,1.0,599.9158940171042,713.8641567975121,113.94826278040796,1.0,7,0,8,0,True,3,3,True,51.01376980299323,7.862434062665372,8.537736462515939e-07,51.01376980299323,1,False,False,False,False,False,True,False,True,True,015,0,0,21
016,fit_001_018,existing geometry table,-0.2096866931719388,-0.2787246707199524,-1.5822600320085418,-100.90913446436537,97.10742071178704,634.6628658336283,649.9303484557383,-34.1839261945329,0.6214248651160119,668.4000735844731,669.2739240002297,0.0391862392604388,-0.3055550253849624,-0.9513677339045185,637.4236823488291,17.942206480305572,17.942206480305572,900,325.00679677088664,2842.945174958788,2517.9383781879014,228,26,0,1,,28,632.2908116760494,706.8783965758063,74.58758489975685,665.864972149655,632.2908116760494,706.8783965758063,74.58758489975685,665.864972149655,2;3;4;5;6;7,2,0,1,0.9714883013597161,44.19961993254881,35,300,0,30,0,True,11,11,18,14,11,True,646.044797358033,712.2764697801146,66.2316724220816,1.0,599.9158940171042,713.8641567975121,113.94826278040796,1.0,7,0,8,0,True,3,3,True,51.01376980299323,0.9714883013597161,8.537736462515939e-07,51.01376980299323,0,True,True,False,False,False,False,False,False,False,,0,0,20
017,fit_001_018,existing geometry table,-0.0664455637472778,0.4487186678608552,3.0160164648337995,119.49778570280036,19.102541197343367,656.5153085408866,667.57544758372,13.228836439696778,-39.16844623627388,671.0549937516171,672.3272818598803,0.029530937461793,-0.2923585149774675,-0.9558527200635032,629.5878523724755,17.088362176486594,17.088362176486594,900,201.0328943250704,2082.986326448683,1881.9534321236126,180,19,0,0,,,642.8414387873526,696.7604128415371,53.91897405418456,668.9383514251549,642.8414387873526,696.7604128415371,53.91897405418456,668.9383514251549,3;4;5;6,3,1,0,0.9714883013597161,43.4311886717685,35,300,0,30,0,True,11,11,18,15,11,True,646.044797358033,712.2764697801146,66.2316724220816,1.0,599.9158940171042,713.8641567975121,113.94826278040796,1.0,7,0,8,0,True,3,3,True,51.01376980299323,0.9714883013597161,8.537736462515939e-07,51.01376980299323,0,True,True,False,False,False,False,False,False,True,,0,0,19
018,fit_001_018,existing geometry table,-0.0101309249955187,-0.0576908263969998,1.5357842418608474,118.17271529847532,-120.65782339221224,709.0432860288237,728.8796076508884,51.673583480422735,-18.29644539460688,709.1605970539333,711.2760867326255,0.0438793287484021,0.0296506722821588,-0.998596736496673,706.4405576192682,3.0356943626297084,3.0356943626297084,900,88.00166796783536,2580.9953014356247,2492.9936334677896,250,26,2,0,0;1,,703.5149565997232,710.6266657975074,7.111709197784194,707.0165518645797,703.5149565997232,710.6266657975074,7.111709197784194,707.0165518645797,7,7,2,0,0.9363307434870415,26.319784777947344,35,300,0,30,0,True,10,10,17,15,11,True,646.044797358033,712.2764697801146,66.2316724220816,1.0,599.9158940171042,713.8641567975121,113.94826278040796,1.0,7,0,8,0,True,3,3,True,51.01376980299323,0.9363307434870415,8.537736462515939e-07,51.01376980299323,0,True,True,False,False,False,False,False,False,False,,0,0,18
025,fit_025_036,existing geometry table,0.3272359775452618,0.2602128599641641,-1.5357285474790414,-81.42145626544497,78.50188992854991,692.1554858788566,701.3353098874575,-9.259487759807428,-14.081850001291867,658.6756202579376,658.8911968870215,0.0390563264735537,0.3665874909522663,-0.9295634539071086,617.8046562082401,21.633132609313314,21.633132609313314,900,9.06713542161734,2530.992297101552,2521.9251616799347,233,26,2,0,0;1,,613.9723422627321,703.1102628858475,89.1379206231154,653.0254900204784,613.9723422627321,703.1102628858475,89.1379206231154,653.0254900204784,0;1;2;3;4;5;6;7,1,1,1,2.790347193822988,46.126182123810054,35,300,0,30,0,True,10,10,17,15,11,True,646.044797358033,712.2764697801146,66.2316724220816,1.0,599.9158940171042,713.8641567975121,113.94826278040796,1.0,7,0,8,0,True,3,3,True,51.01376980299323,2.790347193822988,2.1344341156289847e-07,51.01376980299323,0,True,True,False,False,False,False,False,False,True,,0,0,17
026,fit_025_036,existing geometry table,0.2478658792410933,0.2975770313801304,-2.184118599689309,-4.21856886554078,129.6395199239747,692.7335767914661,704.7723106533698,-5.867055230833623,13.303933037779244,655.8104984183414,655.9716661617853,0.06937540979894818,0.300891138122277,-0.9511317340488166,620.1661703757678,17.98604841990458,17.98604841990458,900,149.07772209990313,2999.064716731013,2849.98699463111,246,29,1,2,1,28;29,614.1304186630957,696.565372889299,82.43495422620333,653.0470258576332,614.1304186630957,696.565372889299,82.43495422620333,653.0470258576332,0;1;2;3;4;5;6,1,1,1,3.0366539453212824,42.152544006938925,35,300,0,30,0,True,10,11,17,14,10,True,646.044797358033,712.2764697801146,66.2316724220816,1.0,599.9158940171042,713.8641567975121,113.94826278040796,1.0,7,0,8,0,True,3,3,True,51.01376980299323,3.0366539453212824,2.1344341156289847e-07,51.01376980299323,0,True,True,False,False,False,False,False,False,False,,0,0,16
027,fit_025_036,existing geometry table,0.4618869202240853,-0.0547878622027744,-0.0353219811299502,-139.37540525626898,-92.25383621972448,624.2437071400437,646.232527648949,-38.06996414442578,-34.277189559816755,659.963674150206,661.9488644086617,0.0608330312716154,0.4443677798020002,-0.8937766044041138,607.4076816538893,26.64828167253497,26.64828167253497,900,145.95335962554094,1933.9973773537088,1788.0440177281678,153,19,1,0,1,,620.5984338405221,699.5185928385928,78.92015899807063,654.8775676113212,620.5984338405221,699.5185928385928,78.92015899807063,654.8775676113212,1;2;3;4;5;6,1,0,0,5.063397028201452,51.01376980299323,35,300,0,30,0,True,11,11,17,15,11,True,646.044797358033,712.2764697801146,66.2316724220816,1.0,599.9158940171042,713.8641567975121,113.94826278040796,1.0,7,0,8,0,True,3,3,True,51.01376980299323,5.063397028201452,8.537736462515939e-07,46.126182123810054,1,False,False,False,False,False,True,False,True,True,027,0,0,15
028,fit_025_036,existing geometry table,-0.2906648897800636,0.2905091437852752,-1.5885075118620116,-133.92518570227273,95.18961027277722,688.3275896283086,707.6665089664684,-72.30875689096803,-7.29054472339638,663.8075257519307,667.7740183702725,-0.3601175584514433,0.0066860961392113,-0.9328829724104672,593.2638300285923,21.11122760588503,21.11122760588503,900,30.039777984908785,2773.9544690458315,2743.914691060923,273,28,2,0,0;1,,641.3125574108844,643.7085527859042,2.3959953750197656,642.6155029693435,641.3125574108844,643.7085527859042,2.3959953750197656,642.6155029693435,2;3,2,0,1,4.719896151272118,45.70303653658081,35,300,0,30,0,True,10,10,17,15,11,True,646.044797358033,712.2764697801146,66.2316724220816,1.0,599.9158940171042,713.8641567975121,113.94826278040796,1.0,7,0,8,0,True,3,3,True,51.01376980299323,4.719896151272118,8.537736462515939e-07,51.01376980299323,0,True,True,False,False,False,False,False,False,False,,0,0,14
029,fit_025_036,existing geometry table,0.0157676160752381,-0.0561487144664543,-1.5971379012563034,-93.78675633009848,89.49713170978326,663.8626612922118,676.4017484492315,-26.61483493324569,-12.263763017290644,669.5769661668579,670.2179219799198,0.0452486691268946,-0.0262089580571336,-0.9986318883651796,669.5437755382559,2.9974222337358074,2.9974222337358074,900,65.99601519690545,2691.9946237315903,2625.998608534685,264,27,2,0,0;1,,667.1598925415265,673.6614505469398,6.501558005413358,670.3738111875338,667.1598925415265,673.6614505469398,6.501558005413358,670.3738111875338,4;5,2,0,1,0.3325236657240922,27.912929256923917,35,300,0,30,0,True,10,10,17,15,11,True,646.044797358033,712.2764697801146,66.2316724220816,1.0,599.9158940171042,713.8641567975121,113.94826278040796,1.0,7,0,8,0,True,3,3,True,51.01376980299323,0.3325236657240922,8.537736462515939e-07,51.01376980299323,0,True,True,False,False,False,False,False,False,False,,0,1,13
030,fit_025_036,existing geometry table,0.203756931356176,-0.2274686054781759,-1.6331232856276952,-81.04855512193963,85.75799958554362,666.8651241019113,677.2240371721354,-21.216158675847183,-18.87062608764741,686.1766498121419,686.7638754807313,0.26781031475056083,-0.024623256442074495,-0.963156960497817,666.1130662650353,15.60119442786909,15.60119442786909,900,27.010582096981388,2581.000731086345,2553.990148989363,219,26,2,0,0;1,,687.8364360943516,695.3496629083372,7.513226813985625,690.9910719394709,687.8364360943516,695.3496629083372,7.513226813985625,690.9910719394709,6,4,1,0,1.062533830489295,36.687606322086275,35,300,0,30,0,True,10,10,17,15,11,True,646.044797358033,712.2764697801146,66.2316724220816,1.0,599.9158940171042,713.8641567975121,113.94826278040796,1.0,7,0,8,0,True,3,3,True,51.01376980299323,1.062533830489295,8.537736462515939e-07,51.01376980299323,0,True,True,False,False,False,False,False,False,False,,0,0,12
031,fit_025_036,existing geometry table,-0.1125192256554347,-0.1860994443443769,-1.5649024918151964,-124.9643792615076,111.00247017469428,661.7810183997505,682.5626423877216,-55.443610949274415,13.144941949323282,683.9342787218231,686.3037819396642,0.0465993994927115,-0.1889489544207643,-0.9808806189288372,675.9252406324997,11.22196569267515,11.22196569267515,900,432.03072659625377,2962.9942220386897,2530.963495442436,244,26,0,2,,28;29,663.2616921657724,709.4178857622745,46.156193596502135,683.5242786331787,663.2616921657724,709.4178857622745,46.156193596502135,683.5242786331787,4;5;6;7,4,0,1,6.176930913226464,37.2918090483938,35,300,0,30,0,True,10,11,18,14,10,True,646.044797358033,712.2764697801146,66.2316724220816,1.0,599.9158940171042,713.8641567975121,113.94826278040796,1.0,7,0,8,0,True,3,3,True,51.01376980299323,6.176930913226464,8.537736462515939e-07,51.01376980299323,1,False,False,False,False,False,True,False,True,True,031,0,0,11
032,fit_025_036,existing geometry table,0.1595594643159799,0.1598399691892527,1.5031919183443838,22.58426304279517,-89.18247543059432,668.8268834323239,675.1244054712511,-39.69919556961469,14.912665579244944,682.4273393591639,683.7437292058921,-0.2035580237390529,0.0061207817900065,-0.9790437513215282,659.9538553644664,11.750484249300037,11.750484249300037,900,343.9960346604296,2955.0049662224865,2611.008931562057,262,27,0,2,,28;29,674.7142939336663,676.5578691919138,1.8435752582474834,675.7007230785741,674.7142939336663,676.5578691919138,1.8435752582474834,675.7007230785741,5,4,0,2,2.885633340463031,36.342124266485,35,300,0,30,0,True,10,11,18,14,10,True,646.044797358033,712.2764697801146,66.2316724220816,1.0,599.9158940171042,713.8641567975121,113.94826278040796,1.0,7,0,8,0,True,3,3,True,51.01376980299323,2.885633340463031,8.537736462515939e-07,51.01376980299323,0,True,True,False,False,False,False,False,False,False,,0,0,10
033,fit_025_036,existing geometry table,-0.2187039132586344,-0.2317653330391587,1.73418634215298,58.49372126508098,-79.10179050704878,705.5189520627313,712.3451413525277,-25.014600131865507,7.432391021335533,684.5858279605595,685.0830070148404,0.2743424290048581,0.0322559230365039,-0.9610909359039744,664.5720616292112,16.035457036381366,16.035457036381366,900,332.9987765567695,2920.002193310568,2587.003416753799,238,27,0,2,,28;29,687.0882282379417,695.3548127319071,8.26658449396541,690.8761836171277,687.0882282379417,695.3548127319071,8.26658449396541,690.8761836171277,6,4,1,1,2.9154330506053734,37.05993758560582,35,300,0,30,0,True,10,11,18,14,10,True,646.044797358033,712.2764697801146,66.2316724220816,1.0,599.9158940171042,713.8641567975121,113.94826278040796,1.0,7,0,8,0,True,3,3,True,51.01376980299323,2.9154330506053734,8.537736462515939e-07,51.01376980299323,0,True,True,False,False,False,False,False,False,False,,0,0,9
034,fit_025_036,existing geometry table,-0.0483733585311456,-0.0561973832074342,1.5643919515514757,34.92642238411956,-91.44059478621315,673.4877997579825,680.5637764223561,-34.357340300361216,8.97157536466699,669.3457816663702,670.2870216792227,0.066590949225398,0.0047892086207652,-0.9977688655004462,670.0973023581462,3.8280824803661697,3.8280824803661697,900,296.01275520646686,2918.994095292461,2622.9813400859944,262,28,0,2,,28;29,670.5595719876424,671.5822670203637,1.0226950327213444,671.0498301252187,670.5595719876424,671.5822670203637,1.0226950327213444,671.0498301252187,4;5,2,0,1,1.4163033645880483,26.108595264885924,35,300,0,30,0,True,10,11,18,14,10,True,646.044797358033,712.2764697801146,66.2316724220816,1.0,599.9158940171042,713.8641567975121,113.94826278040796,1.0,7,0,8,0,True,3,3,True,51.01376980299323,1.4163033645880483,8.537736462515939e-07,51.01376980299323,0,True,True,False,False,False,False,False,False,False,,0,1,8
035,fit_025_036,existing geometry table,0.1299810708714251,-0.195022831508228,1.5880714183948237,8.9321519307187,-74.78720168780697,661.3095873126372,665.5849150529305,-63.75765459180239,21.720781138343145,678.6992761697147,682.0333850520824,0.038551903298624304,0.20525312514983082,-0.9779493368105945,661.7332277490328,12.05451506731769,12.05451506731769,900,451.99097243448784,2971.0038048937413,2519.0128324592533,236,26,0,2,,28;29,656.2856754990569,706.1750491210967,49.889373622039784,677.4034209483025,656.2856754990569,706.1750491210967,49.889373622039784,677.4034209483025,3;4;5;6;7,3,0,2,0.6081503005488907,36.4673003842429,35,300,0,30,0,True,10,11,18,14,10,True,646.044797358033,712.2764697801146,66.2316724220816,1.0,599.9158940171042,713.8641567975121,113.94826278040796,1.0,7,0,8,0,True,3,3,True,51.01376980299323,0.6081503005488907,8.537736462515939e-07,51.01376980299323,0,True,True,False,False,False,False,False,False,False,,0,0,7
036,fit_025_036,existing geometry table,-0.0449807424904084,-0.0260112229772229,1.7190144584812117,43.97613193067639,-78.42822918398403,715.0324222225527,720.6637580328087,-39.95152062285717,10.090724822003068,710.4998822570045,711.6937750287896,0.044980631029066506,-0.008502920230179702,-0.9989516720941941,711.6378906397758,2.623760267332197,2.623760267332197,900,438.2555116381724,2933.971049989443,2495.715538351271,249,26,0,2,,28;29,711.3398794429545,713.5292846188916,2.189405175937054,712.3862612138674,711.3398794429545,713.5292846188916,2.189405175937054,712.3862612138674,7,7,0,1,0.029159270282779256,26.900001495295438,35,300,0,30,0,True,10,11,18,14,10,True,646.044797358033,712.2764697801146,66.2316724220816,1.0,599.9158940171042,713.8641567975121,113.94826278040796,1.0,7,0,8,0,True,3,3,True,51.01376980299323,0.029159270282779256,8.537736462515939e-07,51.01376980299323,0,True,True,False,False,False,False,False,False,False,,0,2,6
049,fit_049_054,D:\Docs\linelaserscan\calibration_tool\projects\daheng\data\laser_plane_0817\fit\chess 049.tif,-0.017023349223371852,-0.42889319994202113,0.034313981195163365,-114.35228446315092,-33.91348873595184,607.7925898567321,619.3855035153298,-25.54330173530191,39.72173749037956,647.6776502859406,649.3971168497072,0.4160491307674507,-0.009256618465926424,-0.9092950213226866,599.9250202796371,24.591890217673836,24.591890217673836,900,952.9944963661034,2977.0046438180725,2024.0101474519693,149,21,0,2,,28;29,651.2202478607951,654.1533972386743,2.9331493778792037,652.5471415734253,651.2202478607951,654.1533972386743,2.9331493778792037,652.5471415734253,3,0,0,2,3.805453726788851,45.70303653658081,35,300,0,30,0,True,10,11,18,14,10,True,646.044797358033,712.2764697801146,66.2316724220816,1.0,599.9158940171042,713.8641567975121,113.94826278040796,1.0,7,0,8,0,True,3,3,True,51.01376980299323,3.805453726788851,8.537736462515939e-07,51.01376980299323,0,True,True,False,False,False,False,False,False,True,,0,0,5
050,fit_049_054,D:\Docs\linelaserscan\calibration_tool\projects\daheng\data\laser_plane_0817\fit\chess 050.tif,-0.04173684062382972,0.18021497420925348,-0.036927698052035614,-130.4661148458237,-21.23755310198691,695.171107532507,707.6265325245344,-29.845998331853295,44.60819711175977,674.196615130928,676.3296169176589,-0.17991644786134403,-0.03817215290824445,-0.9829409740830352,659.0284825186479,10.598247844979076,10.598247844979076,900,1008.0392211707756,2981.999466912801,1973.9602457420253,198,20,0,2,,28;29,667.2540384052105,673.6205527527516,6.366514347541056,670.4717816324022,667.2540384052105,673.6205527527516,6.366514347541056,670.4717816324022,4;5,3,0,2,2.885633340463031,34.98695665953354,35,300,0,30,0,True,10,11,18,14,10,True,646.044797358033,712.2764697801146,66.2316724220816,1.0,599.9158940171042,713.8641567975121,113.94826278040796,1.0,7,0,8,0,True,3,3,True,51.01376980299323,2.885633340463031,8.537736462515939e-07,51.01376980299323,0,True,True,False,False,False,False,False,False,False,,0,0,4
051,fit_049_054,D:\Docs\linelaserscan\calibration_tool\projects\daheng\data\laser_plane_0817\fit\chess 051.tif,-0.3399763821809551,0.2946159609617138,1.580233352971885,21.284693997581567,-77.85745874693738,686.770224615288,691.4970451847462,-51.27504348194327,11.453929505717483,646.044797358033,648.1776012626316,0.034529232847636177,-0.39128820328981856,-0.9196201792290007,600.3681077489186,23.12938225129666,23.12938225129666,900,485.9279681221355,2999.0274420803694,2513.099473958234,209,26,0,2,,28;29,599.9158940171042,694.1079490923382,94.19205507523407,644.3962559603204,599.9158940171042,694.1079490923382,94.19205507523407,644.3962559603204,0;1;2;3;4;5;6,0,0,1,1.6851616774943454,49.44636020433504,35,300,0,30,0,True,10,11,18,14,10,True,647.6776502859406,712.2764697801146,64.598819494174,0.9753463430984839,613.9723422627321,713.8641567975121,99.89181453478,0.8766418381233557,7,0,8,0,False,3,3,True,51.01376980299323,1.6851616774943454,8.537736462515939e-07,51.01376980299323,0,True,False,False,False,True,False,False,True,True,,0,0,3
052,fit_049_054,D:\Docs\linelaserscan\calibration_tool\projects\daheng\data\laser_plane_0817\fit\chess 052.tif,0.0030814889496931543,0.2862270922551412,0.016236254863451986,-114.12880956756025,-120.47829863107646,683.7248823963592,703.5766627896796,-19.300587196997014,-48.84251990022631,655.8694799102402,657.9687523690482,-0.2823467556854238,0.0007316913134170714,-0.9593121359504098,623.7698311470175,16.40037310235231,16.40037310235231,900,0.0273284755403917,1974.999109503259,1974.9717810277186,198,20,2,0,0;1,,653.7748417556055,654.4527779290513,0.6779361734458007,654.1458464151418,653.7748417556055,654.4527779290513,0.6779361734458007,654.1458464151418,3,1,1,0,4.665194337593403,40.99028116222759,35,300,0,30,0,True,10,10,17,15,11,True,646.044797358033,712.2764697801146,66.2316724220816,1.0,599.9158940171042,713.8641567975121,113.94826278040796,1.0,7,0,8,0,True,3,3,True,51.01376980299323,4.665194337593403,8.537736462515939e-07,51.01376980299323,0,True,True,False,False,False,False,False,False,True,,0,0,2
053,fit_049_054,D:\Docs\linelaserscan\calibration_tool\projects\daheng\data\laser_plane_0817\fit\chess 053.tif,-0.00981769974809589,-0.28874698912340324,-0.05505270876730934,-113.59847723728768,-110.08664166160067,639.8854263413199,659.1487249073406,-13.990828670733606,-45.48082772140755,668.2474635066402,669.9394908946454,0.2843337879682284,-0.017567791510971823,-0.9585643795390405,643.7372828483883,16.551436120518602,16.551436120518602,900,27.994859114441017,2000.9917218006303,1972.9968626861894,175,21,2,0,0;1,,667.7272768283715,672.0628369970088,4.3355601686373575,670.0545400839424,667.7272768283715,672.0628369970088,4.3355601686373575,670.0545400839424,4;5,2,1,0,1.062533830489295,37.65370972800388,35,300,0,30,0,True,10,10,17,15,11,True,646.044797358033,712.2764697801146,66.2316724220816,1.0,599.9158940171042,713.8641567975121,113.94826278040796,1.0,7,0,8,0,True,3,3,True,51.01376980299323,1.062533830489295,8.537736462515939e-07,51.01376980299323,0,True,True,False,False,False,False,False,False,True,,0,0,1
054,fit_049_054,D:\Docs\linelaserscan\calibration_tool\projects\daheng\data\laser_plane_0817\fit\chess 054.tif,-0.0755305690555208,-0.3631211870143488,3.116569034382075,96.98272430304095,20.944938313767032,697.0960556242381,704.1216159308548,-2.721926208978701,-46.32283458715933,676.2626834721976,677.8528092023329,0.048144106454049894,0.2296985732786494,-0.972070321760465,668.1462180374733,13.573336666124558,13.573336666124558,900,13.982304552604315,1946.983633916023,1933.0013293634188,194,20,2,0,0;1,,655.1431446163351,697.0331822882304,41.89003767189524,674.0597635748343,655.1431446163351,697.0331822882304,41.89003767189524,674.0597635748343,3;4;5;6,3,1,0,1.2123670080959406,37.89883229962347,35,300,0,30,0,True,10,10,17,15,11,True,646.044797358033,712.2764697801146,66.2316724220816,1.0,599.9158940171042,713.8641567975121,113.94826278040796,1.0,7,0,8,0,True,3,3,True,51.01376980299323,1.2123670080959406,8.537736462515939e-07,51.01376980299323,0,True,True,False,False,False,False,False,False,True,,0,1,0
