frame_id,fold,point_count,q_mae_mm,c_mae_mm,q_rmse_mm,c_rmse_mm,q_p95_mm,c_p95_mm,delta_mae_mm,delta_rmse_mm,delta_p95_mm,delta_sq_error_sum_mm2,rmse_winner,mae_winner,p95_winner
001,0,900,0.04768227251940726,0.05067120367302356,0.05975532022532354,0.06509962040603698,0.1117501173592302,0.12247604234449337,-0.0029889311536163005,-0.0053443001807134405,-0.010725924985263174,-0.6005360536012319,Quadratic,Quadratic,Quadratic
002,1,900,0.05992159816234608,0.06698479125171891,0.07025662546655985,0.07570269046635625,0.12971434664252673,0.12337579832457651,-0.007063193089372831,-0.005446064999796399,0.006338548317950221,-0.7154135297068303,Quadratic,Quadratic,Cone
003,2,900,0.0865892529770177,0.09085270872944,0.09680428823460911,0.10095076240160433,0.15550158830578198,0.15705489779474532,-0.004263455752422304,-0.00414647416699522,-0.0015533094889633448,-0.7379875879703022,Quadratic,Quadratic,Quadratic
004,3,900,0.08799348435551599,0.1041865387119738,0.11278275880256353,0.13354697312205366,0.2208519321712969,0.2604088392295352,-0.016193054356457806,-0.020764214319490132,-0.03955690705823833,-4.603359012250772,Quadratic,Quadratic,Quadratic
005,4,900,0.062367497783112215,0.05129852563943746,0.07441025991577015,0.06451441654284293,0.1374589992788628,0.12466483794933068,0.011068972143674756,0.009895843372927218,0.012794161329532108,1.237299154982121,Cone,Cone,Cone
006,5,900,0.06435233981639786,0.06736217749793591,0.08823498500297385,0.09252404499360192,0.18791168305121456,0.19747690583034225,-0.0030098376815380495,-0.004289059990628077,-0.009565222779127691,-0.6977576911527494,Quadratic,Quadratic,Quadratic
007,0,900,0.07864135415240434,0.07087541754960457,0.09503427694434509,0.08089898236186817,0.1891276175473649,0.14258514011639242,0.0077659366027997695,0.01413529458247692,0.04654247743097248,2.2381816024337606,Cone,Cone,Cone
008,1,900,0.05231229757103097,0.0545930447236489,0.06503958465865523,0.06776367576496423,0.12148155147664279,0.1258644713387184,-0.002280747152617925,-0.002724091106309001,-0.004382919862075604,-0.3255913625479372,Quadratic,Quadratic,Quadratic
009,2,900,0.07932021728171003,0.07535469618089928,0.10018564401074935,0.09236897867701437,0.1927229955729785,0.17163711824097724,0.003965521100810748,0.007816665333734985,0.021085877332001263,1.3546215396124772,Cone,Cone,Cone
010,3,900,0.07578123909173753,0.07034673006703476,0.08936618764050624,0.0826211297438932,0.15146902978643764,0.14290274859504842,0.005434509024702772,0.0067450578966130464,0.008566281191389219,1.0440579719168444,Cone,Cone,Cone
011,4,900,0.07163550313027987,0.06484004428191077,0.09424058670045052,0.08706463301111475,0.19855304797124512,0.18846760371403093,0.006795458848369101,0.007175953689335768,0.010085444257214193,1.1709340742565342,Cone,Cone,Cone
012,5,900,0.04861552669015378,0.049940110823255994,0.05982333630854909,0.061746112920250784,0.109828184759732,0.1200184733969194,-0.0013245841331022135,-0.0019227766117016973,-0.010190288637187406,-0.2103758043071342,Quadratic,Quadratic,Quadratic
013,0,900,0.06404875720296176,0.07666793481731711,0.07443919985678925,0.08817072120513808,0.12700546724569783,0.15411245779853283,-0.012619177614355354,-0.013731521348348832,-0.027106990552834997,-2.0095934422636565,Quadratic,Quadratic,Quadratic
014,1,900,0.07581435877914636,0.0634622135969108,0.09322483079756708,0.0756912562069724,0.18017680671958916,0.1353672544163544,0.012352145182235555,0.01753357459059468,0.04480955230323477,2.6655325299409256,Cone,Cone,Cone
015,2,900,0.0833853718007185,0.0738574812810663,0.1012185996986721,0.08986643420364117,0.17178331892708906,0.15293755974578285,0.009527890519652207,0.01135216549503093,0.01884575918130621,1.9523060356343924,Cone,Cone,Cone
016,3,900,0.045551965115726116,0.03957982131249128,0.06223038326028252,0.055959308562813455,0.12088398770334825,0.10986757033394941,0.005972143803234839,0.006271074697469063,0.011016417369398845,0.667058747304135,Cone,Cone,Cone
017,4,900,0.07304490365443406,0.07274055929194266,0.08621356076980435,0.08475140498882677,0.15689102207618358,0.13816185584489055,0.00030434436249139607,0.001462155780977581,0.018729166231293032,0.2249796717257544,Cone,Cone,Cone
018,5,900,0.08204125547985423,0.08134669840872596,0.10198282882380087,0.10541393005971061,0.1891535626521942,0.20519777175090895,0.0006945570711282684,-0.003431101235909742,-0.016044209098714735,-0.6404393481560007,Quadratic,Cone,Quadratic
025,0,900,0.08430316478142633,0.09513220178219838,0.10648085460485249,0.12730345423271572,0.22433739862631222,0.289881142372036,-0.010829037000772049,-0.02082259962786323,-0.06554374374572378,-4.38119735598127,Quadratic,Quadratic,Quadratic
026,1,900,0.06083630353367017,0.0676877519572124,0.07836693821180352,0.08769457356918298,0.1559767874039152,0.1772714180898901,-0.006851448423542225,-0.00932763535737946,-0.021294630685974897,-1.3940651059093945,Quadratic,Quadratic,Quadratic
027,2,900,0.24134896534955158,0.24764957620455624,0.3054249221627577,0.31335812677343655,0.5248416567356287,0.5402005494186483,-0.0063006108550046624,-0.007933204610678868,-0.015358892683019598,-4.418039283147493,Quadratic,Quadratic,Quadratic
028,3,900,0.06244494563965187,0.08047658640749177,0.0798718912865418,0.09558461070623706,0.159062457097616,0.17322175084172492,-0.018031640767839897,-0.01571271941969525,-0.01415929374410893,-2.4812089075563604,Quadratic,Quadratic,Quadratic
029,4,900,0.05198755412263882,0.05319340073462774,0.0715916124868225,0.07304374018658008,0.1571080471981644,0.1654197850773584,-0.0012058466119889213,-0.0014521276997575827,-0.008311737879194009,-0.18902610178312784,Quadratic,Quadratic,Quadratic
030,5,900,0.04512510532169859,0.04518837114748302,0.07107773893729301,0.06775135577438621,0.13692027721324954,0.12900630241180686,-6.32658257844268e-05,0.0033263831629068014,0.00791397480144268,0.41561888685347004,Cone,Quadratic,Cone
031,0,900,0.0506661244862847,0.05488062313847632,0.06933365328846039,0.06852117080798985,0.14727021892773556,0.12864196341421344,-0.004214498652191617,0.0008124824804705416,0.018628255513522124,0.10080416648404089,Cone,Quadratic,Cone
032,1,900,0.06341460724127838,0.05758091348957371,0.08543047890771754,0.07830390706002101,0.17669772390045752,0.1672892927998531,0.005833693751704672,0.007126571847696536,0.009408431100604409,1.0501783789838077,Cone,Cone,Cone
033,2,900,0.04022352138446228,0.039900372514928555,0.05748777109054326,0.05652231806428248,0.14259280505694386,0.1361837787975843,0.00032314886953372507,0.0009654530262607833,0.006409026259359546,0.09906424703890959,Cone,Cone,Cone
034,3,900,0.046003861064758365,0.04386843439954894,0.056552796064671715,0.05495183389559015,0.10748455331063263,0.10759560849173784,0.002135426665209425,0.0016009621690815656,-0.00011105518110521295,0.16066322481943596,Cone,Cone,Quadratic
035,4,900,0.11803702970382723,0.11523988158026843,0.13804286433003984,0.136337787713783,0.25627308037321656,0.2502320480523451,0.0027971481235588014,0.001705076616256851,0.006041032320871442,0.42105603037790473,Cone,Cone,Cone
036,5,900,0.07526263167314681,0.08731571697046847,0.09711844751575502,0.11683020851187587,0.1929213975160905,0.22831246580566916,-0.012053085297321658,-0.019711760996120847,-0.035391068289578664,-3.795574295752136,Quadratic,Quadratic,Quadratic
049,0,900,0.061820230973640644,0.04405549778877352,0.06815285271556909,0.053145968654334894,0.11326466214455308,0.10198126166829974,0.017764733184867126,0.015006884061234196,0.011283400476253341,1.6382856141562563,Cone,Cone,Cone
050,1,900,0.057701901014686884,0.058033679011208206,0.07127932060295357,0.06659293416292629,0.15079981395800238,0.12367038569768729,-0.00033177799652132217,0.004686386440027279,0.027129428260315086,0.5815103986717256,Cone,Quadratic,Cone
051,2,900,0.07440973243487163,0.06309999531594884,0.09068024007788347,0.08238592473308537,0.16154484354520945,0.1495190555143265,0.011309737118922789,0.008294315344798103,0.012025788030882945,1.2919188118112777,Cone,Cone,Cone
052,3,900,0.07577968331993547,0.08677595905342018,0.09838833768961583,0.11409736562982521,0.20699996046079147,0.24293478791461773,-0.010996275733484717,-0.015709027940209383,-0.03593482745382626,-3.004149465306126,Quadratic,Quadratic,Quadratic
053,4,900,0.06663843373344341,0.06962838912559059,0.09027764896455427,0.09507946449186261,0.18956886048256363,0.19965194922564247,-0.0029899553921471783,-0.004801815527308337,-0.010083088743078839,-0.801045598942868,Quadratic,Quadratic,Quadratic
054,5,900,0.07372947385765084,0.07053827367392775,0.09723372625259574,0.09117647555114843,0.18849262103041717,0.1763914863049478,0.0031912001837230974,0.006057250701447317,0.012101134725469365,1.0271230443320052,Cone,Cone,Cone
