frame_id,split,pnp_success,corner_count,detection_method,pnp_reprojection_rmse_px,board_plane_nx,board_plane_ny,board_plane_nz,board_plane_d_mm,board_center_xc_mm,board_center_yc_mm,board_center_zc_mm,board_center_distance_mm,board_tilt_deg,laser_point_count,valid_ray_plane_count,u_min_px,u_max_px,u_span_px,v_min_px,v_max_px,v_span_px,lambda_truth_min_mm,lambda_truth_max_mm,lambda_truth_span_mm,Zc_truth_min_mm,Zc_truth_max_mm,Zc_truth_span_mm,existing_ray_max_abs_delta,existing_point_max_abs_delta_mm,error_message
001,fit,true,88,classic+cornerSubPix,0.15676544616,0.0439360375246,-0.416158918217,-0.908229805388,614.480707689,-30.6030450175,22.7398164044,664.669613547,665.762225414,24.7381413544,822,822,1836.55900526,2061.13973665,224.580731387,1087.02766573,2507.92847903,1420.9008133,636.068188896,694.963194591,58.8950056951,636.068188896,694.963194591,58.8950056951,0,0.131655801927,
002,fit,true,88,classic+cornerSubPix,0.136185670615,0.358404307078,0.0132035054341,-0.933473095548,636.899344589,-47.0174295494,28.1546912699,664.636012445,666.89156117,21.0171533569,890,890,2001.62794356,2009.9004634,8.27251983246,1093.03182863,2599.01273777,1505.98090915,679.582474318,681.277924525,1.69545020737,679.582474318,681.277924525,1.69545020737,0,0.095845341734,
003,fit,true,88,SB,0.139706812323,0.0219796965773,0.323975621273,-0.945810070658,628.619565752,-18.925166732,-0.505792696635,664.023096507,664.29292519,18.9486337672,900,900,1839.02246894,2054.78120005,215.758731111,405.003495761,2511.01402277,2106.01052701,631.549191099,697.081509647,65.5323185475,631.549191099,697.081509647,65.5323185475,0,0.00181270122903,
004,fit,true,88,SB,0.0928935047474,0.049731546368,-0.0217998976263,-0.998524680596,649.426554317,-51.2625864667,-39.0206063988,648.684849191,651.876133989,3.11267706367,900,900,1889.48690519,1919.93736467,30.4504594838,273.986869336,1850.50049806,1576.51362873,648.939170288,652.123157331,3.1839870433,648.939170288,652.123157331,3.1839870433,0,0.00701093404678,
005,fit,true,88,SB,0.0942130658113,0.0406524867539,-0.0296380211045,-0.998733679729,650.367423039,45.6187508077,5.49807487018,652.885749101,654.500649833,2.88373434584,900,900,1878.29944075,1922.9956079,44.6961671503,475.999951423,2731.97787458,2255.97792316,647.311657442,653.394996581,6.08333913912,647.311657442,653.394996581,6.08333913912,0,0.0354473629887,
006,fit,true,88,classic+cornerSubPix,0.0889700151137,0.0432693071889,-0.00801633406651,-0.999031283516,702.830227665,-11.8116110728,4.9670907794,702.960298808,703.077071057,2.52215074694,900,900,2075.60257886,2094.29838346,18.6958045985,850.020130313,2315.03171307,1465.01158276,702.918437417,704.121234673,1.20279725581,702.918437417,704.121234673,1.20279725581,0,0.027522456542,
007,fit,true,88,SB,0.108611648241,0.0445473696427,-0.00741567282738,-0.998979749372,702.900732733,67.999482767,-44.1116939908,706.978343817,711.60954872,2.58837976931,900,900,2081.36500515,2102.07484594,20.7098407837,328.000358758,1781.0239797,1453.02362095,703.475608052,704.598801793,1.12319374065,703.475608052,704.598801793,1.12319374065,0,0.0249445721528,
008,fit,true,88,SB,0.0927701995256,0.0701193245478,-0.0383797276439,-0.996800018475,705.482402347,-32.3494331417,5.62496847228,705.255000158,706.018938374,4.58487230985,900,900,2082.25711717,2121.8813482,39.6242310243,552.47037605,2287.9390935,1735.46871745,704.962458834,711.670354867,6.70789603228,704.962458834,711.670354867,6.70789603228,0,0.0116700759241,
009,fit,true,88,SB,0.0745450976022,0.0486973545626,0.0454498632069,-0.997778972315,706.417541471,-44.7900604248,-40.7508778217,703.947749636,706.547392447,3.81939900594,900,900,2096.64019164,2100.32060353,3.68041188662,361.98543567,1816.0065016,1454.02106593,703.096044291,709.466461135,6.37041684474,703.096044291,709.466461135,6.37041684474,0,0.0189221159874,
010,fit,true,88,SB,0.104501100454,-0.127689599398,-0.0129590368751,-0.991729514318,679.927666806,43.1575281816,-32.8713958048,680.470704168,682.629826576,7.37399622689,900,900,2021.96159951,2043.9633081,22.0017085919,406.999991419,1900.00062285,1493.00063143,685.705041163,687.265454415,1.56041325211,685.705041163,687.265454415,1.56041325211,0,0.0178444491612,
011,fit,true,88,SB,0.105061537341,0.0339366989738,0.214683077077,-0.976093989777,669.687276777,6.14041777303,-33.4020833415,678.9559276,679.80479222,12.5533658278,900,900,1961.24416178,2048.24960063,87.0054388556,390.101919383,1874.99604259,1484.8941232,663.445552924,693.543890765,30.0983378415,663.445552924,693.543890765,30.0983378415,0,0.00690625441541,
012,fit,true,88,SB,0.0873102734066,0.0438529082109,-0.0652099732007,-0.996907509169,705.877968446,-7.94993182166,39.04717394,705.163788199,706.288787534,4.50716881817,900,900,2066.98499126,2109.0446397,42.0596484419,1194.45217863,2651.00006665,1456.54788802,700.941660034,710.239639304,9.29797926955,700.941660034,710.239639304,9.29797926955,0,0.00983289084229,
013,fit,true,88,SB,0.0890163528644,0.045333292332,-0.00903722995274,-0.998931039202,711.61786686,0.00242568047594,11.2016654022,712.278142209,712.366218446,2.64945906628,900,900,2100.97695285,2126.84024525,25.8632923957,598.979587134,2640.99985526,2042.02026813,711.525267519,713.431952729,1.90668521056,711.525267519,713.431952729,1.90668521056,0,0.0109223182012,
014,fit,true,88,SB,0.0928017326066,0.0455340282558,-0.00818305076198,-0.998929271746,711.653678322,-64.3522363589,-47.8921247418,709.875449161,714.393462497,2.65164890497,900,900,2109.37254886,2131.67127397,22.2987251117,270.976584613,1711.58173305,1440.60514844,712.431395422,713.677891157,1.24649573525,712.431395422,713.677891157,1.24649573525,0,0.00499401022091,
015,fit,true,88,SB,0.106364933994,0.199876481971,-0.143542737546,-0.969249645062,655.283057288,-49.6090760737,-45.8972126487,672.63948412,676.026249605,14.2456384184,900,900,1972.40841041,2067.94940902,95.5409986091,241.997693497,1731.56066812,1489.56297463,671.265368485,693.811412445,22.5460439605,671.265368485,693.811412445,22.5460439605,0,0.00550809225922,
016,fit,true,88,SB,0.113312421635,0.0391243217221,-0.305553946207,-0.951370628833,637.390117994,-34.1819896162,0.630252827138,668.36222953,669.2360387,17.9416680431,900,900,1845.0678416,2087.5415479,242.473706295,514.471948084,2610.00094845,2095.52900037,638.500150582,700.614855319,62.1147047365,638.500150582,700.614855319,62.1147047365,0,0.0393491238642,
017,fit,true,88,SB,0.113693609873,0.0295150415493,-0.292269475035,-0.955880440372,629.5852041,13.2297688055,-39.159281617,671.02612091,672.297948133,17.0829562855,890,890,1890.05421513,2055.91493038,165.860715253,395.997127614,1857.01246983,1461.01534221,648.848952821,690.712350857,41.8633980359,648.848952821,690.712350857,41.8633980359,0,0.0341477426027,
018,fit,true,88,SB,0.0885718717681,0.0438423221085,0.0296653727023,-0.998597925321,706.436176502,51.6748911667,-18.2935326346,709.153325183,711.268856574,3.03440789191,900,900,2096.12095566,2101.26823139,5.14727573336,299.992577538,2373.90440441,2073.91182687,704.104923598,710.018303395,5.91337979735,704.104923598,710.018303395,5.91337979735,0,0.00701467854753,
019,validation,true,88,SB,0.119599442805,0.0462803573099,0.0606207547968,-0.997087384643,705.646321148,-3.95038817263,-46.2643361652,704.711470244,706.239513664,4.37405928553,900,900,2090.05306204,2100.57907403,10.5260119929,296.002612047,1753.97005536,1457.96744331,700.737379917,709.259140847,8.52176093045,700.737379917,709.259140847,8.52176093045,0,0.0108640007387,
020,validation,true,88,SB,0.0993805450907,0.0451899791528,-0.00859231576971,-0.998941458692,711.616120809,-62.4748319425,14.7404167959,709.417177528,712.315320827,2.63651260944,900,900,2100.96766229,2120.47630265,19.5086403578,1006.99103154,2667.9986814,1661.00764986,711.541801164,713.012174672,1.47037350826,711.541801164,713.012174672,1.47037350826,0,0.00734937224183,
021,validation,true,88,classic+cornerSubPix,0.128984197172,-0.215339308232,-0.00981879143325,-0.97648992502,660.301690547,3.5365102283,4.30399593371,675.376021754,675.398994703,12.4485619996,900,900,1989.30903992,2008.22664017,18.9176002529,803.00941024,2316.97711753,1513.96770729,677.096441672,678.11952042,1.02307874826,677.096441672,678.11952042,1.02307874826,0,0.0701333174807,
022,validation,true,88,SB,0.159017726432,0.409904299273,-0.0173342754094,-0.911963808675,616.126362198,-36.5254808771,-9.00299090252,659.35782227,660.430088948,24.2218381582,900,900,1959.93933926,2001.06714343,41.127804173,359.000452563,2496.99924041,2137.99878785,669.38051949,674.76548269,5.38496320033,669.38051949,674.76548269,5.38496320033,0,0.00314367149883,
023,validation,true,88,SB,0.0952573033552,0.0454158921863,-0.00830211454888,-0.998933667283,711.648921525,-50.306419737,-45.0139434168,710.495546151,713.695251539,2.64619958433,900,900,2110.13659808,2131.00472823,20.8681301509,322.999805728,1760.99852405,1437.99871832,712.384304491,713.638491046,1.25418655411,712.384304491,713.638491046,1.25418655411,0,0.0195089960455,
024,validation,true,88,SB,0.0993109405382,0.0440676750277,-0.0103000274893,-0.998975449874,669.744318233,11.0103900103,-9.60287474773,671.015919841,671.174946323,2.59382888581,900,900,1962.91776928,1988.05845508,25.140685797,420.997228954,2157.0048542,1736.00762525,669.394260161,671.128662884,1.73440272315,669.394260161,671.128662884,1.73440272315,0,0.0124204069624,
