task_id,pose_id,role,index,filename,sha256,camera_frame_number,camera_frame_gap,camera_timestamp_ticks,transport_warnings,host_timestamp_ns,host_monotonic_ns,exposure_us,gain_db,pixel_format,offset_x,offset_y,width,height,quality_passed,quality_warnings,mean_dn,p01_dn,p50_dn,p99_dn,dynamic_range_u8,saturation_fraction,dark_fraction,focus_laplacian,laser_coverage,chessboard_detected
fit_001_01_chess,001,chess,1,fit/chess 001.tif,c93ac8d198eb2dc296189212fb23f1ce6bccd6c9d5f32055541a2ab97a342669,80,,2467119738350,,1786582594669705500,44552792033300,100000.0,0.0,Mono8,0,0,4096,3000,True,,48.43700408935547,5.0,38.0,106.0,101.0,2.2786458333333335e-06,0.013384602864583333,38.729477616667566,,True
fit_001_03_laser,001,laser,1,fit/laser 001.tif,a15612cb7ebad0e5c9e3f2a3db5549dc49b5c773a9581f768271ac2c6184aa3e,338,,2479116786350,,1786582606671964000,44564793505200,280.0,0.0,Mono8,0,0,4096,3000,False,dynamic_range_low,0.09110213071107864,0.0,0.0,1.0,8.0,1.3020833333333333e-06,0.99863232421875,8.508478108588529,0.726,
fit_002_01_chess,002,chess,1,fit/chess 002.tif,87957a5372df047840435d1c31e34db694e888ceed02ade661e5368a226853c6,510,,2495635820350,,1786582623186282700,44581308027000,100000.0,0.0,Mono8,0,0,4096,3000,True,,50.58386993408203,5.0,39.0,118.0,113.0,3.271484375e-05,0.013057047526041667,42.09010082653918,,True
fit_002_03_laser,002,laser,1,fit/laser 002.tif,7b250b20ecee14b91fd90c075f4b512129a4c89df229449c2e456c8d13abfe5b,707,,2504349672350,,1786582631899443900,44590021890400,280.0,0.0,Mono8,0,0,4096,3000,False,dynamic_range_low,0.09601562470197678,0.0,0.0,1.0,9.0,2.0345052083333333e-06,0.9985572102864584,9.289192220036822,0.781,
fit_003_01_chess,003,chess,1,fit/chess 003.tif,ce51265cb7599741448680242d9d00dfe85ae72c06012d527f41b1eab678f6bb,1146,,2547552678350,,1786582675102234100,44633224564500,100000.0,0.0,Mono8,0,0,4096,3000,True,,49.3265266418457,6.0,36.0,118.0,112.0,3.914388020833333e-05,0.004012776692708333,41.13771971614821,,True
fit_003_03_laser,003,laser,1,fit/laser 003.tif,0de98014a96e8433d407f5f15abae3904e30a72c8d30a97da075d1ddd32afd04,1239,,2551964386350,,1786582679516726500,44637638819900,280.0,0.0,Mono8,0,0,4096,3000,False,dynamic_range_low,0.08484700322151184,0.0,0.0,1.0,8.0,1.6276041666666668e-06,0.9986995442708333,8.330035644494984,0.7656666666666667,
fit_004_01_chess,004,chess,1,fit/chess 004.tif,60dc5307c980580e2078b50a5d0262a4180adaebb46fd68893b21b8e7c772cf7,1763,,2603738332350,,1786582731287666900,44689409786800,100000.0,0.0,Mono8,0,0,4096,3000,True,,51.821693420410156,5.0,41.0,118.0,113.0,6.502278645833333e-05,0.014362630208333333,39.24312792660712,,True
fit_004_03_laser,004,laser,1,fit/laser 004.tif,4c13d78927f353bc40a6ec2477a7dedcd83244295e5ed5baf993e9324f2d677e,1948,,2612057832350,,1786582739613560100,44697735523500,280.0,0.0,Mono8,0,0,4096,3000,False,dynamic_range_low,0.09135579317808151,0.0,0.0,1.0,9.0,4.069010416666667e-06,0.998652587890625,8.952046630848224,0.7783333333333333,
fit_005_01_chess,005,chess,1,fit/chess 005.tif,c27f451bf7c9a4fc730b11e90a38a04c0ca097752bc904b56b9738c2ccba4bab,2311,,2647648982350,,1786582775197219700,44733319563900,100000.0,0.0,Mono8,0,0,4096,3000,True,,53.02214431762695,6.0,42.0,122.0,116.0,0.0,0.007266276041666667,46.58293537727817,,True
fit_005_03_laser,005,laser,1,fit/laser 005.tif,e847c6a807eb1b50721ea8a3fd743a21fa877dcc2983379f0fd69159e8537e6f,2451,,2653941702350,,1786582781496577800,44739618731300,280.0,0.0,Mono8,0,0,4096,3000,True,,0.1389939785003662,0.0,0.0,1.0,21.0,4.8828125e-06,0.9980896809895833,16.39849886040685,0.9976666666666667,
fit_006_01_chess,006,chess,1,fit/chess 006.tif,5a232872ef9ba04dbed62aeb8939770dd75d206e403f4a881ce88c92ba5f13ec,2776,,2685784604350,,1786582813333427300,44771455158500,100000.0,0.0,Mono8,0,0,4096,3000,True,,54.34768295288086,5.0,47.0,124.0,119.0,0.00017594401041666667,0.020303059895833333,48.78400683310489,,True
fit_006_03_laser,006,laser,1,fit/laser 006.tif,bd42c12248355cc7473547d13106da5ca68c4b686c76ff0e20b568815caec0ad,2878,,2690463236350,,1786582818011870100,44776134165400,280.0,0.0,Mono8,0,0,4096,3000,False,dynamic_range_low;laser_peak_saturated,0.0974409207701683,0.0,0.0,1.0,11.0,4.39453125e-06,0.9984700520833333,10.444953124998303,0.83,
fit_007_01_chess,007,chess,1,fit/chess 007.tif,27c09a23474f7e4e859011e8ebe6bf3cc524c0148937b48b071138f081c8caf4,3078,,2709728958350,,1786582837277104300,44795398829400,100000.0,0.0,Mono8,0,0,4096,3000,True,,54.37290573120117,5.0,48.0,124.0,119.0,0.00015388997395833333,0.018511474609375,41.851613764332384,,True
fit_007_03_laser,007,laser,1,fit/laser 007.tif,c6caefdbce1a97f4e432cf4245089219532f63ecaa834c636137d68ca2a90ce2,3197,,2715187362350,,1786582842741912800,44800864289400,280.0,0.0,Mono8,0,0,4096,3000,False,dynamic_range_low,0.08833187073469162,0.0,0.0,1.0,11.0,2.3600260416666668e-06,0.99849951171875,7.597056640624759,0.8306666666666667,
fit_008_01_chess,008,chess,1,fit/chess 008.tif,8bdad2bc06df152d3517826148db487c9ca08b0d807b86060d787659090ed2a6,3551,,2749646388350,,1786582877194673000,44835316325400,100000.0,0.0,Mono8,0,0,4096,3000,True,,55.994468688964844,6.0,46.0,128.0,122.0,3.125e-05,0.005665771484375,44.95463183163515,,True
fit_008_03_laser,008,laser,1,fit/laser 008.tif,c5e8ba5c9b393bcedaa4eca41cbceab8c5aa28129b16c5f3025af45694f7d8a8,4237,,2779188684350,,1786582906736296000,44864858224400,280.0,0.0,Mono8,0,0,4096,3000,False,dynamic_range_low,0.10217048972845078,0.0,0.0,1.0,9.0,2.685546875e-06,0.9985843912760417,9.87620882160175,0.766,
fit_009_01_chess,009,chess,1,fit/chess 009.tif,44ddcd6de43aae7934dc8ea2a76d1c73d62f4bdc5929603f976f363f6ea8ba81,4455,,2800084174350,,1786582927631215400,44885753379000,100000.0,0.0,Mono8,0,0,4096,3000,True,,59.14927673339844,6.0,51.0,134.0,128.0,0.00013818359375,0.006529459635416667,46.46239314004728,,True
fit_009_03_laser,009,laser,1,fit/laser 009.tif,bdbe4f25208fdf45ec54b9214dda6078c804bf5c69c2b3bf30c678afc564d16d,4562,,2805032866350,,1786582932580703600,44890702602500,280.0,0.0,Mono8,0,0,4096,3000,False,dynamic_range_low,0.10264664888381958,0.0,0.0,1.0,9.0,2.3600260416666668e-06,0.9985786946614583,10.15107893876582,0.788,
fit_010_01_chess,010,chess,1,fit/chess 010.tif,df387b5d4bb2a30341e1c9e4e739cf2efcb6df00f9cbe1bbc734fd94b0dd2b84,4718,,2819834044350,,1786582947381316100,44905503306400,100000.0,0.0,Mono8,0,0,4096,3000,True,,59.765464782714844,6.0,50.0,137.0,131.0,0.00015608723958333333,0.0063219401041666665,50.34220043563791,,True
fit_010_03_laser,010,laser,1,fit/laser 010.tif,371631204c15e32b7c969bc40aede03d425c65dfabcf090de94ab4ae7fb8e6de,4824,,2824855620350,,1786582952404152600,44910526512300,280.0,0.0,Mono8,0,0,4096,3000,False,dynamic_range_low;laser_peak_saturated,0.09430696815252304,0.0,0.0,1.0,8.0,4.475911458333333e-06,0.9986454264322917,8.986897298176844,0.7443333333333333,
validation_011_01_chess,011,chess,1,validation/chess 011.tif,fa08a30e97fa69d5678dc10c0de2087eeea6a020709350cfc70b372800d49fd7,5069,,2848397642350,,1786582975944707000,44934066315700,100000.0,0.0,Mono8,0,0,4096,3000,True,,60.34196853637695,6.0,50.0,142.0,136.0,6.534830729166667e-05,0.0016822102864583334,49.110096305157,,True
validation_011_03_laser,011,laser,1,validation/laser 011.tif,b8e767a2e26234be345c5d08a3fe3ee99a187ebdc5119bee44549e39ed4211d1,5188,,2853856046350,,1786582981403588000,44939525514700,280.0,0.0,Mono8,0,0,4096,3000,False,dynamic_range_low,0.09790258854627609,0.0,0.0,1.0,8.0,2.685546875e-06,0.9986827799479167,9.834529296860977,0.7686666666666667,
validation_012_01_chess,012,chess,1,validation/chess 012.tif,3b67130e2f681e4fc4233073f80c186e4ba6533c972f53ae57d2fb1e59ed6f24,5387,,2872906252350,,1786583000453180400,44958575170700,100000.0,0.0,Mono8,0,0,4096,3000,True,,62.2147331237793,6.0,52.0,143.0,137.0,1.708984375e-06,0.0013111979166666667,58.62613858190303,,True
validation_012_03_laser,012,laser,1,validation/laser 012.tif,e5ad08fbc9e4766c85153fb1db374ed679809b70ed0e68b537e6090bbcc1125a,5492,,2877827672350,,1786583005376019700,44963497513900,280.0,0.0,Mono8,0,0,4096,3000,False,dynamic_range_low;laser_peak_saturated,0.13256461918354034,0.0,0.0,1.0,16.0,6.184895833333333e-06,0.9982642415364583,15.193453369138231,0.9356666666666666,
validation_013_01_chess,013,chess,1,validation/chess 013.tif,5f2346dd30268b6f3c5cf7e578010f70cc0d61cc4ec3bd487ed11f8def2a33fa,5715,,2899339302350,,1786583026887821600,44985010037500,100000.0,0.0,Mono8,0,0,4096,3000,True,,63.1495361328125,6.0,55.0,146.0,140.0,7.4462890625e-05,0.0018023274739583334,51.65479970729326,,True
validation_013_03_laser,013,laser,1,validation/laser 013.tif,c2216790b95af92b6cbc00a4572e944bea551509ece80f5367efb2ff478ed97e,5851,,2905519798350,,1786583033066866300,44991188895900,280.0,0.0,Mono8,0,0,4096,3000,False,dynamic_range_low,0.1028439924120903,0.0,0.0,1.0,9.0,3.0110677083333333e-06,0.9985917154947916,10.299820475238134,0.772,
