row_type,frame_id,is_frame027,bootstrap_success_count,loo_success_count,pnp_rmse_px,board_tilt_deg,cone_bias_mm,cone_rmse_mm,cone_p95_abs_mm,a_frame_mm,k_frame_mm_per_normalized_stripe,sensor_u_min_px,sensor_u_max_px,sensor_v_min_px,sensor_v_max_px,lambda_truth_min_mm,lambda_truth_max_mm,bootstrap_bias_median_mm,bootstrap_bias_p95_mm,bootstrap_bias_max_mm,bootstrap_rmse_median_mm,bootstrap_rmse_p95_mm,bootstrap_rmse_max_mm,bootstrap_p95_abs_median_mm,bootstrap_p95_abs_p95_mm,bootstrap_p95_abs_max_mm,bootstrap_max_abs_median_mm,bootstrap_max_abs_p95_mm,bootstrap_max_abs_max_mm,bootstrap_top_p95_abs_median_mm,bootstrap_top_p95_abs_p95_mm,bootstrap_middle_p95_abs_median_mm,bootstrap_middle_p95_abs_p95_mm,bootstrap_bottom_p95_abs_median_mm,bootstrap_bottom_p95_abs_p95_mm,bootstrap_left_p95_abs_median_mm,bootstrap_left_p95_abs_p95_mm,bootstrap_center_u_p95_abs_median_mm,bootstrap_center_u_p95_abs_p95_mm,bootstrap_right_p95_abs_median_mm,bootstrap_right_p95_abs_p95_mm,loo_bias_median_mm,loo_bias_p95_mm,loo_bias_max_mm,loo_rmse_median_mm,loo_rmse_p95_mm,loo_rmse_max_mm,loo_p95_abs_median_mm,loo_p95_abs_p95_mm,loo_p95_abs_max_mm,loo_max_abs_median_mm,loo_max_abs_p95_mm,loo_max_abs_max_mm,loo_top_p95_abs_median_mm,loo_top_p95_abs_p95_mm,loo_middle_p95_abs_median_mm,loo_middle_p95_abs_p95_mm,loo_bottom_p95_abs_median_mm,loo_bottom_p95_abs_p95_mm,loo_left_p95_abs_median_mm,loo_left_p95_abs_p95_mm,loo_center_u_p95_abs_median_mm,loo_center_u_p95_abs_p95_mm,loo_right_p95_abs_median_mm,loo_right_p95_abs_p95_mm,bootstrap_p95_abs_to_cone_rmse_ratio,bootstrap_v_edge_to_middle_ratio,bootstrap_u_edge_to_center_ratio,verdict,bootstrap_requested_count,typical_intrinsics_p95_delta_lambda_mm,worst_intrinsics_p95_delta_lambda_mm,typical_intrinsics_to_cone_rmse_ratio,worst_intrinsics_to_cone_rmse_ratio,edge_to_middle_ratio_median,edge_to_middle_ratio_max
frame,001,False,500,18,0.16329053695098955,24.765800458073528,0.014381148136257476,0.07687830320110613,0.1378491128957762,0.014381148136257467,-0.13242324586294638,1836.5590052597033,2061.1397366470346,1087.0276657267011,2507.928479030282,636.117874180793,695.0948503932443,0.03862090422385597,0.8763469979078954,2.3833144483932047,0.31119862605333815,1.0539107219502164,3.140763278453777,0.3279352399006399,1.070110323915775,3.2068838141733353,0.3348470555819745,1.0735039043460517,3.210847192858637,nan,nan,0.3244908513958762,1.0659718124504876,0.3225825176908302,1.0505340750633312,nan,nan,0.3279352399006399,1.070110323915775,nan,nan,-0.003909093744020068,0.24315546138604313,0.38303996246512556,0.03419096577372287,0.3169338785889607,0.3830699113800165,0.036280595313684216,0.3295561237269034,0.39002113598689336,0.03708482762135645,0.33069735128019023,0.39256226914176295,nan,nan,0.03578693941741449,0.32007968431691425,0.03478970206223266,0.32873176390328,nan,nan,0.036280595313684216,0.3295561237269034,nan,nan,13.919536193670547,nan,nan,,,,,,,,
frame,002,False,500,18,0.14798432041035417,21.009646411780004,0.04530581783363275,0.06523519074227296,0.09135883624990128,0.045305817833632786,0.028190632337988984,2001.6279435634165,2009.9004633958773,1093.0318286279864,2599.0127377736176,679.6783196595146,681.3272654481854,0.03875543867347583,0.900806971087919,2.3410881070103327,0.320788682532695,1.0514349173686721,3.12213146169702,0.339466080050866,1.0766911301268465,3.225838137361683,0.34181941907053215,1.0780414353423509,3.232571514109736,nan,nan,0.330366921845075,1.0578469064344744,0.33869813485238187,1.0774401139893064,nan,nan,0.339466080050866,1.0766911301268465,nan,nan,-0.007130031951841415,0.25140642289363757,0.383666249179196,0.039265136454660336,0.32326078459997726,0.38366711618076643,0.0412910558762178,0.3398928671463113,0.38476220430246144,0.041672503187555776,0.34097823627764673,0.3848492367671952,nan,nan,0.03997471206325827,0.3259405124880674,0.040601926796648515,0.34029672135233674,nan,nan,0.0412910558762178,0.3398928671463113,nan,nan,16.504759438514853,nan,nan,,,,,,,,
frame,003,False,500,18,0.15082336512204414,18.94863131526217,0.061619534974514,0.08537311120689597,0.13326322693397968,0.06161953497451402,0.06431824759273524,1839.0224689361003,2054.781200047176,405.0034957607737,2511.0140227719253,631.5503788651798,697.0833223478852,0.03535201367915963,0.867526561836223,2.3518709609736197,0.30800346534868983,1.0333303372423166,3.107624934056003,0.33867577983481,1.051401442235214,3.230298204135096,0.344770331180257,1.0773704960564088,3.26713973437154,0.31183713665794244,1.0022523673312704,0.32051843465752083,1.0419870683768941,0.32905644784059407,1.0551576271796481,nan,nan,0.33867577983481,1.051401442235214,nan,nan,-0.006317870797933426,0.23817003886786736,0.37830288199070905,0.032557774408227644,0.3075250630397579,0.3783053371342555,0.03490985583581789,0.330003064889131,0.3800588943503726,0.036961490780981876,0.3368819269352741,0.3802957525280135,0.033203629911042754,0.2917570768913761,0.03343547608980657,0.3193998553549891,0.03532050852265058,0.33138090344430843,nan,nan,0.03490985583581789,0.330003064889131,nan,nan,12.31536987901511,1.0126398486146952,nan,,,,,,,,
frame,004,False,500,18,0.10089911315776134,3.1231462100848577,0.029837974835339513,0.12070602844202004,0.23303750909452098,0.029837974835339533,-0.13823220350221083,1889.486905186789,1919.9373646705894,273.9868693364702,1850.5004980636832,648.9385725758053,652.130168265232,0.03619699962921023,0.8802570333069288,2.3770325557206853,0.3117094044682964,1.018100369896504,3.045970590195174,0.32872000745766455,1.0466280704145157,3.0834093388828534,0.3312323617385573,1.0475667889990348,3.086485312324612,0.3166110406533107,1.022128671927846,0.3181368144949744,1.0473532277205462,nan,nan,nan,nan,0.32872000745766455,1.0466280704145157,nan,nan,-0.007570388722447901,0.244356441512623,0.3804058239424027,0.03473513063674318,0.2988384843207173,0.380409364740089,0.035772821096836084,0.3120404938820302,0.38289134862870355,0.03624755917667244,0.31312716643828925,0.38312225756078533,0.03598053070456615,0.29712111309814804,0.03470442110468639,0.31216947096052955,nan,nan,nan,nan,0.035772821096836084,0.3120404938820302,nan,nan,8.670884825916158,0.9759159038946214,nan,,,,,,,,
frame,005,False,500,18,0.1029680148290363,2.878183093024264,0.03923327173369418,0.06329194073461111,0.1277541344245378,0.03923327173369418,-0.0015000053398215724,1878.2994407469826,1922.9956078972973,475.9999514232307,2731.977874579812,647.3471048048373,653.4274294155333,0.02783013020424524,0.907416279698468,2.3927132538625244,0.31796379381706724,1.0467757606803074,3.069563041800232,0.3451173640501253,1.074358507529621,3.134559281872339,0.35047815481118505,1.0857193756250403,3.1486354216370955,0.322561378941586,1.030669889918531,0.3318531311348124,1.0647307472006105,0.335851093103372,1.0820605770768446,nan,nan,0.3451173640501253,1.074358507529621,nan,nan,-0.008851309746328234,0.2533494506776617,0.38641387377155223,0.04233566195230952,0.30942386490488105,0.38641397564505264,0.043701529016314564,0.3289023061255073,0.3868269227821372,0.043993507786240116,0.33317008175376933,0.38692053952036076,0.04046521836012573,0.2970450918941007,0.04290162910603498,0.3173685770816188,0.04390033234932389,0.3317923909031747,nan,nan,0.043701529016314564,0.3289023061255073,nan,nan,16.974649458680755,1.0162762556841696,nan,,,,,,,,
frame,006,False,500,18,0.09617947945335815,2.5334650585219993,-0.006225219388691888,0.06553434985518876,0.12159574974500628,-0.0062252193886918935,-0.030848902094320497,2075.6025788581655,2094.2983834567,850.0201303126184,2315.031713069205,702.936623574517,704.1487571294377,0.04363818566090705,0.9505022875927276,2.5718457343629497,0.33881640333878643,1.1149425957070942,3.3278640859641855,0.3551469677090182,1.1387592817279035,3.3722849627766265,0.35687908033690974,1.1396530565227239,3.3763580262947244,0.33848417119102125,1.1089443857450527,0.34788827125487387,1.1337181171763913,0.34693494250470847,1.1356549755479668,nan,nan,0.3551469677090182,1.1387592817279035,nan,nan,-0.008752596169992063,0.26009086464561293,0.4168367593969184,0.037532816594571375,0.3334758711821474,0.4168370634500841,0.038637228077141116,0.3462402371983497,0.41763809298191745,0.038738540967074186,0.34741795395281644,0.41771198358935635,0.036513557939818496,0.32186264099157924,0.03814450198456143,0.340526324585329,0.03871597800405198,0.3471544810978092,nan,nan,0.038637228077141116,0.3462402371983497,nan,nan,17.376525200054928,1.0017084126488156,nan,,,,,,,,
frame,007,False,500,18,0.11620290816413645,2.5878392327443622,0.05156375625692691,0.08073912530525672,0.1573715513079093,0.05156375625692694,0.019294906184955458,2081.365005152129,2102.0748459357847,328.00035875784766,1781.0239797038387,703.4755287469671,704.6237463646952,0.03745649485984024,0.9812981878483406,2.588138501984305,0.3396687591355999,1.1159633131429056,3.293532126684967,0.3575599414355651,1.1333429496064928,3.344286584828518,0.3606853864008599,1.1357037505770846,3.352906398879213,0.34556189143470417,1.108391419788853,0.3517872755203484,1.1320436534845417,nan,nan,nan,nan,0.3575599414355651,1.1333429496064928,nan,nan,-0.011957233562927994,0.27183753631615976,0.41543522344072786,0.03944891309207177,0.3229113140979366,0.41543526339846765,0.0402795233311366,0.33770906293190806,0.4157131452569331,0.04030913978709805,0.3402399874625017,0.4157453235526418,0.03962751907935171,0.32133918484254176,0.040032786398597864,0.33898431804552376,nan,nan,nan,nan,0.0402795233311366,0.33770906293190806,nan,nan,14.037097198187057,0.9791066063372337,nan,,,,,,,,
frame,008,False,500,18,0.09554045144952464,4.5777509829218035,-0.009713062927254568,0.06761903487049702,0.1211071979681833,-0.009713062927254582,-0.010058513266377177,2082.2571171720747,2121.8813481963675,552.4703760498631,2287.9390934977255,704.9507887583402,711.6773151647964,0.03658453664836239,0.9668635296644781,2.5964677912475973,0.34276094207104035,1.114736042020946,3.3189538719091747,0.3622469407518054,1.1392710071955223,3.36385450871648,0.36778749332046345,1.1418185794274895,3.374211053196518,0.34765407976886986,1.1203021523484595,0.3525927197781016,1.136251730903729,0.34699301223666623,1.1403893383766488,nan,nan,0.3622469407518054,1.1392710071955223,nan,nan,-0.009618607381131596,0.26733618798545805,0.4201003222139962,0.03928312863704068,0.33247810413315576,0.42010552464680534,0.03972464161348057,0.3464936401047119,0.4236858380805074,0.03978700942178648,0.3496719375333895,0.4240018845496252,0.03799613836131357,0.323966177092676,0.03965990155461441,0.3428603154737856,0.039777709141546325,0.34821567068499903,nan,nan,0.03972464161348057,0.3464936401047119,nan,nan,16.848377226581796,1.0036414531748425,nan,,,,,,,,
frame,009,False,500,18,0.10973019581690426,3.8202510385092014,0.04001030957358643,0.084914209814601,0.15506273645429472,0.040010309573586436,0.0024896215816010477,2096.640191639619,2100.32060352624,361.9854356703312,1816.006501595449,703.1149664065675,709.4525839501998,0.04423917456890687,0.9542293356849162,2.5743421624903475,0.337458613689395,1.1089897150597128,3.312086019583286,0.3552899853013486,1.1252673716864858,3.355780563631157,0.3570922265904528,1.1266905421045799,3.359713393251127,0.3445216325475513,1.1062681424440057,0.3477236781249303,1.125930715368847,nan,nan,nan,nan,0.3552899853013486,1.1252673716864858,nan,nan,-0.01048433583909577,0.2621044092794005,0.41556124380248005,0.03655331946812221,0.3245839856684926,0.4155693649704189,0.03754342591525699,0.3371311618605414,0.4195761974162167,0.037972850823393856,0.3382666034505006,0.41993212902184496,0.03697463976338895,0.32222833422991287,0.03747352247719107,0.33765950695087793,nan,nan,nan,nan,0.03754342591525699,0.3371311618605414,nan,nan,13.251814674403247,0.9825366049114311,nan,,,,,,,,
frame,010,False,500,18,0.11900903660715031,7.376196010975522,-0.024089916095470773,0.06857943969404821,0.11914271821046327,-0.024089916095470787,-0.0192417992287628,2021.9615995077706,2043.963308099713,406.9999914186739,1900.0006228493526,685.722885612507,687.2591224839429,0.03180063736015768,0.899269203394157,2.4964440593111723,0.32976343880653114,1.0537978611317895,3.160291328116823,0.34791490008729226,1.0648859644757047,3.1911968156960824,0.3491441949627756,1.0662513471768136,3.1948198053187298,0.339851687748984,1.0516548844610698,0.33829960419735416,1.061142713547329,nan,nan,nan,nan,0.34791490008729226,1.0648859644757047,nan,nan,-0.009093597918659447,0.231284728584029,0.40519124031637527,0.03435132786353702,0.3069885842727529,0.4051912790518169,0.03826925942873345,0.3162389924730307,0.4055079300762259,0.03876152528522425,0.3173377224773388,0.40555953464195227,0.03857242958387985,0.3042768977230959,0.03487594217000378,0.3166113861403441,nan,nan,nan,nan,0.03826925942873345,0.3162389924730307,nan,nan,15.527772889753177,0.9910588566786253,nan,,,,,,,,
frame,011,False,500,18,0.11763441654918086,12.548886333835904,-0.03362207632661555,0.07387182171606227,0.14610363490142503,-0.03362207632661556,0.04713127028589482,1961.2441617791715,2048.2496006347988,390.1019193826764,1874.9960425852667,663.4505836866055,693.5369845110062,0.031023478312292366,0.8902943123158834,2.451284252651469,0.32420960341209093,1.0485546705881312,3.175926843234185,0.34056517491394234,1.075881772834752,3.2607447277332993,0.3444847328193532,1.076182287619343,3.27734959106283,0.33255450699005284,1.0430623615767387,0.33262616621593966,1.0760038377888579,nan,nan,nan,nan,0.34056517491394234,1.075881772834752,nan,nan,-0.008546961300422203,0.23906893458090883,0.3963193789378771,0.03299153585686289,0.310292224479125,0.39631954096781413,0.03661801292368523,0.3260586984172606,0.39672598670961745,0.03728295505698043,0.3291622659818471,0.396735947309935,0.035901594395519966,0.30608408121814834,0.035355490557941495,0.32725503447774873,nan,nan,nan,nan,0.03661801292368523,0.3260586984172606,nan,nan,14.564170042672963,0.969385354349839,nan,,,,,,,,
frame,012,False,500,18,0.08831906971658644,4.505920071431838,0.022781598412735395,0.04943361314472403,0.08572345680923944,0.022781598412735412,0.007661968061658665,2066.984991261028,2109.044639702906,1194.4521786255893,2651.000066648598,700.9441099955097,710.2298378893554,0.04430731855181762,0.9471890206725387,2.5778753827393373,0.3386946417668032,1.1345156923345452,3.3498632365958123,0.359028107173134,1.1409086050677262,3.3867006847811125,0.36143861716993797,1.1414730654085978,3.3899740110515495,nan,nan,0.3504998706089907,1.1350647130105174,0.3560202044070536,1.1367564148803808,nan,nan,0.359028107173134,1.1409086050677262,nan,nan,-0.007439890424656141,0.2586519548439408,0.4196246051691815,0.03886577751495197,0.34131885318148636,0.4196257738473671,0.040525277806708004,0.3536100911773569,0.4211487748398781,0.04094542638574694,0.3547085336769156,0.42128409584097426,nan,nan,0.03888208447128818,0.34174993004204834,0.040743440404682474,0.3539042927905196,nan,nan,0.040525277806708004,0.3536100911773569,nan,nan,23.079611877196832,nan,nan,,,,,,,,
frame,013,False,500,18,0.10716464123154426,2.6398612073887753,0.007591564569078679,0.059482001635960756,0.11591904631285382,0.0075915645690786794,0.04811421889716477,2100.9769528527204,2126.8402452484547,598.9795871335915,2640.999855262591,711.5317397005402,713.4210304110471,0.03303995229710078,0.9735947854572157,2.6124369518829997,0.3497088701379921,1.132369755367375,3.364948307759484,0.3745397436464458,1.1652629614505752,3.4358390293085845,0.37905223492833784,1.1761154801035782,3.45254432705849,0.3508205535852369,1.123275615018335,0.35892472094241723,1.1418977683676688,0.3623190762909587,1.1708111486611923,nan,nan,0.3745397436464458,1.1652629614505752,nan,nan,-0.010710803337196605,0.2672346726512098,0.42541947807159636,0.04085450130603724,0.3384264629854456,0.42542015545896705,0.04287615809700185,0.35848693012140487,0.42658272838219774,0.04388977749096057,0.3632626235820054,0.42685833293978703,0.038540725619071736,0.3249181435493311,0.04178819484285441,0.34763481471528895,0.04311678581785827,0.3608960621649884,nan,nan,0.04287615809700185,0.35848693012140487,nan,nan,19.59017735452429,1.0253204630873873,nan,,,,,,,,
frame,014,False,500,18,0.0958597242250322,2.656867499970087,0.010155902104869483,0.07584500328055205,0.12482485337846468,0.010155902104869476,-0.025028774342092344,2109.3725488611417,2131.671273972811,270.976584612727,1711.5817330504447,712.430669658116,713.6828851676036,0.044529468530954484,0.9834090407109751,2.631921614191933,0.34447956914143557,1.1276149880470299,3.3202253011484872,0.36332571127089186,1.1395447163520378,3.358834496142225,0.3639146225779655,1.140531740562141,3.362379919405271,0.35110083255753466,1.1251105881385788,0.352821456554716,1.1339729482651084,nan,nan,nan,nan,0.36332571127089186,1.1395447163520378,nan,nan,-0.011705225843616,0.26845232854609313,0.42381806879760336,0.036487578186697046,0.3266847971986003,0.42381895280239046,0.03810337418928497,0.3400494600257109,0.42516338754875277,0.038574515565755974,0.3412688379217455,0.4252836619177742,0.03783383051451494,0.3257320711841187,0.03690781159552614,0.3404254566480104,nan,nan,nan,nan,0.03810337418928497,0.3400494600257109,nan,nan,15.024651157794024,0.9921846811777226,nan,,,,,,,,
frame,015,False,500,18,0.11069834610060661,14.24653254007179,-0.029272088628765056,0.08508707839182719,0.16880434413339457,-0.02927208862876507,-0.10908959124121662,1972.4084104109097,2067.9494090199873,241.99769349665084,1731.5606681236077,671.2634914187117,693.8169205374309,0.035487424010514634,0.8853261997358078,2.3729428137962394,0.3186950823372123,1.0502121283998225,3.1484233543471385,0.3365688239136432,1.070453567311015,3.201583493361426,0.33904895139107794,1.071919672722066,3.205421085279454,0.32997429789961075,1.0481474792360097,0.32753078363798527,1.0602348375784068,nan,nan,nan,nan,0.3365688239136432,1.070453567311015,nan,nan,-0.006991446070076235,0.25371448227776583,0.38210545485256425,0.03423333880163103,0.31113407139081606,0.38218132943058847,0.03602421289688493,0.325997438927099,0.39380597418524416,0.03733489151778713,0.3273265983149769,0.3962780225167535,0.036708124559368116,0.31153548841859885,0.034232832886470985,0.3247479659124689,nan,nan,nan,nan,0.03602421289688493,0.325997438927099,nan,nan,12.5806830783584,0.9885993575064891,nan,,,,,,,,
frame,016,False,500,18,0.12452317961002471,17.94217622254266,0.03367075323931229,0.06073679555688011,0.115434129679727,0.03367075323931231,-0.03516252656231748,1845.0678416040084,2087.5415478992895,514.4719480838388,2610.0009484489638,638.5343073865034,700.6542044425619,0.046147572994435615,0.8866269320187443,2.406824624395261,0.31623102128519676,1.0522287865173217,3.086133580020839,0.34714976537889586,1.0673878686986042,3.1652153891757733,0.3491946180820378,1.070709937544625,3.1704981766542915,0.3297904677141019,1.0462110504021023,0.3292277522468965,1.0588529623497762,0.32162683306217443,1.048003339960899,nan,nan,0.34714976537889586,1.0673878686986042,nan,nan,-0.005551173937128182,0.24850422038836956,0.38571066536884235,0.035783707962746616,0.3106033633314639,0.38580473834961126,0.03856232073152057,0.3304853277315333,0.39931972696146545,0.03921349757922599,0.3319645329775027,0.4004295982281292,0.0357943121092518,0.30127783919137824,0.03711747664356438,0.31924066020084374,0.03582564331015589,0.3284106951343184,nan,nan,0.03856232073152057,0.3304853277315333,nan,nan,17.573990509574937,0.9897534192426491,nan,,,,,,,,
frame,017,False,500,18,0.11832308699666845,17.087888523497888,-0.02424413605343997,0.07154121930788769,0.12952581805874389,-0.024244136053439974,-0.03980369395270841,1890.0542151303487,2055.914930382905,395.9971276140632,1857.0124698255736,648.8671662022426,690.7464985996813,0.03384010562630403,0.8790306553517959,2.4499014024446315,0.31781230969037066,1.0380428014825285,3.1225665846498565,0.33944555514188435,1.0606051102440042,3.1683132261330287,0.3411743439286852,1.0615455436510444,3.1712778060309574,0.33056051544924114,1.05073674937136,0.3256795921105464,1.0611902738271084,nan,nan,nan,nan,0.33944555514188435,1.0606051102440042,nan,nan,-0.007019905906600846,0.23711394857792334,0.39328323972295254,0.032819443617467005,0.30533818060119033,0.39331369884250816,0.0367393339262577,0.317850072485755,0.40061552480024715,0.03823576916846605,0.318929996805923,0.4025544719414711,0.037560501230962016,0.3020716969560756,0.033111188455407614,0.31725352173668697,nan,nan,nan,nan,0.0367393339262577,0.317850072485755,nan,nan,14.82509133202694,0.990149245885897,nan,,,,,,,,
frame,018,False,500,18,0.12157909084589343,3.0372028227948165,-0.05771264217906706,0.09321866164623305,0.1637206703087088,-0.05771264217906709,0.025062850729743028,2096.120955658458,2101.2682313918212,299.9925775380884,2373.9044044102875,704.1119382763536,710.0224223248963,0.028674689306891675,0.9761799214380613,2.5731361728468967,0.343376136830703,1.1333891588745046,3.3342091431790455,0.3736526736066367,1.1563007263006237,3.4159473777152245,0.3775085260012929,1.1577058944790275,3.4351117275359684,0.34573935976038117,1.1096975521037002,0.36017572482850824,1.1449019468211936,0.3574205608149441,1.1575283214428824,nan,nan,0.3736526736066367,1.1563007263006237,nan,nan,-0.012614647847985844,0.27032233031220587,0.41826714747041405,0.042818526521781045,0.3299018857412546,0.4182691409030742,0.04484587388181467,0.3512729707176338,0.42023194533155106,0.04532230496943157,0.356340504010518,0.42068635174211977,0.04200189637356573,0.3214619728795871,0.04434912828600375,0.34599867413024177,0.04525949352337477,0.3556843599175655,nan,nan,0.04484587388181467,0.3512729707176338,nan,nan,12.404176437211804,1.0110283458393496,nan,,,,,,,,
frame,025,False,500,18,0.15619495732179384,21.633132609313314,0.035826650436040226,0.07287017830653213,0.11699240678089491,0.03582665043604021,0.04572800317605427,1800.3985461273326,2051.065507093268,246.9897377954775,2341.993045647618,621.4191193635909,695.5284528950085,0.0336439787168305,0.8491445322148996,2.3309221785298755,0.3034423728207254,1.0068091583573537,3.0604438656503636,0.3349347483587195,1.0320096285103944,3.182558379013602,0.34082530684463563,1.0545862550762024,3.2130441283819664,0.3134376119054991,0.9943121248273425,0.32093990255830535,1.0277989201787268,0.32672643628626474,1.0486605807831104,nan,nan,0.3349347483587195,1.0320096285103944,nan,nan,-0.006580636755135047,0.23180822959719163,0.37494763930603614,0.03177441371417927,0.3004307022671329,0.3749479807417569,0.034257167493547055,0.32271084131570393,0.3754333860162717,0.03583777667438426,0.328460649308323,0.37544182681540406,0.03476208051534968,0.289911607729823,0.0327903720711447,0.3179969411482164,0.034795542954100256,0.3270239686185766,nan,nan,0.034257167493547055,0.32271084131570393,nan,nan,14.162304148196167,1.020297414401599,nan,,,,,,,,
frame,026,False,500,18,0.16533904087018206,17.98604841990456,-0.012705297979392719,0.06336535809402832,0.12432110916514601,-0.01270529797939273,0.015229380083427418,1797.2941417644208,2038.3977213395085,427.0547663996963,2874.0060377373225,621.2964537314938,692.4680526737894,0.035871334705780106,0.8618041169418936,2.3383637011246434,0.3059042080021235,1.0339700756193326,3.0904880575978875,0.34840857681775506,1.0747644334873228,3.2643598428127802,0.3491216780221862,1.0759150948421106,3.276764935893084,0.3113068175208724,0.9939453504525203,0.31583061947810054,1.0354611676895407,0.3407342390201933,1.0747736837063326,nan,nan,0.34840857681775506,1.0747644334873228,nan,nan,-0.005646018588994429,0.23615965881095297,0.3764981493883898,0.033035402256630986,0.3086897807002874,0.3765039279682558,0.03928090211814776,0.3403911654090987,0.37913516524754415,0.03997239762730942,0.3427039489767707,0.37921229820574354,0.03419363785375537,0.2877686245949711,0.03358120355338201,0.3152100692219729,0.03975261980573919,0.34196670155862696,nan,nan,0.03928090211814776,0.3403911654090987,nan,nan,16.961388143541647,1.0379661905665776,nan,,,,,,,,
frame,027,True,500,18,0.17413744869654185,26.64828167253497,0.29787841099236456,0.36880019482421467,0.5768683497675624,0.2978784109923647,0.3746029459454789,1832.7752741462782,2043.9925805232933,373.04409331097344,1795.0011746036323,629.6361773468312,692.671810409704,0.035616141932014594,0.8666447262518424,2.3362822086519697,0.3093957629955656,1.0306152256861696,3.0982105056199947,0.3302888218167624,1.0430285682985163,3.170669345730988,0.3322089062131681,1.0432677602009957,3.175916410134846,0.31453406112841265,1.0251971259222894,0.32042718281518034,1.0389615567540755,nan,nan,nan,nan,0.3302888218167624,1.0430285682985163,nan,nan,-0.005634988560475449,0.24206282210082564,0.374872583695583,0.03241804259064601,0.30548117245190165,0.37487467096593396,0.03309405732565267,0.319867458087157,0.37617515252450745,0.03369128288591128,0.32095577906361533,0.37618297328765493,0.033312804152674846,0.3018945618567501,0.032729500237243775,0.32025286512081996,nan,nan,nan,nan,0.03309405732565267,0.319867458087157,nan,nan,2.82816707511683,0.986751741927017,nan,,,,,,,,
frame,028,False,500,18,0.18364022678947783,21.11122760588503,-0.04942114590765641,0.08587768398221941,0.1611378886465558,-0.049421145907656436,-0.002454794408232892,1864.7592194506612,1881.544467255242,260.99984585720074,2544.9995906163717,641.5263058431607,643.5465651010536,0.029086875366743106,0.9052084268922664,2.376170351285964,0.3227323033290934,1.0436097616461368,3.1105158551780114,0.3529437675844463,1.077315804065043,3.2203807127018935,0.3556962744747807,1.0791335391572427,3.229904573001022,0.33036968457013527,1.048457868868318,0.33707112110317894,1.0588204325812451,0.3400313514108859,1.0734832378866457,nan,nan,0.3529437675844463,1.077315804065043,nan,nan,-0.011559489387130004,0.25365558586371495,0.3889343646690932,0.04083292276972812,0.3136632329990309,0.38894118812945927,0.041277209374680976,0.337471581959331,0.3927835614496303,0.041310888068096574,0.3396188564326564,0.3934052215636257,0.03962760761330344,0.3029754516301624,0.04108306958460162,0.3254855625607148,0.041026722756612344,0.33812540258867035,nan,nan,0.041277209374680976,0.337471581959331,nan,nan,12.54477012081621,1.0138482455137883,nan,,,,,,,,
frame,029,False,500,18,0.10516999125379041,2.997422233735929,0.01681427427277261,0.05752252717101566,0.1332657900650019,0.01681427427277262,-0.021930773577157763,1954.7251274515122,1996.898828446727,284.0032842570737,2471.018448683147,667.6974069143924,673.112585327036,0.030452841556216994,0.9178305261448763,2.4572148081095095,0.32404897838492963,1.0583057855609417,3.152724673969634,0.3528342173120194,1.0911608973561948,3.207284081954731,0.3555320068396668,1.0964107819442062,3.212278727926787,0.327824004023455,1.0587064545945872,0.3323012868121282,1.0735266225564333,0.3323459664034317,1.0954891935817503,nan,nan,0.3528342173120194,1.0911608973561948,nan,nan,-0.008960909671326489,0.25329666196070677,0.39673834805161995,0.03843611273939089,0.3140761340366908,0.3967388201233892,0.03901335206259375,0.3320720727088393,0.39768744181589,0.03906714581370352,0.3337406185001042,0.3978090235456193,0.03807350893837338,0.3061533958511107,0.0387609892747605,0.32418798767874807,0.03905530811410074,0.3331279796492392,nan,nan,0.03901335206259375,0.3320720727088393,nan,nan,18.96927953308016,1.0204583384928234,nan,,,,,,,,
frame,030,False,500,18,0.13097439600221755,15.601194427869066,-0.004974403309395383,0.04980465265449555,0.10795034921867452,-0.0049744033093953866,-0.008160444944435864,2027.4656420803228,2071.423531377006,238.98377882459297,2364.9939337789183,688.4379968622725,694.7087404922958,0.03099050471687715,0.9351814254152767,2.4743395308196723,0.33162404408705876,1.0814514911859616,3.235323683820475,0.36228687056317876,1.1046493080103532,3.3336089095791808,0.3656717637850875,1.1060898036796336,3.3404901682785066,0.3405823254736049,1.088265969124933,0.3411343706708635,1.096917588571035,0.3406048225420847,1.0980617994040531,nan,nan,0.36228687056317876,1.1046493080103532,nan,nan,-0.011205879766895983,0.2604882705848807,0.4029518940168466,0.039286560690043874,0.32295838648221764,0.4029802492152504,0.04021656007116406,0.3445543052122405,0.4099100718158695,0.04042706505072147,0.3462554193756374,0.4115727156591902,0.03875513321372637,0.31504988136198747,0.03964280890284044,0.33547951247390206,0.03890314021130905,0.34387483740623015,nan,nan,0.04021656007116406,0.3445543052122405,nan,nan,22.179640839451643,1.0010431146741925,nan,,,,,,,,
frame,031,False,500,18,0.11366432285426602,11.221965692675118,-0.008343921554837708,0.04727016027487855,0.10221260412117203,-0.008343921554837718,0.037579586283713905,1951.8388697550579,2100.9071803065094,637.9898733283417,2737.987649188146,667.1274049270302,705.4175489756597,0.035870186873588825,0.9274449226496974,2.463493617177222,0.3314526855332867,1.0833946575634683,3.177996065403204,0.35431280766355827,1.0976281121253406,3.2366732880799076,0.360970256219332,1.1080678695218908,3.2447068478161327,0.3435987978412015,1.0839675211644508,0.34577647923308064,1.0898872856387727,0.3415230740395032,1.0950451291697634,nan,nan,0.35431280766355827,1.0976281121253406,nan,nan,-0.0053219532172653315,0.25870731564011495,0.3979934096032236,0.03999687075737945,0.32702780278953075,0.39807451530223587,0.04240759472909872,0.34510233457067746,0.4110566321850285,0.043636749972279176,0.34793956472738036,0.4146373544008384,0.039255925115725177,0.3139545598114624,0.04133543327884581,0.33228408604645654,0.04096823228376252,0.343978174928876,nan,nan,0.04240759472909872,0.34510233457067746,nan,nan,23.220317124853683,1.0047324559144368,nan,,,,,,,,
frame,032,False,500,18,0.12936397098229507,11.750484249300037,-0.038611208492630514,0.0628222871463383,0.13226837298909117,-0.03861120849263053,0.024083001487032463,1984.2654904749845,1999.8733240979088,563.0044222141157,2737.9601861984247,674.877646171722,676.4304696481845,0.030372536606377024,0.9316591210603075,2.483220138101566,0.33664861962322795,1.0841388054784686,3.212477056284249,0.3649996295718836,1.122854790617867,3.3268873399561585,0.36911406987246664,1.1299137615835488,3.3402106448359064,0.3358828562505238,1.0831671732917958,0.34949191382318645,1.1007809316869324,0.35805489196775964,1.1275619769145484,nan,nan,0.3649996295718836,1.122854790617867,nan,nan,-0.010810822919013516,0.25960388421003927,0.4060762668977846,0.0427802220248855,0.32666783448205644,0.4060792280516276,0.043904598800253325,0.35139530081408105,0.4086361349392291,0.04470352964517588,0.35432944941720723,0.4089581393023991,0.039946247359725365,0.3094535182612948,0.04313979383655919,0.3339239533533116,0.0443999484294352,0.3527826237628601,nan,nan,0.043904598800253325,0.35139530081408105,nan,nan,17.87351020828465,1.024329132579154,nan,,,,,,,,
frame,033,False,500,18,0.12213124401352428,16.03545703638134,-0.01805334789815068,0.04963451106374957,0.11106563712359047,-0.018053347898150687,0.021936620613911856,2041.9090125247383,2046.2222000158579,555.0004462844868,2706.0041983635133,687.7701654552691,694.6223344774747,0.04209136819746119,0.9236350377487914,2.476295296016445,0.3357349060832153,1.0927772156934497,3.251281336221345,0.36222451723027693,1.1200208611471711,3.367310580469996,0.3671298935578875,1.122579750150407,3.376551911500087,0.33643033701298464,1.0820243889493233,0.34584460960921604,1.0992037515724227,0.3564302971365976,1.1210887877585802,nan,nan,0.36222451723027693,1.1200208611471711,nan,nan,-0.009751287282879655,0.26006483263566543,0.4046841610738443,0.04054563273714177,0.33130842747494266,0.40468954514648514,0.04206742767194953,0.35382886232950017,0.4078092422535349,0.04264531230546709,0.3556729660749567,0.4083308259361047,0.03877926520927986,0.3138946923519801,0.040835330074551736,0.3373482806600156,0.04200120842287447,0.354303767889425,nan,nan,0.04206742767194953,0.35382886232950017,nan,nan,22.565365048295508,1.0199098994657276,nan,,,,,,,,
frame,034,False,500,18,0.10025242603529741,3.8280824803661697,0.024590308596557534,0.04920492869684565,0.09382398019129139,0.024590308596557538,0.02423703104509997,1966.8053628312327,1985.1809110462732,516.0002670487477,2698.000142418685,670.6410460117194,671.4867732223361,0.03515765571696894,0.9145493499119066,2.443028443640719,0.3252827091800339,1.0650710285530391,3.182242633674842,0.3518283449386786,1.1057421783042316,3.2554000588718566,0.3552534082636498,1.1100098928828002,3.2662243525536496,0.324241751658883,1.0547644877826792,0.3331183496136845,1.0748332864965562,0.34442192343476563,1.1082907710232335,nan,nan,0.3518283449386786,1.1057421783042316,nan,nan,-0.008352865764766699,0.2526839728422655,0.39567601249412343,0.038561232077908014,0.3196455249308416,0.39568010445700363,0.04110775737620713,0.3402266047406379,0.39843289217259326,0.04171662704567325,0.34330277318161384,0.39883974012525414,0.036897572076992444,0.30610817881638963,0.0394986453955454,0.3272182019627614,0.041398517750030804,0.34246886969994983,nan,nan,0.04110775737620713,0.3402266047406379,nan,nan,22.472183327746936,1.0311280688335702,nan,,,,,,,,
frame,035,False,500,18,0.13316052201322937,12.05451506731769,-0.09407392427100376,0.11067932451594452,0.20617711149517956,-0.09407392427100378,0.0632513327541284,1947.5029607967087,2070.0100205834947,677.8724955805271,2773.9985473632214,660.470199470205,701.9844103387285,0.04329845114807628,0.8864922344839906,2.3669261492398976,0.31846679258006017,1.064732674545064,3.207785808401635,0.34903421937266615,1.1036160278067708,3.3431089564529315,0.35624397367627125,1.12024303873078,3.3823473560706816,0.31257084427844006,1.0217190596982195,0.33029957544394506,1.0694098677771182,0.34574436647414186,1.106887916447767,nan,nan,0.34903421937266615,1.1036160278067708,nan,nan,-0.007400882353547079,0.2519148255403233,0.3825374313241655,0.03384756050842406,0.3203365642588155,0.3825724142574046,0.03788191603510142,0.3467863424731134,0.39087876549540396,0.04048321989347414,0.35455301110598036,0.39326545444600924,0.03174225573793592,0.30181765489043344,0.03493138133535467,0.3298931540514558,0.038411448945248595,0.34836412035248254,nan,nan,0.03788191603510142,0.3467863424731134,nan,nan,9.971293488042415,1.0350455422190472,nan,,,,,,,,
frame,036,False,500,18,0.09079797262944811,2.623760267332197,-0.0508804878444721,0.08148477524107368,0.16585598952730718,-0.05088048784447214,0.03136612822581807,2100.508084862827,2126.666852291123,647.0605421593717,2723.990192145788,711.5185050812963,713.347156003066,0.0362694638227258,0.9729876137627318,2.613258902795965,0.3493474325582172,1.1334900185589754,3.371994983427845,0.3735547784332425,1.1765189085033358,3.4375616598123884,0.3773827820425595,1.181341459587645,3.4503224415076374,0.34875903462993846,1.1230809731224973,0.3582162582140086,1.1422411502868914,0.3636530595856158,1.178168154014374,nan,nan,0.3735547784332425,1.1765189085033358,nan,nan,-0.010093728472262392,0.2686075670443409,0.425108497600774,0.04150308134394424,0.34054521719255887,0.4251094282623652,0.043884447043620864,0.36015233271478897,0.4264628536665157,0.04475732376590713,0.36401054980027525,0.4267338039197739,0.03858934823190907,0.324799580252848,0.042141836889612705,0.34577789113639357,0.04416597212902786,0.3624815821321541,nan,nan,0.043884447043620864,0.36015233271478897,nan,nan,14.438512041330304,1.0314530812678733,nan,,,,,,,,
aggregate,aggregate,False,500,,,,,,,,,,,,,,,,,,,,,,,,,,,,,,,,,,,,,,,,,,,,,,,,,,,,,,,,,,,,,,,,,,C. LOW,500,1.0943945047407677,1.1765189085033358,15.2762120237736,23.220317124853683,1.0047324559144368,1.0379661905665776
