frame_id,dataset_role,source_dir,manifest_dataset_id,manifest_split_tags,chess_recorded_file,nolaser_recorded_file,laser_recorded_file,chess_resolved_path,nolaser_resolved_path,laser_resolved_path,path_resolution,sha256_verified,chess_manifest_sha256,nolaser_manifest_sha256,laser_manifest_sha256,chess_observed_sha256,nolaser_observed_sha256,laser_observed_sha256,pnp_rmse_px,laser_point_count,u_min,u_max,v_min,v_max,lambda_min,lambda_max,quality_warnings
001,fit,original_0811_triplet,original_0811,fit,D:\Docs\linelaserscan\calibration_tool\projects\daheng\data\laser_plane\fit\chess 001.tif,D:\Docs\linelaserscan\calibration_tool\projects\daheng\data\laser_plane\fit\nolaser 001.tif,D:\Docs\linelaserscan\calibration_tool\projects\daheng\data\laser_plane\fit\laser 001.tif,D:\Docs\linelaserscan\calibration_tool\projects\daheng\data\laser_plane\fit\chess 001.tif,D:\Docs\linelaserscan\calibration_tool\projects\daheng\data\laser_plane\fit\nolaser 001.tif,D:\Docs\linelaserscan\calibration_tool\projects\daheng\data\laser_plane\fit\laser 001.tif,original_task2_provenance,true,0c8c5e12dfecb016900b0ac3125cedffb072ba5ddc23de6b1c04d388c20db6af,c4b6fa4ef6c94a0275ca377dfa2d35a436d27017df562cb5fde0eb139d7eacc8,6f6b4b7d5d1c25745866961b143b0db770ed79695865a87e625e77a358b871c7,0c8c5e12dfecb016900b0ac3125cedffb072ba5ddc23de6b1c04d388c20db6af,c4b6fa4ef6c94a0275ca377dfa2d35a436d27017df562cb5fde0eb139d7eacc8,6f6b4b7d5d1c25745866961b143b0db770ed79695865a87e625e77a358b871c7,,822,,,,,,,
002,fit,original_0811_triplet,original_0811,fit,D:\Docs\linelaserscan\calibration_tool\projects\daheng\data\laser_plane\fit\chess 002.tif,D:\Docs\linelaserscan\calibration_tool\projects\daheng\data\laser_plane\fit\nolaser 002.tif,D:\Docs\linelaserscan\calibration_tool\projects\daheng\data\laser_plane\fit\laser 002.tif,D:\Docs\linelaserscan\calibration_tool\projects\daheng\data\laser_plane\fit\chess 002.tif,D:\Docs\linelaserscan\calibration_tool\projects\daheng\data\laser_plane\fit\nolaser 002.tif,D:\Docs\linelaserscan\calibration_tool\projects\daheng\data\laser_plane\fit\laser 002.tif,original_task2_provenance,true,ec152cb638b53fe08e1b0c09a8fe81f60907234c8f2af71fea0adac08497cb85,b99c4f747f6b83a27b17a823d6d8df04558d2cfa1a2624f0b8238e146d0012c8,0046ea076d6d8d6232cd42e59ae31050472c0e49edbde2a8760da1c8d21acab2,ec152cb638b53fe08e1b0c09a8fe81f60907234c8f2af71fea0adac08497cb85,b99c4f747f6b83a27b17a823d6d8df04558d2cfa1a2624f0b8238e146d0012c8,0046ea076d6d8d6232cd42e59ae31050472c0e49edbde2a8760da1c8d21acab2,,890,,,,,,,
003,fit,original_0811_triplet,original_0811,fit,D:\Docs\linelaserscan\calibration_tool\projects\daheng\data\laser_plane\fit\chess 003.tif,D:\Docs\linelaserscan\calibration_tool\projects\daheng\data\laser_plane\fit\nolaser 003.tif,D:\Docs\linelaserscan\calibration_tool\projects\daheng\data\laser_plane\fit\laser 003.tif,D:\Docs\linelaserscan\calibration_tool\projects\daheng\data\laser_plane\fit\chess 003.tif,D:\Docs\linelaserscan\calibration_tool\projects\daheng\data\laser_plane\fit\nolaser 003.tif,D:\Docs\linelaserscan\calibration_tool\projects\daheng\data\laser_plane\fit\laser 003.tif,original_task2_provenance,true,becf62a5ea6f825e8e553d50a40b8034a69ec722ed0f9f5914394ed9e5868760,f8a1157c08f0097f575efa59c6669904f0269bce806f363f1af55739ec0aa47c,fb066a1b2ae6d9bc2a652ef36c8a51f3bf169ae43e6a5f67a8d356dd81e7eaa1,becf62a5ea6f825e8e553d50a40b8034a69ec722ed0f9f5914394ed9e5868760,f8a1157c08f0097f575efa59c6669904f0269bce806f363f1af55739ec0aa47c,fb066a1b2ae6d9bc2a652ef36c8a51f3bf169ae43e6a5f67a8d356dd81e7eaa1,,900,,,,,,,
004,fit,original_0811_triplet,original_0811,fit,D:\Docs\linelaserscan\calibration_tool\projects\daheng\data\laser_plane\fit\chess 004.tif,D:\Docs\linelaserscan\calibration_tool\projects\daheng\data\laser_plane\fit\nolaser 004.tif,D:\Docs\linelaserscan\calibration_tool\projects\daheng\data\laser_plane\fit\laser 004.tif,D:\Docs\linelaserscan\calibration_tool\projects\daheng\data\laser_plane\fit\chess 004.tif,D:\Docs\linelaserscan\calibration_tool\projects\daheng\data\laser_plane\fit\nolaser 004.tif,D:\Docs\linelaserscan\calibration_tool\projects\daheng\data\laser_plane\fit\laser 004.tif,original_task2_provenance,true,bbc90d64d1f5581857c10e49d6e49df413db00798a987777c4ae93c68ed63236,1b45d943fe459bdbd9bb6b877b6e8a18b79c1def6aaf9e0d87819848b9fe444e,a4085596e6047ce914fc6e82165b65a6ef79f140c35943525eac281742e56899,bbc90d64d1f5581857c10e49d6e49df413db00798a987777c4ae93c68ed63236,1b45d943fe459bdbd9bb6b877b6e8a18b79c1def6aaf9e0d87819848b9fe444e,a4085596e6047ce914fc6e82165b65a6ef79f140c35943525eac281742e56899,,900,,,,,,,
005,fit,original_0811_triplet,original_0811,fit,D:\Docs\linelaserscan\calibration_tool\projects\daheng\data\laser_plane\fit\chess 005.tif,D:\Docs\linelaserscan\calibration_tool\projects\daheng\data\laser_plane\fit\nolaser 005.tif,D:\Docs\linelaserscan\calibration_tool\projects\daheng\data\laser_plane\fit\laser 005.tif,D:\Docs\linelaserscan\calibration_tool\projects\daheng\data\laser_plane\fit\chess 005.tif,D:\Docs\linelaserscan\calibration_tool\projects\daheng\data\laser_plane\fit\nolaser 005.tif,D:\Docs\linelaserscan\calibration_tool\projects\daheng\data\laser_plane\fit\laser 005.tif,original_task2_provenance,true,53d491f654d069240bb45b7eea67bbafee91ce65f3f3ab9a11ed60f8a40fe5cf,21083e096d7bbfad985ffeeb101929dcadc6e9ef445e4c0b6e182a4a6d356e5d,d80b2d04bc1e619e2ad61a134d58a43beb6468c67314a4ca1bc21db5d6157cb0,53d491f654d069240bb45b7eea67bbafee91ce65f3f3ab9a11ed60f8a40fe5cf,21083e096d7bbfad985ffeeb101929dcadc6e9ef445e4c0b6e182a4a6d356e5d,d80b2d04bc1e619e2ad61a134d58a43beb6468c67314a4ca1bc21db5d6157cb0,,900,,,,,,,
006,fit,original_0811_triplet,original_0811,fit,D:\Docs\linelaserscan\calibration_tool\projects\daheng\data\laser_plane\fit\chess 006.tif,D:\Docs\linelaserscan\calibration_tool\projects\daheng\data\laser_plane\fit\nolaser 006.tif,D:\Docs\linelaserscan\calibration_tool\projects\daheng\data\laser_plane\fit\laser 006.tif,D:\Docs\linelaserscan\calibration_tool\projects\daheng\data\laser_plane\fit\chess 006.tif,D:\Docs\linelaserscan\calibration_tool\projects\daheng\data\laser_plane\fit\nolaser 006.tif,D:\Docs\linelaserscan\calibration_tool\projects\daheng\data\laser_plane\fit\laser 006.tif,original_task2_provenance,true,8613c34e9c724bd16964eaf9281cee8e7b1aaa01133007288f50da720b7425ab,943801d2f10753d2975262946bb66d71cc76809a0caeb9664beab73d7bf9f9d6,ae80351cecb1c57914b7466efef8785a43ef86120a4444412016ae8833bd4aa3,8613c34e9c724bd16964eaf9281cee8e7b1aaa01133007288f50da720b7425ab,943801d2f10753d2975262946bb66d71cc76809a0caeb9664beab73d7bf9f9d6,ae80351cecb1c57914b7466efef8785a43ef86120a4444412016ae8833bd4aa3,,900,,,,,,,
007,fit,original_0811_triplet,original_0811,fit,D:\Docs\linelaserscan\calibration_tool\projects\daheng\data\laser_plane\fit\chess 007.tif,D:\Docs\linelaserscan\calibration_tool\projects\daheng\data\laser_plane\fit\nolaser 007.tif,D:\Docs\linelaserscan\calibration_tool\projects\daheng\data\laser_plane\fit\laser 007.tif,D:\Docs\linelaserscan\calibration_tool\projects\daheng\data\laser_plane\fit\chess 007.tif,D:\Docs\linelaserscan\calibration_tool\projects\daheng\data\laser_plane\fit\nolaser 007.tif,D:\Docs\linelaserscan\calibration_tool\projects\daheng\data\laser_plane\fit\laser 007.tif,original_task2_provenance,true,ba931b2dd6abe520e689ffffdc40269920b4a0bc407a26c3d546ec18657e8487,d5f8eaba72977497a42ad8bc280792184984b31c5004277ddfd8b7e9ea45e335,1da8e797b80e83065f6433998fae2517562116de41c26c7d3b8e3d5fb285b169,ba931b2dd6abe520e689ffffdc40269920b4a0bc407a26c3d546ec18657e8487,d5f8eaba72977497a42ad8bc280792184984b31c5004277ddfd8b7e9ea45e335,1da8e797b80e83065f6433998fae2517562116de41c26c7d3b8e3d5fb285b169,,900,,,,,,,
008,fit,original_0811_triplet,original_0811,fit,D:\Docs\linelaserscan\calibration_tool\projects\daheng\data\laser_plane\fit\chess 008.tif,D:\Docs\linelaserscan\calibration_tool\projects\daheng\data\laser_plane\fit\nolaser 008.tif,D:\Docs\linelaserscan\calibration_tool\projects\daheng\data\laser_plane\fit\laser 008.tif,D:\Docs\linelaserscan\calibration_tool\projects\daheng\data\laser_plane\fit\chess 008.tif,D:\Docs\linelaserscan\calibration_tool\projects\daheng\data\laser_plane\fit\nolaser 008.tif,D:\Docs\linelaserscan\calibration_tool\projects\daheng\data\laser_plane\fit\laser 008.tif,original_task2_provenance,true,c305b0d397c0f5e40cd283cd34dc652b7875c476c755f9890de899c9d714bda5,5bf8eda4b8f890c770d4eaf133c4c71419ebb1d4f8d507fb50b6925f06de0c55,9d1d6fb4cd3c711a584ace2742b2ba38ff2f24ac2514b59c6d6394736e9ea5b6,c305b0d397c0f5e40cd283cd34dc652b7875c476c755f9890de899c9d714bda5,5bf8eda4b8f890c770d4eaf133c4c71419ebb1d4f8d507fb50b6925f06de0c55,9d1d6fb4cd3c711a584ace2742b2ba38ff2f24ac2514b59c6d6394736e9ea5b6,,900,,,,,,,
009,fit,original_0811_triplet,original_0811,fit,D:\Docs\linelaserscan\calibration_tool\projects\daheng\data\laser_plane\fit\chess 009.tif,D:\Docs\linelaserscan\calibration_tool\projects\daheng\data\laser_plane\fit\nolaser 009.tif,D:\Docs\linelaserscan\calibration_tool\projects\daheng\data\laser_plane\fit\laser 009.tif,D:\Docs\linelaserscan\calibration_tool\projects\daheng\data\laser_plane\fit\chess 009.tif,D:\Docs\linelaserscan\calibration_tool\projects\daheng\data\laser_plane\fit\nolaser 009.tif,D:\Docs\linelaserscan\calibration_tool\projects\daheng\data\laser_plane\fit\laser 009.tif,original_task2_provenance,true,43ee8f2b5f44828ec54d3ccfba7b2479f4c44fa862b5bd6403599efac273cfcb,8ce7ce53d189d548a9946d5286c9bfd141d02ae47d9e3d4f3884499355b21a0e,d0ad0a65b1e44e3a6388bd64ecd2aa0ba0592d56fd0c4c9f573ed313c421938e,43ee8f2b5f44828ec54d3ccfba7b2479f4c44fa862b5bd6403599efac273cfcb,8ce7ce53d189d548a9946d5286c9bfd141d02ae47d9e3d4f3884499355b21a0e,d0ad0a65b1e44e3a6388bd64ecd2aa0ba0592d56fd0c4c9f573ed313c421938e,,900,,,,,,,
010,fit,original_0811_triplet,original_0811,fit,D:\Docs\linelaserscan\calibration_tool\projects\daheng\data\laser_plane\fit\chess 010.tif,D:\Docs\linelaserscan\calibration_tool\projects\daheng\data\laser_plane\fit\nolaser 010.tif,D:\Docs\linelaserscan\calibration_tool\projects\daheng\data\laser_plane\fit\laser 010.tif,D:\Docs\linelaserscan\calibration_tool\projects\daheng\data\laser_plane\fit\chess 010.tif,D:\Docs\linelaserscan\calibration_tool\projects\daheng\data\laser_plane\fit\nolaser 010.tif,D:\Docs\linelaserscan\calibration_tool\projects\daheng\data\laser_plane\fit\laser 010.tif,original_task2_provenance,true,405c2731c56097d9ea09c4b35976611ec08b1147bbe62624ab2b1405d8efcfc3,f0100917b46d2a99b6b7d6bdf1f8319dfe10a6fd8091f09a2d89e8747392f518,3ef9230357f8b11513f38faa37f390b434d0d102701d33b1c02e0adf9771b485,405c2731c56097d9ea09c4b35976611ec08b1147bbe62624ab2b1405d8efcfc3,f0100917b46d2a99b6b7d6bdf1f8319dfe10a6fd8091f09a2d89e8747392f518,3ef9230357f8b11513f38faa37f390b434d0d102701d33b1c02e0adf9771b485,,900,,,,,,,
011,fit,original_0811_triplet,original_0811,fit,D:\Docs\linelaserscan\calibration_tool\projects\daheng\data\laser_plane\fit\chess 011.tif,D:\Docs\linelaserscan\calibration_tool\projects\daheng\data\laser_plane\fit\nolaser 011.tif,D:\Docs\linelaserscan\calibration_tool\projects\daheng\data\laser_plane\fit\laser 011.tif,D:\Docs\linelaserscan\calibration_tool\projects\daheng\data\laser_plane\fit\chess 011.tif,D:\Docs\linelaserscan\calibration_tool\projects\daheng\data\laser_plane\fit\nolaser 011.tif,D:\Docs\linelaserscan\calibration_tool\projects\daheng\data\laser_plane\fit\laser 011.tif,original_task2_provenance,true,8e1abad59ef5f12f294be9fa69844044cc3cca4dacb1f90bc6b0522d6a81e2dd,201f14ec5d55c1fbf49357a9e6d844fd8f6520ac379d36c01d36e5f39676ea81,e22a4fdc6c99d1d884b2360d964f5d7dce712601dda76bf6c0d1df3c42c04704,8e1abad59ef5f12f294be9fa69844044cc3cca4dacb1f90bc6b0522d6a81e2dd,201f14ec5d55c1fbf49357a9e6d844fd8f6520ac379d36c01d36e5f39676ea81,e22a4fdc6c99d1d884b2360d964f5d7dce712601dda76bf6c0d1df3c42c04704,,900,,,,,,,
012,fit,original_0811_triplet,original_0811,fit,D:\Docs\linelaserscan\calibration_tool\projects\daheng\data\laser_plane\fit\chess 012.tif,D:\Docs\linelaserscan\calibration_tool\projects\daheng\data\laser_plane\fit\nolaser 012.tif,D:\Docs\linelaserscan\calibration_tool\projects\daheng\data\laser_plane\fit\laser 012.tif,D:\Docs\linelaserscan\calibration_tool\projects\daheng\data\laser_plane\fit\chess 012.tif,D:\Docs\linelaserscan\calibration_tool\projects\daheng\data\laser_plane\fit\nolaser 012.tif,D:\Docs\linelaserscan\calibration_tool\projects\daheng\data\laser_plane\fit\laser 012.tif,original_task2_provenance,true,9f9736183f2142c7d504c2e09764fcb127d01c34d24f2110f99c84c41bc7f9f0,bbdeadf80462148b3ea4b07feba0add42d1e373a65a431a3c085cfa5b3d8f281,182b44c402c95eefc247fd2490f97e9eb9583e30b88d7ef8c6f8aa5f4b9c0722,9f9736183f2142c7d504c2e09764fcb127d01c34d24f2110f99c84c41bc7f9f0,bbdeadf80462148b3ea4b07feba0add42d1e373a65a431a3c085cfa5b3d8f281,182b44c402c95eefc247fd2490f97e9eb9583e30b88d7ef8c6f8aa5f4b9c0722,,900,,,,,,,
013,fit,original_0811_triplet,original_0811,fit,D:\Docs\linelaserscan\calibration_tool\projects\daheng\data\laser_plane\fit\chess 013.tif,D:\Docs\linelaserscan\calibration_tool\projects\daheng\data\laser_plane\fit\nolaser 013.tif,D:\Docs\linelaserscan\calibration_tool\projects\daheng\data\laser_plane\fit\laser 013.tif,D:\Docs\linelaserscan\calibration_tool\projects\daheng\data\laser_plane\fit\chess 013.tif,D:\Docs\linelaserscan\calibration_tool\projects\daheng\data\laser_plane\fit\nolaser 013.tif,D:\Docs\linelaserscan\calibration_tool\projects\daheng\data\laser_plane\fit\laser 013.tif,original_task2_provenance,true,3b2719dd633b28923a0a3ba18e743e02ab641e29786941d79855a4c6e3a04428,151e2398ff7794e8ccb18fb8fe0cabd94700a221ab9eef38cc1870ca313d48ba,6b604a883aaab8bc3521ab1b60cadf6fdbe0644ea4efcbca46a5075e13cd0169,3b2719dd633b28923a0a3ba18e743e02ab641e29786941d79855a4c6e3a04428,151e2398ff7794e8ccb18fb8fe0cabd94700a221ab9eef38cc1870ca313d48ba,6b604a883aaab8bc3521ab1b60cadf6fdbe0644ea4efcbca46a5075e13cd0169,,900,,,,,,,
014,fit,original_0811_triplet,original_0811,fit,D:\Docs\linelaserscan\calibration_tool\projects\daheng\data\laser_plane\fit\chess 014.tif,D:\Docs\linelaserscan\calibration_tool\projects\daheng\data\laser_plane\fit\nolaser 014.tif,D:\Docs\linelaserscan\calibration_tool\projects\daheng\data\laser_plane\fit\laser 014.tif,D:\Docs\linelaserscan\calibration_tool\projects\daheng\data\laser_plane\fit\chess 014.tif,D:\Docs\linelaserscan\calibration_tool\projects\daheng\data\laser_plane\fit\nolaser 014.tif,D:\Docs\linelaserscan\calibration_tool\projects\daheng\data\laser_plane\fit\laser 014.tif,original_task2_provenance,true,9e513afcd55b4e122e09ba7fc0dbd282b35c0b552a9e3e25ddf09085f24c5024,41f2fc5716b963b936ffa9c280031b9e9ee647c5fa524356fa09f55ddcda6546,dff12b9c99ecf9e1a496a58f9c456befaa6d6a91bf5ba55ea413c5a31f773bb3,9e513afcd55b4e122e09ba7fc0dbd282b35c0b552a9e3e25ddf09085f24c5024,41f2fc5716b963b936ffa9c280031b9e9ee647c5fa524356fa09f55ddcda6546,dff12b9c99ecf9e1a496a58f9c456befaa6d6a91bf5ba55ea413c5a31f773bb3,,900,,,,,,,
015,fit,original_0811_triplet,original_0811,fit,D:\Docs\linelaserscan\calibration_tool\projects\daheng\data\laser_plane\fit\chess 015.tif,D:\Docs\linelaserscan\calibration_tool\projects\daheng\data\laser_plane\fit\nolaser 015.tif,D:\Docs\linelaserscan\calibration_tool\projects\daheng\data\laser_plane\fit\laser 015.tif,D:\Docs\linelaserscan\calibration_tool\projects\daheng\data\laser_plane\fit\chess 015.tif,D:\Docs\linelaserscan\calibration_tool\projects\daheng\data\laser_plane\fit\nolaser 015.tif,D:\Docs\linelaserscan\calibration_tool\projects\daheng\data\laser_plane\fit\laser 015.tif,original_task2_provenance,true,6272b90a7c00de61f47614fb856b74798a869834606e34a0db9a4ff1a6539644,76933f5df0de1a0f66be1035dbae5776bb44d7e837587047b7d2a9d36c1beb54,0296aa8415b0d4637ec1b46295327e23d6b0d19ce883cd311a29e0052c1c9bee,6272b90a7c00de61f47614fb856b74798a869834606e34a0db9a4ff1a6539644,76933f5df0de1a0f66be1035dbae5776bb44d7e837587047b7d2a9d36c1beb54,0296aa8415b0d4637ec1b46295327e23d6b0d19ce883cd311a29e0052c1c9bee,,900,,,,,,,
016,fit,original_0811_triplet,original_0811,fit,D:\Docs\linelaserscan\calibration_tool\projects\daheng\data\laser_plane\fit\chess 016.tif,D:\Docs\linelaserscan\calibration_tool\projects\daheng\data\laser_plane\fit\nolaser 016.tif,D:\Docs\linelaserscan\calibration_tool\projects\daheng\data\laser_plane\fit\laser 016.tif,D:\Docs\linelaserscan\calibration_tool\projects\daheng\data\laser_plane\fit\chess 016.tif,D:\Docs\linelaserscan\calibration_tool\projects\daheng\data\laser_plane\fit\nolaser 016.tif,D:\Docs\linelaserscan\calibration_tool\projects\daheng\data\laser_plane\fit\laser 016.tif,original_task2_provenance,true,5cb29fbf660953949b0c6b1a988986d6df6820768c8c607e83c4dea6f97a7d9a,b7994d8b5f14e3069f0b515165f73242cb46a4be7ca76a14ab3c825dd2ab6305,ce797f4d8ab9a266a130854ba7f2fbed541dc422454cbf8cf8986517157bb936,5cb29fbf660953949b0c6b1a988986d6df6820768c8c607e83c4dea6f97a7d9a,b7994d8b5f14e3069f0b515165f73242cb46a4be7ca76a14ab3c825dd2ab6305,ce797f4d8ab9a266a130854ba7f2fbed541dc422454cbf8cf8986517157bb936,,900,,,,,,,
017,fit,original_0811_triplet,original_0811,fit,D:\Docs\linelaserscan\calibration_tool\projects\daheng\data\laser_plane\fit\chess 017.tif,D:\Docs\linelaserscan\calibration_tool\projects\daheng\data\laser_plane\fit\nolaser 017.tif,D:\Docs\linelaserscan\calibration_tool\projects\daheng\data\laser_plane\fit\laser 017.tif,D:\Docs\linelaserscan\calibration_tool\projects\daheng\data\laser_plane\fit\chess 017.tif,D:\Docs\linelaserscan\calibration_tool\projects\daheng\data\laser_plane\fit\nolaser 017.tif,D:\Docs\linelaserscan\calibration_tool\projects\daheng\data\laser_plane\fit\laser 017.tif,original_task2_provenance,true,9efd9083b7020035324dc93efceb8040468b5b5b68bd7dcf7cf6fb72a0c78295,1c46bf79b6f007530463297e5dae6e7f43fc23ecae8e4781f5f16e223dbc6145,db2e95ce13ba4ce3460660dff40e600a6108d5527f73b75a38dbf8f63c9f1be6,9efd9083b7020035324dc93efceb8040468b5b5b68bd7dcf7cf6fb72a0c78295,1c46bf79b6f007530463297e5dae6e7f43fc23ecae8e4781f5f16e223dbc6145,db2e95ce13ba4ce3460660dff40e600a6108d5527f73b75a38dbf8f63c9f1be6,,890,,,,,,,
018,fit,original_0811_triplet,original_0811,fit,D:\Docs\linelaserscan\calibration_tool\projects\daheng\data\laser_plane\fit\chess 018.tif,D:\Docs\linelaserscan\calibration_tool\projects\daheng\data\laser_plane\fit\nolaser 018.tif,D:\Docs\linelaserscan\calibration_tool\projects\daheng\data\laser_plane\fit\laser 018.tif,D:\Docs\linelaserscan\calibration_tool\projects\daheng\data\laser_plane\fit\chess 018.tif,D:\Docs\linelaserscan\calibration_tool\projects\daheng\data\laser_plane\fit\nolaser 018.tif,D:\Docs\linelaserscan\calibration_tool\projects\daheng\data\laser_plane\fit\laser 018.tif,original_task2_provenance,true,378dc5edd09c523f68436da7d62494be5c55fe658a1cc9402f60c2ddb3b4e672,14e021049e4cb046f7946639e6bdf8956cb65bfe2327df24e98041fd75ffac2b,a44c9bdeba61fef9986234ba588d2dcc03f42cd0f7ca76db01e8a4edd4b08951,378dc5edd09c523f68436da7d62494be5c55fe658a1cc9402f60c2ddb3b4e672,14e021049e4cb046f7946639e6bdf8956cb65bfe2327df24e98041fd75ffac2b,a44c9bdeba61fef9986234ba588d2dcc03f42cd0f7ca76db01e8a4edd4b08951,,900,,,,,,,
019,validation,original_0811_triplet,original_0811,validation,D:\Docs\linelaserscan\calibration_tool\projects\daheng\data\laser_plane\validation\chess 019.tif,D:\Docs\linelaserscan\calibration_tool\projects\daheng\data\laser_plane\validation\nolaser 019.tif,D:\Docs\linelaserscan\calibration_tool\projects\daheng\data\laser_plane\validation\laser 019.tif,D:\Docs\linelaserscan\calibration_tool\projects\daheng\data\laser_plane\validation\chess 019.tif,D:\Docs\linelaserscan\calibration_tool\projects\daheng\data\laser_plane\validation\nolaser 019.tif,D:\Docs\linelaserscan\calibration_tool\projects\daheng\data\laser_plane\validation\laser 019.tif,original_task2_provenance,true,16247398689bf582af15d6c0e937168f4cd4d3ad317bb3e2a5516ebbf76fc980,b41db69fe3a4fb1d3160e4a98558724a78bcc8b4b261d55719ac4fcea2296acf,217c16b7595e0f580b3127dd623ee42ad67acd4bf3a0cd7811525f62306a78cf,16247398689bf582af15d6c0e937168f4cd4d3ad317bb3e2a5516ebbf76fc980,b41db69fe3a4fb1d3160e4a98558724a78bcc8b4b261d55719ac4fcea2296acf,217c16b7595e0f580b3127dd623ee42ad67acd4bf3a0cd7811525f62306a78cf,,900,,,,,,,
020,validation,original_0811_triplet,original_0811,validation,D:\Docs\linelaserscan\calibration_tool\projects\daheng\data\laser_plane\validation\chess 020.tif,D:\Docs\linelaserscan\calibration_tool\projects\daheng\data\laser_plane\validation\nolaser 020.tif,D:\Docs\linelaserscan\calibration_tool\projects\daheng\data\laser_plane\validation\laser 020.tif,D:\Docs\linelaserscan\calibration_tool\projects\daheng\data\laser_plane\validation\chess 020.tif,D:\Docs\linelaserscan\calibration_tool\projects\daheng\data\laser_plane\validation\nolaser 020.tif,D:\Docs\linelaserscan\calibration_tool\projects\daheng\data\laser_plane\validation\laser 020.tif,original_task2_provenance,true,f2696f64f2192121ea1ccc21adf8214ebcbc27f61d04e0aa0779556cbfde7a10,9fa8c2e4e37439a626f963293d699e90463016ee24c3578b1d658e8272c43ca5,2362d7222c4ac56a9281d08491d603609f2f23832e67832920b9b12b93b736de,f2696f64f2192121ea1ccc21adf8214ebcbc27f61d04e0aa0779556cbfde7a10,9fa8c2e4e37439a626f963293d699e90463016ee24c3578b1d658e8272c43ca5,2362d7222c4ac56a9281d08491d603609f2f23832e67832920b9b12b93b736de,,900,,,,,,,
021,validation,original_0811_triplet,original_0811,validation,D:\Docs\linelaserscan\calibration_tool\projects\daheng\data\laser_plane\validation\chess 021.tif,D:\Docs\linelaserscan\calibration_tool\projects\daheng\data\laser_plane\validation\nolaser 021.tif,D:\Docs\linelaserscan\calibration_tool\projects\daheng\data\laser_plane\validation\laser 021.tif,D:\Docs\linelaserscan\calibration_tool\projects\daheng\data\laser_plane\validation\chess 021.tif,D:\Docs\linelaserscan\calibration_tool\projects\daheng\data\laser_plane\validation\nolaser 021.tif,D:\Docs\linelaserscan\calibration_tool\projects\daheng\data\laser_plane\validation\laser 021.tif,original_task2_provenance,true,7930f03c2b155866c7bc3707f88e0398e619a5d58c8955bac8c867a7743efd5a,ba7e6a4710bfa8a8f8a0493c1f69ffe7895609f7f8c88e71db184cc98a2f91a6,1a386da6584cec49d9d4d219e70f99146d7adb774856399f9530fc907e2d4f20,7930f03c2b155866c7bc3707f88e0398e619a5d58c8955bac8c867a7743efd5a,ba7e6a4710bfa8a8f8a0493c1f69ffe7895609f7f8c88e71db184cc98a2f91a6,1a386da6584cec49d9d4d219e70f99146d7adb774856399f9530fc907e2d4f20,,900,,,,,,,
022,validation,original_0811_triplet,original_0811,validation,D:\Docs\linelaserscan\calibration_tool\projects\daheng\data\laser_plane\validation\chess 022.tif,D:\Docs\linelaserscan\calibration_tool\projects\daheng\data\laser_plane\validation\nolaser 022.tif,D:\Docs\linelaserscan\calibration_tool\projects\daheng\data\laser_plane\validation\laser 022.tif,D:\Docs\linelaserscan\calibration_tool\projects\daheng\data\laser_plane\validation\chess 022.tif,D:\Docs\linelaserscan\calibration_tool\projects\daheng\data\laser_plane\validation\nolaser 022.tif,D:\Docs\linelaserscan\calibration_tool\projects\daheng\data\laser_plane\validation\laser 022.tif,original_task2_provenance,true,bb831997008887481823ef8e2ecd7e03ea0cf0701fe9eb230fcbf191273c966c,967a16616b9292561932b7e7baddc22a2171a5ff3f4dc7efa5595ced8b56aa17,ffe85b027bcb2a3427c34659783adc1c3c5d73cd89438ebb89169a9fcc17a140,bb831997008887481823ef8e2ecd7e03ea0cf0701fe9eb230fcbf191273c966c,967a16616b9292561932b7e7baddc22a2171a5ff3f4dc7efa5595ced8b56aa17,ffe85b027bcb2a3427c34659783adc1c3c5d73cd89438ebb89169a9fcc17a140,,900,,,,,,,
023,validation,original_0811_triplet,original_0811,validation,D:\Docs\linelaserscan\calibration_tool\projects\daheng\data\laser_plane\validation\chess 023.tif,D:\Docs\linelaserscan\calibration_tool\projects\daheng\data\laser_plane\validation\nolaser 023.tif,D:\Docs\linelaserscan\calibration_tool\projects\daheng\data\laser_plane\validation\laser 023.tif,D:\Docs\linelaserscan\calibration_tool\projects\daheng\data\laser_plane\validation\chess 023.tif,D:\Docs\linelaserscan\calibration_tool\projects\daheng\data\laser_plane\validation\nolaser 023.tif,D:\Docs\linelaserscan\calibration_tool\projects\daheng\data\laser_plane\validation\laser 023.tif,original_task2_provenance,true,61c751f8c00b72a3f16c11b8816b9e8576efd94e430a9975059fdec5fcc5bd13,7c427f818cf8d547ae008f6368012262a52716d0abb48266baa946e623b4dbe4,313b31b27309f1867df61c03f3d247f161c9855ce21dfadf73bc92c7beec31f6,61c751f8c00b72a3f16c11b8816b9e8576efd94e430a9975059fdec5fcc5bd13,7c427f818cf8d547ae008f6368012262a52716d0abb48266baa946e623b4dbe4,313b31b27309f1867df61c03f3d247f161c9855ce21dfadf73bc92c7beec31f6,,900,,,,,,,
024,validation,original_0811_triplet,original_0811,validation,D:\Docs\linelaserscan\calibration_tool\projects\daheng\data\laser_plane\validation\chess 024.tif,D:\Docs\linelaserscan\calibration_tool\projects\daheng\data\laser_plane\validation\nolaser 024.tif,D:\Docs\linelaserscan\calibration_tool\projects\daheng\data\laser_plane\validation\laser 024.tif,D:\Docs\linelaserscan\calibration_tool\projects\daheng\data\laser_plane\validation\chess 024.tif,D:\Docs\linelaserscan\calibration_tool\projects\daheng\data\laser_plane\validation\nolaser 024.tif,D:\Docs\linelaserscan\calibration_tool\projects\daheng\data\laser_plane\validation\laser 024.tif,original_task2_provenance,true,d72a45184ec590560a5ac71ca1257d67ff110f4be218ffe54348df2be1e57219,bdf26cb937b71cfed613aa389d855de5f25321c144ec86cdc0860da56245e9b3,1436759a04874be024ac5ec28bb17ceb666cbe0dea9a14cd1edba82b44d1f7ea,d72a45184ec590560a5ac71ca1257d67ff110f4be218ffe54348df2be1e57219,bdf26cb937b71cfed613aa389d855de5f25321c144ec86cdc0860da56245e9b3,1436759a04874be024ac5ec28bb17ceb666cbe0dea9a14cd1edba82b44d1f7ea,,900,,,,,,,
025,fit,D:\Docs\linelaserscan\calibration_tool\projects\daheng\data\laser_plane\fit_edge_extension,fit_edge_extension,fit,fit/chess 025.tif,fit/nolaser 025.tif,fit/laser 025.tif,D:\Docs\linelaserscan\calibration_tool\projects\daheng\data\laser_plane\fit_edge_extension\fit\chess 025.tif,D:\Docs\linelaserscan\calibration_tool\projects\daheng\data\laser_plane\fit_edge_extension\fit\nolaser 025.tif,D:\Docs\linelaserscan\calibration_tool\projects\daheng\data\laser_plane\fit_edge_extension\fit\laser 025.tif,chess:recorded_path;nolaser:recorded_path;laser:recorded_path,true,1911f8cbf3d30c04ff29e59b450251c76450c8b115349ea791c8c9fdad13e260,c32eeb6b97920b3351cdace111ff03807ca7b31df5abb221115874f40b46d123,a2f3241113f7e8a4b9feb1ad1af2600067ea692b192cab36686970400cd257a2,1911f8cbf3d30c04ff29e59b450251c76450c8b115349ea791c8c9fdad13e260,c32eeb6b97920b3351cdace111ff03807ca7b31df5abb221115874f40b46d123,a2f3241113f7e8a4b9feb1ad1af2600067ea692b192cab36686970400cd257a2,0.156194957322,900,1800.39854613,2051.06550709,246.989737795,2341.99304565,621.419119364,695.528452895,dynamic_range_low;image_too_dark;dynamic_range_low
026,fit,D:\Docs\linelaserscan\calibration_tool\projects\daheng\data\laser_plane\fit_edge_extension,fit_edge_extension,fit,fit/chess 026.tif,fit/nolaser 026.tif,fit/laser 026.tif,D:\Docs\linelaserscan\calibration_tool\projects\daheng\data\laser_plane\fit_edge_extension\fit\chess 026.tif,D:\Docs\linelaserscan\calibration_tool\projects\daheng\data\laser_plane\fit_edge_extension\fit\nolaser 026.tif,D:\Docs\linelaserscan\calibration_tool\projects\daheng\data\laser_plane\fit_edge_extension\fit\laser 026.tif,chess:recorded_path;nolaser:recorded_path;laser:recorded_path,true,8a878ed676efe9d5a1bdcfedc37ec024af7ca9594d13d1d1ed4ec9db15ce8509,552b51cc04017df68434e875e5dd9135f639c5c706ac36f747f208edc75497dd,35e1b5429f25dbd18f8ea2b6fd6868f16bb46f2aeb8c82407ec1ce54f3eabfd4,8a878ed676efe9d5a1bdcfedc37ec024af7ca9594d13d1d1ed4ec9db15ce8509,552b51cc04017df68434e875e5dd9135f639c5c706ac36f747f208edc75497dd,35e1b5429f25dbd18f8ea2b6fd6868f16bb46f2aeb8c82407ec1ce54f3eabfd4,0.16533904087,900,1797.29414176,2038.39772134,427.0547664,2874.00603774,621.296453731,692.468052674,dynamic_range_low;image_too_dark;dynamic_range_low
027,fit,D:\Docs\linelaserscan\calibration_tool\projects\daheng\data\laser_plane\fit_edge_extension,fit_edge_extension,fit,fit/chess 027.tif,fit/nolaser 027.tif,fit/laser 027.tif,D:\Docs\linelaserscan\calibration_tool\projects\daheng\data\laser_plane\fit_edge_extension\fit\chess 027.tif,D:\Docs\linelaserscan\calibration_tool\projects\daheng\data\laser_plane\fit_edge_extension\fit\nolaser 027.tif,D:\Docs\linelaserscan\calibration_tool\projects\daheng\data\laser_plane\fit_edge_extension\fit\laser 027.tif,chess:recorded_path;nolaser:recorded_path;laser:recorded_path,true,2e17096d5d5137245b46f789979efc8af031300fb5c0ede872684ab2d5e024de,8938226a408a5edde9ab13136911ec00ac5ee07dbc0495947c5a95544455853d,ae6990854873bc82154468218b3a58b5199ac0b7c9afa2efe551f6fb5d21ef3e,2e17096d5d5137245b46f789979efc8af031300fb5c0ede872684ab2d5e024de,8938226a408a5edde9ab13136911ec00ac5ee07dbc0495947c5a95544455853d,ae6990854873bc82154468218b3a58b5199ac0b7c9afa2efe551f6fb5d21ef3e,0.174137448697,900,1832.77527415,2043.99258052,373.044093311,1795.0011746,629.636177347,692.67181041,dynamic_range_low;image_too_dark;dynamic_range_low
028,fit,D:\Docs\linelaserscan\calibration_tool\projects\daheng\data\laser_plane\fit_edge_extension,fit_edge_extension,fit,fit/chess 028.tif,fit/nolaser 028.tif,fit/laser 028.tif,D:\Docs\linelaserscan\calibration_tool\projects\daheng\data\laser_plane\fit_edge_extension\fit\chess 028.tif,D:\Docs\linelaserscan\calibration_tool\projects\daheng\data\laser_plane\fit_edge_extension\fit\nolaser 028.tif,D:\Docs\linelaserscan\calibration_tool\projects\daheng\data\laser_plane\fit_edge_extension\fit\laser 028.tif,chess:recorded_path;nolaser:recorded_path;laser:recorded_path,true,8239738988ea650c6b58a4fc87d70af9a791d94a8189a010138ba2cbf1f29312,edb02bd8f21c418cb20722676024cfa7efa70b9420e06a7d5ba9d6e40b9e8148,9ffa95dc7ba7f6ebc45e1e4759509a2734c0b98912daf9c2827a399eb4ba22ce,8239738988ea650c6b58a4fc87d70af9a791d94a8189a010138ba2cbf1f29312,edb02bd8f21c418cb20722676024cfa7efa70b9420e06a7d5ba9d6e40b9e8148,9ffa95dc7ba7f6ebc45e1e4759509a2734c0b98912daf9c2827a399eb4ba22ce,0.183640226789,900,1864.75921945,1881.54446726,260.999845857,2544.99959062,641.526305843,643.546565101,dynamic_range_low;image_too_dark;dynamic_range_low
029,fit,D:\Docs\linelaserscan\calibration_tool\projects\daheng\data\laser_plane\fit_edge_extension,fit_edge_extension,fit,fit/chess 029.tif,fit/nolaser 029.tif,fit/laser 029.tif,D:\Docs\linelaserscan\calibration_tool\projects\daheng\data\laser_plane\fit_edge_extension\fit\chess 029.tif,D:\Docs\linelaserscan\calibration_tool\projects\daheng\data\laser_plane\fit_edge_extension\fit\nolaser 029.tif,D:\Docs\linelaserscan\calibration_tool\projects\daheng\data\laser_plane\fit_edge_extension\fit\laser 029.tif,chess:recorded_path;nolaser:recorded_path;laser:recorded_path,true,5e391e901e3599f986275208aaa1b5dcb2586afcd970e6f5b02ec4f71d9656b1,f7b0d835950a70ef179636fd79bb2a336f1a61b8f1e5fd3d90ba62a82d295136,a36767bfabb50f977c5bec4b306df75cef153759cae28d9e58a7d2164e3d37e9,5e391e901e3599f986275208aaa1b5dcb2586afcd970e6f5b02ec4f71d9656b1,f7b0d835950a70ef179636fd79bb2a336f1a61b8f1e5fd3d90ba62a82d295136,a36767bfabb50f977c5bec4b306df75cef153759cae28d9e58a7d2164e3d37e9,0.105169991254,900,1954.72512745,1996.89882845,284.003284257,2471.01844868,667.697406914,673.112585327,dynamic_range_low;image_too_dark;dynamic_range_low
030,fit,D:\Docs\linelaserscan\calibration_tool\projects\daheng\data\laser_plane\fit_edge_extension,fit_edge_extension,fit,fit/chess 030.tif,fit/nolaser 030.tif,fit/laser 030.tif,D:\Docs\linelaserscan\calibration_tool\projects\daheng\data\laser_plane\fit_edge_extension\fit\chess 030.tif,D:\Docs\linelaserscan\calibration_tool\projects\daheng\data\laser_plane\fit_edge_extension\fit\nolaser 030.tif,D:\Docs\linelaserscan\calibration_tool\projects\daheng\data\laser_plane\fit_edge_extension\fit\laser 030.tif,chess:recorded_path;nolaser:recorded_path;laser:recorded_path,true,714b08ed2c64b4fe286ed7519fa3543a3e4eb594e73ca2f3055c5681f2795858,ff7a0bf17280ff79c4ebc4a6781b7278bde9e46cf98dfb2d2b9597b5c38f1edd,f14b237af941426fe46eaf035e6371df04e7990a9405da715e114c08271c74fc,714b08ed2c64b4fe286ed7519fa3543a3e4eb594e73ca2f3055c5681f2795858,ff7a0bf17280ff79c4ebc4a6781b7278bde9e46cf98dfb2d2b9597b5c38f1edd,f14b237af941426fe46eaf035e6371df04e7990a9405da715e114c08271c74fc,0.130974396002,900,2027.46564208,2071.42353138,238.983778825,2364.99393378,688.437996862,694.708740492,dynamic_range_low;image_too_dark;dynamic_range_low
031,fit,D:\Docs\linelaserscan\calibration_tool\projects\daheng\data\laser_plane\fit_edge_extension,fit_edge_extension,fit,fit/chess 031.tif,fit/nolaser 031.tif,fit/laser 031.tif,D:\Docs\linelaserscan\calibration_tool\projects\daheng\data\laser_plane\fit_edge_extension\fit\chess 031.tif,D:\Docs\linelaserscan\calibration_tool\projects\daheng\data\laser_plane\fit_edge_extension\fit\nolaser 031.tif,D:\Docs\linelaserscan\calibration_tool\projects\daheng\data\laser_plane\fit_edge_extension\fit\laser 031.tif,chess:recorded_path;nolaser:recorded_path;laser:recorded_path,true,9592eb1329658288a4d3c6a0b67fdcdd0b43e069ecb59386b264729aff21bac9,b4563fea57ed9266691d4671258ea4273fc2c04c7377446dac3f80b105f48efc,c19ae0f1adf5102619a589624f999baf7755ee3a71dd49e9bf5fb31890869cb6,9592eb1329658288a4d3c6a0b67fdcdd0b43e069ecb59386b264729aff21bac9,b4563fea57ed9266691d4671258ea4273fc2c04c7377446dac3f80b105f48efc,c19ae0f1adf5102619a589624f999baf7755ee3a71dd49e9bf5fb31890869cb6,0.113664322854,900,1951.83886976,2100.90718031,637.989873328,2737.98764919,667.127404927,705.417548976,dynamic_range_low;image_too_dark;dynamic_range_low
032,fit,D:\Docs\linelaserscan\calibration_tool\projects\daheng\data\laser_plane\fit_edge_extension,fit_edge_extension,fit,fit/chess 032.tif,fit/nolaser 032.tif,fit/laser 032.tif,D:\Docs\linelaserscan\calibration_tool\projects\daheng\data\laser_plane\fit_edge_extension\fit\chess 032.tif,D:\Docs\linelaserscan\calibration_tool\projects\daheng\data\laser_plane\fit_edge_extension\fit\nolaser 032.tif,D:\Docs\linelaserscan\calibration_tool\projects\daheng\data\laser_plane\fit_edge_extension\fit\laser 032.tif,chess:recorded_path;nolaser:recorded_path;laser:recorded_path,true,637e5bdf3bfaa8c56889d25ebc7c5b97331c0d4f9286a70306f6af542477fdba,bc0bb413d4ec093cfffeefdee8bef0b5dca9afa2242a16a289036efabb685f2a,06ee8321d02c72824e6af7912a6285a09956c09f60a5c210ad921563e80dc7a8,637e5bdf3bfaa8c56889d25ebc7c5b97331c0d4f9286a70306f6af542477fdba,bc0bb413d4ec093cfffeefdee8bef0b5dca9afa2242a16a289036efabb685f2a,06ee8321d02c72824e6af7912a6285a09956c09f60a5c210ad921563e80dc7a8,0.129363970982,900,1984.26549047,1999.8733241,563.004422214,2737.9601862,674.877646172,676.430469648,dynamic_range_low;laser_peak_saturated;laser_peak_near_saturation;image_too_dark;dynamic_range_low
033,fit,D:\Docs\linelaserscan\calibration_tool\projects\daheng\data\laser_plane\fit_edge_extension,fit_edge_extension,fit,fit/chess 033.tif,fit/nolaser 033.tif,fit/laser 033.tif,D:\Docs\linelaserscan\calibration_tool\projects\daheng\data\laser_plane\fit_edge_extension\fit\chess 033.tif,D:\Docs\linelaserscan\calibration_tool\projects\daheng\data\laser_plane\fit_edge_extension\fit\nolaser 033.tif,D:\Docs\linelaserscan\calibration_tool\projects\daheng\data\laser_plane\fit_edge_extension\fit\laser 033.tif,chess:recorded_path;nolaser:recorded_path;laser:recorded_path,true,725bbaeba42c80648232bb64c5ece4e2c0b6f553fffe48021c396a2ed56625a8,1ba8f218a0b510490cc6b5246b7a8a2c212d7f9055793c692563dcb92eacf0c3,e13146f9c6928cd6f282c6a3571b8831ee92184d7405b606947b6939183f390b,725bbaeba42c80648232bb64c5ece4e2c0b6f553fffe48021c396a2ed56625a8,1ba8f218a0b510490cc6b5246b7a8a2c212d7f9055793c692563dcb92eacf0c3,e13146f9c6928cd6f282c6a3571b8831ee92184d7405b606947b6939183f390b,0.122131244014,900,2041.90901252,2046.22220002,555.000446284,2706.00419836,687.770165455,694.622334477,dynamic_range_low;image_too_dark;dynamic_range_low
034,fit,D:\Docs\linelaserscan\calibration_tool\projects\daheng\data\laser_plane\fit_edge_extension,fit_edge_extension,fit,fit/chess 034.tif,fit/nolaser 034.tif,fit/laser 034.tif,D:\Docs\linelaserscan\calibration_tool\projects\daheng\data\laser_plane\fit_edge_extension\fit\chess 034.tif,D:\Docs\linelaserscan\calibration_tool\projects\daheng\data\laser_plane\fit_edge_extension\fit\nolaser 034.tif,D:\Docs\linelaserscan\calibration_tool\projects\daheng\data\laser_plane\fit_edge_extension\fit\laser 034.tif,chess:recorded_path;nolaser:recorded_path;laser:recorded_path,true,1bb0b5b769fc37aed3d2173c2ede33e1725a90a38c5fab8be921dc61d30687c9,e4fcdbdcd5fbf9d3ebd20a117d28f59dad27ea887eacf40e179e6d3dd66ef767,e2b2f9d1a704a3fa0bc3c8dfe2a34a575622ddd9e5e8af5f86c1ae17bac4bb6e,1bb0b5b769fc37aed3d2173c2ede33e1725a90a38c5fab8be921dc61d30687c9,e4fcdbdcd5fbf9d3ebd20a117d28f59dad27ea887eacf40e179e6d3dd66ef767,e2b2f9d1a704a3fa0bc3c8dfe2a34a575622ddd9e5e8af5f86c1ae17bac4bb6e,0.100252426035,900,1966.80536283,1985.18091105,516.000267049,2698.00014242,670.641046012,671.486773222,dynamic_range_low;image_too_dark;dynamic_range_low
035,fit,D:\Docs\linelaserscan\calibration_tool\projects\daheng\data\laser_plane\fit_edge_extension,fit_edge_extension,fit,fit/chess 035.tif,fit/nolaser 035.tif,fit/laser 035.tif,D:\Docs\linelaserscan\calibration_tool\projects\daheng\data\laser_plane\fit_edge_extension\fit\chess 035.tif,D:\Docs\linelaserscan\calibration_tool\projects\daheng\data\laser_plane\fit_edge_extension\fit\nolaser 035.tif,D:\Docs\linelaserscan\calibration_tool\projects\daheng\data\laser_plane\fit_edge_extension\fit\laser 035.tif,chess:recorded_path;nolaser:recorded_path;laser:recorded_path,true,e4e22c906917703ba96297c63e6b2d3626a71d6084decc5ba86b7337420d7e6e,732b5996195e118fe4b144364b749c5ab4f65495037d1ea4ea8ecfe9d839baf5,a8ed2bbc39d9cd313b4998998063abb8b2e139e79ed30be1aa58f60533d54852,e4e22c906917703ba96297c63e6b2d3626a71d6084decc5ba86b7337420d7e6e,732b5996195e118fe4b144364b749c5ab4f65495037d1ea4ea8ecfe9d839baf5,a8ed2bbc39d9cd313b4998998063abb8b2e139e79ed30be1aa58f60533d54852,0.133160522013,900,1947.5029608,2070.01002058,677.872495581,2773.99854736,660.47019947,701.984410339,dynamic_range_low;image_too_dark;dynamic_range_low
036,fit,D:\Docs\linelaserscan\calibration_tool\projects\daheng\data\laser_plane\fit_edge_extension,fit_edge_extension,fit,fit/chess 036.tif,fit/nolaser 036.tif,fit/laser 036.tif,D:\Docs\linelaserscan\calibration_tool\projects\daheng\data\laser_plane\fit_edge_extension\fit\chess 036.tif,D:\Docs\linelaserscan\calibration_tool\projects\daheng\data\laser_plane\fit_edge_extension\fit\nolaser 036.tif,D:\Docs\linelaserscan\calibration_tool\projects\daheng\data\laser_plane\fit_edge_extension\fit\laser 036.tif,chess:recorded_path;nolaser:recorded_path;laser:recorded_path,true,cf547d8f7257f3f7d9c0bb0aba08a31720b8f37729128de24dc968d93cdf2176,47f3febbb4cda16cbe18138ccff1750e3e7141ff73d9a114f180bd4763390a4c,141437fe272d452f5674d62471fcecdcc92e408bb58a3863b6692862de8122e8,cf547d8f7257f3f7d9c0bb0aba08a31720b8f37729128de24dc968d93cdf2176,47f3febbb4cda16cbe18138ccff1750e3e7141ff73d9a114f180bd4763390a4c,141437fe272d452f5674d62471fcecdcc92e408bb58a3863b6692862de8122e8,0.0907979726294,900,2100.50808486,2126.66685229,647.060542159,2723.99019215,711.518505081,713.347156003,dynamic_range_low;image_too_dark;dynamic_range_low
037,validation,D:\Docs\linelaserscan\calibration_tool\projects\daheng\data\laser_plane\validation_edge_holdout,fit_edge_extension,fit,fit/chess 037.tif,fit/nolaser 037.tif,fit/laser 037.tif,D:\Docs\linelaserscan\calibration_tool\projects\daheng\data\laser_plane\validation_edge_holdout\validation\chess 037.tif,D:\Docs\linelaserscan\calibration_tool\projects\daheng\data\laser_plane\validation_edge_holdout\validation\nolaser 037.tif,D:\Docs\linelaserscan\calibration_tool\projects\daheng\data\laser_plane\validation_edge_holdout\validation\laser 037.tif,chess:unique_basename_relocated;nolaser:unique_basename_relocated;laser:unique_basename_relocated,true,e62c3be93b5f1e2c8e1fe2c0b0745ff303b3909d10739b1fb7d2537b54df5c50,17181157317ab940499776bd0e746a3ca242ae380b2fa23632380551618bf46a,a5d78e747fb0ae872247d66eded6912ecd6d4d68a8f09330b6d19631a57c7ec0,e62c3be93b5f1e2c8e1fe2c0b0745ff303b3909d10739b1fb7d2537b54df5c50,17181157317ab940499776bd0e746a3ca242ae380b2fa23632380551618bf46a,a5d78e747fb0ae872247d66eded6912ecd6d4d68a8f09330b6d19631a57c7ec0,0.105382826439,900,2100.2633537,2126.95589167,618.027523369,2744.98483697,711.503932028,713.355908592,dynamic_range_low;image_too_dark;dynamic_range_low
038,validation,D:\Docs\linelaserscan\calibration_tool\projects\daheng\data\laser_plane\validation_edge_holdout,fit_edge_extension,fit,fit/chess 038.tif,fit/nolaser 038.tif,fit/laser 038.tif,D:\Docs\linelaserscan\calibration_tool\projects\daheng\data\laser_plane\validation_edge_holdout\validation\chess 038.tif,D:\Docs\linelaserscan\calibration_tool\projects\daheng\data\laser_plane\validation_edge_holdout\validation\nolaser 038.tif,D:\Docs\linelaserscan\calibration_tool\projects\daheng\data\laser_plane\validation_edge_holdout\validation\laser 038.tif,chess:unique_basename_relocated;nolaser:unique_basename_relocated;laser:unique_basename_relocated,true,acd7bb141ec44c5a5501665e1faabe6c84d488137c991a64289d1d2620225c09,41bf23ffe30b9845d64d74aa0b7290b93f2a840a498e4a086b1e8bb6bf2065e4,9d3a418d8c09b231626548b387d4fc79778e4bf6764c3f28ffc7d5278f6a8bbf,acd7bb141ec44c5a5501665e1faabe6c84d488137c991a64289d1d2620225c09,41bf23ffe30b9845d64d74aa0b7290b93f2a840a498e4a086b1e8bb6bf2065e4,9d3a418d8c09b231626548b387d4fc79778e4bf6764c3f28ffc7d5278f6a8bbf,0.081385507654,900,2110.50048298,2131.76170478,293.028042126,1731.94012744,712.371654933,713.684255798,dynamic_range_low;image_too_dark;dynamic_range_low
039,validation,D:\Docs\linelaserscan\calibration_tool\projects\daheng\data\laser_plane\validation_edge_holdout,fit_edge_extension,fit,fit/chess 039.tif,fit/nolaser 039.tif,fit/laser 039.tif,D:\Docs\linelaserscan\calibration_tool\projects\daheng\data\laser_plane\validation_edge_holdout\validation\chess 039.tif,D:\Docs\linelaserscan\calibration_tool\projects\daheng\data\laser_plane\validation_edge_holdout\validation\nolaser 039.tif,D:\Docs\linelaserscan\calibration_tool\projects\daheng\data\laser_plane\validation_edge_holdout\validation\laser 039.tif,chess:unique_basename_relocated;nolaser:unique_basename_relocated;laser:unique_basename_relocated,true,51a80d3c20166eff635971766707609593e06aa5e755eae244f25802d837737d,b47358731d98bb31d0359c283d5c45e4e8d4b9c406d55f87463b981f9514bdb7,a2f0b7e620abaabd9a7706d6905ca162498b92458a9b2426e9c110075bada912,51a80d3c20166eff635971766707609593e06aa5e755eae244f25802d837737d,b47358731d98bb31d0359c283d5c45e4e8d4b9c406d55f87463b981f9514bdb7,a2f0b7e620abaabd9a7706d6905ca162498b92458a9b2426e9c110075bada912,0.103185866681,900,1995.12609195,2080.38804674,267.006868035,2375.97836028,672.53759246,704.422430932,dynamic_range_low;image_too_dark;dynamic_range_low
040,validation,D:\Docs\linelaserscan\calibration_tool\projects\daheng\data\laser_plane\validation_edge_holdout,fit_edge_extension,fit,fit/chess 040.tif,fit/nolaser 040.tif,fit/laser 040.tif,D:\Docs\linelaserscan\calibration_tool\projects\daheng\data\laser_plane\validation_edge_holdout\validation\chess 040.tif,D:\Docs\linelaserscan\calibration_tool\projects\daheng\data\laser_plane\validation_edge_holdout\validation\nolaser 040.tif,D:\Docs\linelaserscan\calibration_tool\projects\daheng\data\laser_plane\validation_edge_holdout\validation\laser 040.tif,chess:unique_basename_relocated;nolaser:unique_basename_relocated;laser:unique_basename_relocated,true,c90cccf9a2831a88cbedd4fd91720f8b55b6d23d7c032299f05a024264a32205,b718f00e60e2fcee39152641b9143fc3725de235d261552f2706c5107676f542,908a064ae4c9034f2e82f507544b2b61bd6af037eb5f973c4c3620439f946334,c90cccf9a2831a88cbedd4fd91720f8b55b6d23d7c032299f05a024264a32205,b718f00e60e2fcee39152641b9143fc3725de235d261552f2706c5107676f542,908a064ae4c9034f2e82f507544b2b61bd6af037eb5f973c4c3620439f946334,0.130132694693,900,2047.94837171,2070.45808419,606.939167527,2715.99991945,695.147225597,695.882396188,dynamic_range_low;image_too_dark;dynamic_range_low
