record_type,frame_ids,pose_count,frame_id,old_steger_count,old_effective_count,old_v_min_px,old_v_max_px,old_s_min,old_s_max,new_steger_count,new_effective_count,new_v_min_px,new_v_max_px,new_s_min,new_s_max,new_effective_outside_old_mask_count,old_top_observed_target_v_min,old_top_observed_target_v_max,old_top_observed_target_s_min,old_top_observed_target_s_max,old_top_observed_joint_count,old_top_observed_joint_fraction,old_top_observed_joint_v_min,old_top_observed_joint_v_max,old_top_observed_joint_s_min,old_top_observed_joint_s_max,old_top_observed_v_given_s_count,old_top_observed_v_given_s_min,old_top_observed_v_given_s_max,old_top_observed_v_given_s_overlap_fraction,old_top_observed_s_given_v_count,old_top_observed_s_given_v_min,old_top_observed_s_given_v_max,old_top_observed_s_given_v_overlap_fraction,old_top_observed_joint_present,old_top_observed_joint_full,old_top_observed_status,old_top_safe_target_v_min,old_top_safe_target_v_max,old_top_safe_target_s_min,old_top_safe_target_s_max,old_top_safe_joint_count,old_top_safe_joint_fraction,old_top_safe_joint_v_min,old_top_safe_joint_v_max,old_top_safe_joint_s_min,old_top_safe_joint_s_max,old_top_safe_v_given_s_count,old_top_safe_v_given_s_min,old_top_safe_v_given_s_max,old_top_safe_v_given_s_overlap_fraction,old_top_safe_s_given_v_count,old_top_safe_s_given_v_min,old_top_safe_s_given_v_max,old_top_safe_s_given_v_overlap_fraction,old_top_safe_joint_present,old_top_safe_joint_full,old_top_safe_status,old_bottom_observed_target_v_min,old_bottom_observed_target_v_max,old_bottom_observed_target_s_min,old_bottom_observed_target_s_max,old_bottom_observed_joint_count,old_bottom_observed_joint_fraction,old_bottom_observed_joint_v_min,old_bottom_observed_joint_v_max,old_bottom_observed_joint_s_min,old_bottom_observed_joint_s_max,old_bottom_observed_v_given_s_count,old_bottom_observed_v_given_s_min,old_bottom_observed_v_given_s_max,old_bottom_observed_v_given_s_overlap_fraction,old_bottom_observed_s_given_v_count,old_bottom_observed_s_given_v_min,old_bottom_observed_s_given_v_max,old_bottom_observed_s_given_v_overlap_fraction,old_bottom_observed_joint_present,old_bottom_observed_joint_full,old_bottom_observed_status,old_bottom_safe_target_v_min,old_bottom_safe_target_v_max,old_bottom_safe_target_s_min,old_bottom_safe_target_s_max,old_bottom_safe_joint_count,old_bottom_safe_joint_fraction,old_bottom_safe_joint_v_min,old_bottom_safe_joint_v_max,old_bottom_safe_joint_s_min,old_bottom_safe_joint_s_max,old_bottom_safe_v_given_s_count,old_bottom_safe_v_given_s_min,old_bottom_safe_v_given_s_max,old_bottom_safe_v_given_s_overlap_fraction,old_bottom_safe_s_given_v_count,old_bottom_safe_s_given_v_min,old_bottom_safe_s_given_v_max,old_bottom_safe_s_given_v_overlap_fraction,old_bottom_safe_joint_present,old_bottom_safe_joint_full,old_bottom_safe_status,new_top_observed_target_v_min,new_top_observed_target_v_max,new_top_observed_target_s_min,new_top_observed_target_s_max,new_top_observed_joint_count,new_top_observed_joint_fraction,new_top_observed_joint_v_min,new_top_observed_joint_v_max,new_top_observed_joint_s_min,new_top_observed_joint_s_max,new_top_observed_v_given_s_count,new_top_observed_v_given_s_min,new_top_observed_v_given_s_max,new_top_observed_v_given_s_overlap_fraction,new_top_observed_s_given_v_count,new_top_observed_s_given_v_min,new_top_observed_s_given_v_max,new_top_observed_s_given_v_overlap_fraction,new_top_observed_joint_present,new_top_observed_joint_full,new_top_observed_status,new_top_safe_target_v_min,new_top_safe_target_v_max,new_top_safe_target_s_min,new_top_safe_target_s_max,new_top_safe_joint_count,new_top_safe_joint_fraction,new_top_safe_joint_v_min,new_top_safe_joint_v_max,new_top_safe_joint_s_min,new_top_safe_joint_s_max,new_top_safe_v_given_s_count,new_top_safe_v_given_s_min,new_top_safe_v_given_s_max,new_top_safe_v_given_s_overlap_fraction,new_top_safe_s_given_v_count,new_top_safe_s_given_v_min,new_top_safe_s_given_v_max,new_top_safe_s_given_v_overlap_fraction,new_top_safe_joint_present,new_top_safe_joint_full,new_top_safe_status,new_bottom_observed_target_v_min,new_bottom_observed_target_v_max,new_bottom_observed_target_s_min,new_bottom_observed_target_s_max,new_bottom_observed_joint_count,new_bottom_observed_joint_fraction,new_bottom_observed_joint_v_min,new_bottom_observed_joint_v_max,new_bottom_observed_joint_s_min,new_bottom_observed_joint_s_max,new_bottom_observed_v_given_s_count,new_bottom_observed_v_given_s_min,new_bottom_observed_v_given_s_max,new_bottom_observed_v_given_s_overlap_fraction,new_bottom_observed_s_given_v_count,new_bottom_observed_s_given_v_min,new_bottom_observed_s_given_v_max,new_bottom_observed_s_given_v_overlap_fraction,new_bottom_observed_joint_present,new_bottom_observed_joint_full,new_bottom_observed_status,new_bottom_safe_target_v_min,new_bottom_safe_target_v_max,new_bottom_safe_target_s_min,new_bottom_safe_target_s_max,new_bottom_safe_joint_count,new_bottom_safe_joint_fraction,new_bottom_safe_joint_v_min,new_bottom_safe_joint_v_max,new_bottom_safe_joint_s_min,new_bottom_safe_joint_s_max,new_bottom_safe_v_given_s_count,new_bottom_safe_v_given_s_min,new_bottom_safe_v_given_s_max,new_bottom_safe_v_given_s_overlap_fraction,new_bottom_safe_s_given_v_count,new_bottom_safe_s_given_v_min,new_bottom_safe_s_given_v_max,new_bottom_safe_s_given_v_overlap_fraction,new_bottom_safe_joint_present,new_bottom_safe_joint_full,new_bottom_safe_status,recovered_top_observed_count,recovered_top_safe_count,recovered_bottom_observed_count,recovered_bottom_safe_count,target_edge
frame_summary,001,1,001,822,822,1087.0276657267011,2507.928479030282,-0.04854555717736985,0.14525093313882825,900,895,898.0115496512335,2558.940273809001,-0.07432056138806464,0.15222306616642664,173,86.0,467.0,-0.18500106019725174,-0.13286152907480264,0,0.0,,,,,0,,,0.0,0,,,0.0,False,False,NONE,30.0,520.0,-0.191,-0.127,0,0.0,,,,,0,,,0.0,0,,,0.0,False,False,NONE,2810.0,2938.0,0.1863643564578584,0.2037112277937999,0,0.0,,,,,0,,,0.0,0,,,0.0,False,False,NONE,2760.0,2990.0,0.181,0.209,0,0.0,,,,,0,,,0.0,0,,,0.0,False,False,NONE,86.0,467.0,-0.18500106019725174,-0.13286152907480264,0,0.0,,,,,0,,,0.0,0,,,0.0,False,False,NONE,30.0,520.0,-0.191,-0.127,0,0.0,,,,,0,,,0.0,0,,,0.0,False,False,NONE,2810.0,2938.0,0.1863643564578584,0.2037112277937999,0,0.0,,,,,0,,,0.0,0,,,0.0,False,False,NONE,2760.0,2990.0,0.181,0.209,0,0.0,,,,,0,,,0.0,0,,,0.0,False,False,NONE,0,0,0,0,
frame_summary,002,1,002,890,890,1093.0318286279864,2599.0127377736176,-0.047656852170941,0.15745081686167675,900,900,871.9931775972348,2814.9996280130126,-0.07775207196822481,0.18694564006575903,183,86.0,467.0,-0.18500106019725174,-0.13286152907480264,0,0.0,,,,,0,,,0.0,0,,,0.0,False,False,NONE,30.0,520.0,-0.191,-0.127,0,0.0,,,,,0,,,0.0,0,,,0.0,False,False,NONE,2810.0,2938.0,0.1863643564578584,0.2037112277937999,0,0.0,,,,,0,,,0.0,0,,,0.0,False,False,NONE,2760.0,2990.0,0.181,0.209,0,0.0,,,,,0,,,0.0,0,,,0.0,False,False,NONE,86.0,467.0,-0.18500106019725174,-0.13286152907480264,0,0.0,,,,,0,,,0.0,0,,,0.0,False,False,NONE,30.0,520.0,-0.191,-0.127,0,0.0,,,,,0,,,0.0,0,,,0.0,False,False,NONE,2810.0,2938.0,0.1863643564578584,0.2037112277937999,3,0.0033333333333333335,2812.9995607506175,2814.9996280130126,0.18667238052691096,0.18694564006575903,3,2812.9995607506175,2814.9996280130126,0.015625525487461545,3,0.18667238052691096,0.18694564006575903,0.015752669951606804,True,False,PARTIAL,2760.0,2990.0,0.181,0.209,7,0.0077777777777777776,2779.999846953896,2814.9996280130126,0.18216431528093713,0.18694564006575903,7,2779.999846953896,2814.9996280130126,0.15217296112659429,7,0.18216431528093713,0.18694564006575903,0.1707615994579252,True,False,PARTIAL,0,0,3,7,
frame_summary,003,1,003,900,900,405.0034957607737,2511.0140227719253,-0.14115410466516853,0.1453688906707279,900,820,354.0154469496938,2705.0156961347025,-0.14810288680849923,0.1718219561699341,141,86.0,467.0,-0.18500106019725174,-0.13286152907480264,7,0.0077777777777777776,405.0034957607737,461.99977096466546,-0.14115410466516853,-0.13339043901781625,7,405.0034957607737,461.99977096466546,0.14959652284486022,7,-0.14115410466516853,-0.13339043901781625,0.14890171584242684,True,False,PARTIAL,30.0,520.0,-0.191,-0.127,9,0.01,405.0034957607737,480.0117403799538,-0.14115410466516853,-0.13093635404698273,9,405.0034957607737,480.0117403799538,0.15307805024322463,9,-0.14115410466516853,-0.13093635404698273,0.1596523534091532,True,False,PARTIAL,2810.0,2938.0,0.1863643564578584,0.2037112277937999,0,0.0,,,,,0,,,0.0,0,,,0.0,False,False,NONE,2760.0,2990.0,0.181,0.209,0,0.0,,,,,0,,,0.0,0,,,0.0,False,False,NONE,86.0,467.0,-0.18500106019725174,-0.13286152907480264,35,0.042682926829268296,354.0154469496938,461.05051770589705,-0.14810288680849923,-0.13351983710444454,35,354.0154469496938,461.05051770589705,0.2809319442420033,35,-0.14810288680849923,-0.13351983710444454,0.27969276650774944,True,False,PARTIAL,30.0,520.0,-0.191,-0.127,37,0.045121951219512194,354.0154469496938,507.99913142442733,-0.14810288680849923,-0.12712491570185933,37,354.0154469496938,507.99913142442733,0.31425241729537456,37,-0.14810288680849923,-0.12712491570185933,0.3277807985412485,True,False,PARTIAL,2810.0,2938.0,0.1863643564578584,0.2037112277937999,0,0.0,,,,,0,,,0.0,0,,,0.0,False,False,NONE,2760.0,2990.0,0.181,0.209,0,0.0,,,,,0,,,0.0,0,,,0.0,False,False,NONE,30,30,0,0,
frame_summary,004,1,004,900,900,273.9868693364702,1850.5004980636832,-0.15913643424653087,0.055588531672786635,900,900,49.00791335741325,2077.718937690636,-0.1898520430676752,0.08653305956275491,179,86.0,467.0,-0.18500106019725174,-0.13286152907480264,136,0.1511111111111111,273.9868693364702,466.00560332378905,-0.15913643424653087,-0.13294132519201973,136,273.9868693364702,466.00560332378905,0.5039861784444064,137,-0.15913643424653087,-0.1328063648954015,0.5039344352756436,True,False,PARTIAL,30.0,520.0,-0.191,-0.127,164,0.18222222222222223,273.9868693364702,508.9661601399926,-0.15913643424653087,-0.12708257625935443,164,273.9868693364702,508.9661601399926,0.4795495730684131,167,-0.15913643424653087,-0.12585030449344578,0.5021317851020448,True,False,PARTIAL,2810.0,2938.0,0.1863643564578584,0.2037112277937999,0,0.0,,,,,0,,,0.0,0,,,0.0,False,False,NONE,2760.0,2990.0,0.181,0.209,0,0.0,,,,,0,,,0.0,0,,,0.0,False,False,NONE,86.0,467.0,-0.18500106019725174,-0.13286152907480264,221,0.24555555555555555,86.97683716878664,465.0111306265861,-0.1846669654823214,-0.1330768796613393,222,85.99167450590683,465.0111306265861,0.9947798704109873,222,-0.1846669654823214,-0.1328063648954015,0.9935922953709398,True,True,FULL,30.0,520.0,-0.191,-0.127,266,0.29555555555555557,49.00791335741325,503.9963586267731,-0.1898520430676752,-0.12776064663260447,266,49.00791335741325,503.9963586267731,0.9285478474884894,269,-0.1898520430676752,-0.12585030449344578,0.982063172932425,True,False,PARTIAL,2810.0,2938.0,0.1863643564578584,0.2037112277937999,0,0.0,,,,,0,,,0.0,0,,,0.0,False,False,NONE,2760.0,2990.0,0.181,0.209,0,0.0,,,,,0,,,0.0,0,,,0.0,False,False,NONE,112,135,0,0,
frame_summary,005,1,005,900,900,475.9999514232307,2731.977874579812,-0.13158683915351624,0.17577649887481903,900,900,251.018110032898,2961.036089734711,-0.16228171055336968,0.2070787418212251,156,86.0,467.0,-0.18500106019725174,-0.13286152907480264,0,0.0,,,,,0,,,0.0,0,,,0.0,False,False,NONE,30.0,520.0,-0.191,-0.127,19,0.021111111111111112,475.9999514232307,509.0101312454105,-0.13158683915351624,-0.12708538117993864,19,475.9999514232307,509.0101312454105,0.0673677139228159,25,-0.13158683915351624,-0.12558689450653202,0.0716693617736912,True,False,PARTIAL,2810.0,2938.0,0.1863643564578584,0.2037112277937999,0,0.0,,,,,0,,,0.0,0,,,0.0,False,False,NONE,2760.0,2990.0,0.181,0.209,0,0.0,,,,,0,,,0.0,0,,,0.0,False,False,NONE,86.0,467.0,-0.18500106019725174,-0.13286152907480264,49,0.05444444444444444,251.018110032898,460.0435871583923,-0.16228171055336968,-0.13376344357290093,49,251.018110032898,460.0435871583923,0.5486232995419799,50,-0.16228171055336968,-0.13281456400181127,0.5642586506862534,True,False,PARTIAL,30.0,520.0,-0.191,-0.127,68,0.07555555555555556,251.018110032898,509.0101312454105,-0.16228171055336968,-0.12708538117993864,68,251.018110032898,509.0101312454105,0.5265143290051275,73,-0.16228171055336968,-0.12558689450653202,0.5512767273964012,True,False,PARTIAL,2810.0,2938.0,0.1863643564578584,0.2037112277937999,57,0.06333333333333334,2810.9924269368034,2933.9988733838054,0.1865711283971815,0.20338260484864873,57,2810.9924269368034,2933.9988733838054,0.9609878628672028,58,0.1865711283971815,0.20378943293240537,0.9880801595101073,True,True,FULL,2760.0,2990.0,0.181,0.209,87,0.09666666666666666,2770.9997184156655,2961.036089734711,0.1811070516340778,0.2070787418212251,87,2770.9997184156655,2961.036089734711,0.8262450926915018,92,0.17960471822942695,0.2070787418212251,0.9313836364723252,True,False,PARTIAL,49,52,57,87,
frame_summary,006,1,006,900,900,850.0201303126184,2315.031713069205,-0.08085892051657728,0.11861066469770652,900,900,637.9855184564794,2524.995058483226,-0.1097484712458499,0.1472505127244152,187,86.0,467.0,-0.18500106019725174,-0.13286152907480264,0,0.0,,,,,0,,,0.0,0,,,0.0,False,False,NONE,30.0,520.0,-0.191,-0.127,0,0.0,,,,,0,,,0.0,0,,,0.0,False,False,NONE,2810.0,2938.0,0.1863643564578584,0.2037112277937999,0,0.0,,,,,0,,,0.0,0,,,0.0,False,False,NONE,2760.0,2990.0,0.181,0.209,0,0.0,,,,,0,,,0.0,0,,,0.0,False,False,NONE,86.0,467.0,-0.18500106019725174,-0.13286152907480264,0,0.0,,,,,0,,,0.0,0,,,0.0,False,False,NONE,30.0,520.0,-0.191,-0.127,0,0.0,,,,,0,,,0.0,0,,,0.0,False,False,NONE,2810.0,2938.0,0.1863643564578584,0.2037112277937999,0,0.0,,,,,0,,,0.0,0,,,0.0,False,False,NONE,2760.0,2990.0,0.181,0.209,0,0.0,,,,,0,,,0.0,0,,,0.0,False,False,NONE,0,0,0,0,
frame_summary,007,1,007,900,900,328.00035875784766,1781.0239797038387,-0.15201999812374392,0.045866490451941466,900,900,118.97999544257927,1993.999581883192,-0.18054969000290946,0.07486489782745456,243,86.0,467.0,-0.18500106019725174,-0.13286152907480264,81,0.09,328.00035875784766,465.99978781394674,-0.15201999812374392,-0.13319577111013817,82,328.00035875784766,467.00034665344344,0.3648284547038119,81,-0.15201999812374392,-0.13319577111013817,0.36103560213069946,True,False,PARTIAL,30.0,520.0,-0.191,-0.127,107,0.11888888888888889,328.00035875784766,511.02580695993316,-0.15201999812374392,-0.12705581999304383,107,328.00035875784766,511.02580695993316,0.373521322861399,109,-0.15201999812374392,-0.1259675997961154,0.3909374706834987,True,False,PARTIAL,2810.0,2938.0,0.1863643564578584,0.2037112277937999,0,0.0,,,,,0,,,0.0,0,,,0.0,False,False,NONE,2760.0,2990.0,0.181,0.209,0,0.0,,,,,0,,,0.0,0,,,0.0,False,False,NONE,86.0,467.0,-0.18500106019725174,-0.13286152907480264,180,0.2,118.97999544257927,465.99978781394674,-0.18054969000290946,-0.13319577111013817,181,118.97999544257927,467.00034665344344,0.913438332171708,180,-0.18054969000290946,-0.13319577111013817,0.9082152806775565,True,False,PARTIAL,30.0,520.0,-0.191,-0.127,199,0.22111111111111112,118.97999544257927,510.0260917496285,-0.18054969000290946,-0.12719220610466436,199,118.97999544257927,510.0260917496285,0.7980532577694883,200,-0.18054969000290946,-0.12610436126356653,0.8367139062954603,True,False,PARTIAL,2810.0,2938.0,0.1863643564578584,0.2037112277937999,0,0.0,,,,,0,,,0.0,0,,,0.0,False,False,NONE,2760.0,2990.0,0.181,0.209,0,0.0,,,,,0,,,0.0,0,,,0.0,False,False,NONE,121,121,0,0,
frame_summary,008,1,008,900,900,552.4703760498631,2287.9390934977255,-0.12143540862132958,0.1149083990089937,900,900,292.01553542811314,2626.6577991982967,-0.15696633276802108,0.16112378779946926,185,86.0,467.0,-0.18500106019725174,-0.13286152907480264,0,0.0,,,,,0,,,0.0,0,,,0.0,False,False,NONE,30.0,520.0,-0.191,-0.127,0,0.0,,,,,0,,,0.0,0,,,0.0,False,False,NONE,2810.0,2938.0,0.1863643564578584,0.2037112277937999,0,0.0,,,,,0,,,0.0,0,,,0.0,False,False,NONE,2760.0,2990.0,0.181,0.209,0,0.0,,,,,0,,,0.0,0,,,0.0,False,False,NONE,86.0,467.0,-0.18500106019725174,-0.13286152907480264,52,0.057777777777777775,292.01553542811314,465.01494827886336,-0.15696633276802108,-0.13336406400469641,52,292.01553542811314,465.01494827886336,0.4540667003956699,52,-0.15696633276802108,-0.13336406400469641,0.45267512490465256,True,False,PARTIAL,30.0,520.0,-0.191,-0.127,63,0.07,292.01553542811314,510.99945003563005,-0.15696633276802108,-0.12709272137115082,63,292.01553542811314,510.99945003563005,0.44690594817860596,64,-0.15696633276802108,-0.12654677586864374,0.4682239495003293,True,False,PARTIAL,2810.0,2938.0,0.1863643564578584,0.2037112277937999,0,0.0,,,,,0,,,0.0,0,,,0.0,False,False,NONE,2760.0,2990.0,0.181,0.209,0,0.0,,,,,0,,,0.0,0,,,0.0,False,False,NONE,52,63,0,0,
frame_summary,009,1,009,900,900,361.9854356703312,1816.006501595449,-0.14737648971276765,0.0506024485958588,900,900,151.0122142305479,2022.9614097596095,-0.17616478921960196,0.07877869992493969,153,86.0,467.0,-0.18500106019725174,-0.13286152907480264,79,0.08777777777777777,361.9854356703312,466.0019569966986,-0.14737648971276765,-0.13319120560033518,80,361.9854356703312,467.0000306358139,0.27562877776815964,79,-0.14737648971276765,-0.13319120560033518,0.2720638986783079,True,False,PARTIAL,30.0,520.0,-0.191,-0.127,113,0.12555555555555556,361.9854356703312,511.0002168760996,-0.14737648971276765,-0.12705613590109857,113,361.9854356703312,511.0002168760996,0.3041117983791192,119,-0.14737648971276765,-0.12596563468040434,0.3183826517619945,True,False,PARTIAL,2810.0,2938.0,0.1863643564578584,0.2037112277937999,0,0.0,,,,,0,,,0.0,0,,,0.0,False,False,NONE,2760.0,2990.0,0.181,0.209,0,0.0,,,,,0,,,0.0,0,,,0.0,False,False,NONE,86.0,467.0,-0.18500106019725174,-0.13286152907480264,158,0.17555555555555555,151.0122142305479,466.0019569966986,-0.17616478921960196,-0.13319120560033518,159,151.0122142305479,467.0000306358139,0.8293642671114229,158,-0.17616478921960196,-0.13319120560033518,0.8242034919405741,True,False,PARTIAL,30.0,520.0,-0.191,-0.127,186,0.20666666666666667,151.0122142305479,511.0002168760996,-0.17616478921960196,-0.12705613590109857,186,151.0122142305479,511.0002168760996,0.7346693931541872,191,-0.17616478921960196,-0.12596563468040434,0.7681998315562807,True,False,PARTIAL,2810.0,2938.0,0.1863643564578584,0.2037112277937999,0,0.0,,,,,0,,,0.0,0,,,0.0,False,False,NONE,2760.0,2990.0,0.181,0.209,0,0.0,,,,,0,,,0.0,0,,,0.0,False,False,NONE,92,92,0,0,
frame_summary,010,1,010,900,900,406.9999914186739,1900.0006228493526,-0.14116312670536665,0.062144120575974106,900,900,193.99108103588276,2115.98764422037,-0.17022939900441372,0.0915615524044238,207,86.0,467.0,-0.18500106019725174,-0.13286152907480264,34,0.03777777777777778,406.9999914186739,466.0008516913115,-0.14116312670536665,-0.13311616351028993,35,406.9999914186739,467.0027206387662,0.1574803374837955,34,-0.14116312670536665,-0.13311616351028993,0.15433516607923692,True,False,PARTIAL,30.0,520.0,-0.191,-0.127,58,0.06444444444444444,406.9999914186739,509.9841424634963,-0.14116312670536665,-0.12711827907411566,58,406.9999914186739,509.9841424634963,0.21017173682616816,63,-0.14116312670536665,-0.12588835644655078,0.22129885477135394,True,False,PARTIAL,2810.0,2938.0,0.1863643564578584,0.2037112277937999,0,0.0,,,,,0,,,0.0,0,,,0.0,False,False,NONE,2760.0,2990.0,0.181,0.209,0,0.0,,,,,0,,,0.0,0,,,0.0,False,False,NONE,86.0,467.0,-0.18500106019725174,-0.13286152907480264,129,0.14333333333333334,193.99108103588276,466.0008516913115,-0.17022939900441372,-0.13311616351028993,129,193.99108103588276,466.0008516913115,0.7139364059197605,129,-0.17022939900441372,-0.13311616351028993,0.7118060844652359,True,False,PARTIAL,30.0,520.0,-0.191,-0.127,147,0.16333333333333333,193.99108103588276,508.99516774109384,-0.17022939900441372,-0.12725306396951228,147,193.99108103588276,508.99516774109384,0.6428654830718593,151,-0.17022939900441372,-0.12588835644655078,0.6754593594439644,True,False,PARTIAL,2810.0,2938.0,0.1863643564578584,0.2037112277937999,0,0.0,,,,,0,,,0.0,0,,,0.0,False,False,NONE,2760.0,2990.0,0.181,0.209,0,0.0,,,,,0,,,0.0,0,,,0.0,False,False,NONE,103,103,0,0,
frame_summary,011,1,011,900,900,390.1019193826764,1874.9960425852667,-0.1433538141671357,0.05870383234472359,900,900,165.01812493611814,2086.0225858169365,-0.1740466338094953,0.08742219753679249,240,86.0,467.0,-0.18500106019725174,-0.13286152907480264,47,0.052222222222222225,390.1019193826764,463.0354875493842,-0.1433538141671357,-0.13341324631152654,48,390.1019193826764,467.0008698488414,0.20183223259140057,47,-0.1433538141671357,-0.13341324631152654,0.19065318850420498,True,False,PARTIAL,30.0,520.0,-0.191,-0.127,73,0.0811111111111111,390.1019193826764,510.00038530452184,-0.1433538141671357,-0.12701321803425833,73,390.1019193826764,510.00038530452184,0.24469074677927644,78,-0.1433538141671357,-0.12606039948022757,0.25552834636149513,True,False,PARTIAL,2810.0,2938.0,0.1863643564578584,0.2037112277937999,0,0.0,,,,,0,,,0.0,0,,,0.0,False,False,NONE,2760.0,2990.0,0.181,0.209,0,0.0,,,,,0,,,0.0,0,,,0.0,False,False,NONE,86.0,467.0,-0.18500106019725174,-0.13286152907480264,160,0.17777777777777778,165.01812493611814,463.0354875493842,-0.1740466338094953,-0.13341324631152654,161,165.01812493611814,467.0008698488414,0.7926033466243617,160,-0.1740466338094953,-0.13341324631152654,0.7793201554218376,True,False,PARTIAL,30.0,520.0,-0.191,-0.127,179,0.1988888888888889,165.01812493611814,509.00428681865577,-0.1740466338094953,-0.12714892178035497,179,165.01812493611814,509.00428681865577,0.702012575270485,183,-0.1740466338094953,-0.12606039948022757,0.7351036532733641,True,False,PARTIAL,2810.0,2938.0,0.1863643564578584,0.2037112277937999,0,0.0,,,,,0,,,0.0,0,,,0.0,False,False,NONE,2760.0,2990.0,0.181,0.209,0,0.0,,,,,0,,,0.0,0,,,0.0,False,False,NONE,126,126,0,0,
frame_summary,012,1,012,900,900,1194.4521786255893,2651.000066648598,-0.03398905514725503,0.164458473815179,900,900,988.0087981158596,2860.0151409554487,-0.06210061858543812,0.1930142393478118,141,86.0,467.0,-0.18500106019725174,-0.13286152907480264,0,0.0,,,,,0,,,0.0,0,,,0.0,False,False,NONE,30.0,520.0,-0.191,-0.127,0,0.0,,,,,0,,,0.0,0,,,0.0,False,False,NONE,2810.0,2938.0,0.1863643564578584,0.2037112277937999,0,0.0,,,,,0,,,0.0,0,,,0.0,False,False,NONE,2760.0,2990.0,0.181,0.209,0,0.0,,,,,0,,,0.0,0,,,0.0,False,False,NONE,86.0,467.0,-0.18500106019725174,-0.13286152907480264,0,0.0,,,,,0,,,0.0,0,,,0.0,False,False,NONE,30.0,520.0,-0.191,-0.127,0,0.0,,,,,0,,,0.0,0,,,0.0,False,False,NONE,2810.0,2938.0,0.1863643564578584,0.2037112277937999,22,0.024444444444444446,2811.9904997751096,2860.0151409554487,0.1864510147429426,0.1930142393478118,22,2811.9904997751096,2860.0151409554487,0.37519250922139946,23,0.1863149081159359,0.1930142393478118,0.38334768046473705,True,False,PARTIAL,2760.0,2990.0,0.181,0.209,36,0.04,2775.003438556392,2860.0151409554487,0.18139696891636636,0.1930142393478118,36,2775.003438556392,2860.0151409554487,0.3696160973872022,43,0.1796264865693116,0.1930142393478118,0.4290799767075649,True,False,PARTIAL,0,0,22,36,
frame_summary,013,1,013,900,900,598.9795871335915,2640.999855262591,-0.1151052968818981,0.16304711784703937,900,900,392.99970986632326,2865.0158412224046,-0.14319318436344242,0.19364710910447816,166,86.0,467.0,-0.18500106019725174,-0.13286152907480264,0,0.0,,,,,0,,,0.0,0,,,0.0,False,False,NONE,30.0,520.0,-0.191,-0.127,0,0.0,,,,,0,,,0.0,0,,,0.0,False,False,NONE,2810.0,2938.0,0.1863643564578584,0.2037112277937999,0,0.0,,,,,0,,,0.0,0,,,0.0,False,False,NONE,2760.0,2990.0,0.181,0.209,0,0.0,,,,,0,,,0.0,0,,,0.0,False,False,NONE,86.0,467.0,-0.18500106019725174,-0.13286152907480264,25,0.027777777777777776,392.99970986632326,465.9933645977913,-0.14319318436344242,-0.13323712544778002,26,392.99970986632326,467.99056711336,0.19422648329049014,25,-0.14319318436344242,-0.13323712544778002,0.1909502962786663,True,False,PARTIAL,30.0,520.0,-0.191,-0.127,40,0.044444444444444446,392.99970986632326,509.99542598114976,-0.14319318436344242,-0.12723709021635915,40,392.99970986632326,509.99542598114976,0.2387667675812786,42,-0.14319318436344242,-0.12613489613781778,0.2530185056787877,True,False,PARTIAL,2810.0,2938.0,0.1863643564578584,0.2037112277937999,27,0.03,2813.0029683268376,2865.0158412224046,0.1865394550873448,0.19364710910447816,27,2813.0029683268376,2865.0158412224046,0.40635056949661674,28,0.18626599477253497,0.19364710910447816,0.4198309023904734,True,False,PARTIAL,2760.0,2990.0,0.181,0.209,47,0.052222222222222225,2772.9980509478023,2865.0158412224046,0.18107400220325215,0.19364710910447816,47,2772.9980509478023,2865.0158412224046,0.4000773490200098,53,0.17943627966988746,0.19364710910447816,0.4516824680170774,True,False,PARTIAL,25,40,27,47,
frame_summary,014,1,014,900,900,270.976584612727,1711.5817330504447,-0.1598418128123942,0.036376868883160086,900,900,65.01446176523719,1918.941137762432,-0.18795917667775514,0.06460450591666872,132,86.0,467.0,-0.18500106019725174,-0.13286152907480264,150,0.16666666666666666,270.976584612727,466.00066479689525,-0.1598418128123942,-0.1332357978729031,151,270.976584612727,467.9977107971468,0.5144971532474357,150,-0.1598418128123942,-0.1332357978729031,0.51028489069085,True,False,PARTIAL,30.0,520.0,-0.191,-0.127,172,0.19111111111111112,270.976584612727,510.0199245656168,-0.1598418128123942,-0.12723301718067648,172,270.976584612727,510.0199245656168,0.48784355092426496,174,-0.1598418128123942,-0.1264202022570964,0.5131533251936594,True,False,PARTIAL,2810.0,2938.0,0.1863643564578584,0.2037112277937999,0,0.0,,,,,0,,,0.0,0,,,0.0,False,False,NONE,2760.0,2990.0,0.181,0.209,0,0.0,,,,,0,,,0.0,0,,,0.0,False,False,NONE,86.0,467.0,-0.18500106019725174,-0.13286152907480264,193,0.21444444444444444,90.99523308121755,466.00066479689525,-0.18441157810908648,-0.1332357978729031,194,90.99523308121755,467.9977107971468,0.9868891520178018,194,-0.18508421896847665,-0.1332357978729031,0.9928217843535744,True,True,FULL,30.0,520.0,-0.191,-0.127,218,0.24222222222222223,65.01446176523719,510.0199245656168,-0.18795917667775514,-0.12723301718067648,218,65.01446176523719,510.0199245656168,0.9081744138783258,220,-0.18795917667775514,-0.1264202022570964,0.9524871355899239,True,False,PARTIAL,2810.0,2938.0,0.1863643564578584,0.2037112277937999,0,0.0,,,,,0,,,0.0,0,,,0.0,False,False,NONE,2760.0,2990.0,0.181,0.209,0,0.0,,,,,0,,,0.0,0,,,0.0,False,False,NONE,65,71,0,0,
frame_summary,015,1,015,900,900,241.99769349665084,1731.5606681236077,-0.16370641516640974,0.03928436568192097,900,900,36.00082319824006,1952.9916742657845,-0.1918454262806289,0.06944434228201707,112,86.0,467.0,-0.18500106019725174,-0.13286152907480264,81,0.09,241.99769349665084,465.9758365875822,-0.16370641516640974,-0.13313407136401165,82,241.99769349665084,467.0591959591761,0.5905572349169269,81,-0.16370641516640974,-0.13313407136401165,0.5863563239684548,True,False,PARTIAL,30.0,520.0,-0.191,-0.127,123,0.13666666666666666,241.99769349665084,509.9842759134324,-0.16370641516640974,-0.12712997639898113,123,241.99769349665084,509.9842759134324,0.5469113926873093,131,-0.16370641516640974,-0.12603550461899948,0.5735377369751522,True,False,PARTIAL,2810.0,2938.0,0.1863643564578584,0.2037112277937999,0,0.0,,,,,0,,,0.0,0,,,0.0,False,False,NONE,2760.0,2990.0,0.181,0.209,0,0.0,,,,,0,,,0.0,0,,,0.0,False,False,NONE,86.0,467.0,-0.18500106019725174,-0.13286152907480264,120,0.13333333333333333,88.00901771942985,465.9758365875822,-0.18473922482557734,-0.13313407136401165,121,88.00901771942985,467.0591959591761,0.994726987613045,120,-0.18473922482557734,-0.13313407136401165,0.9897510075487939,True,True,FULL,30.0,520.0,-0.191,-0.127,167,0.18555555555555556,47.99831118951867,509.9842759134324,-0.19020585662344278,-0.12712997639898113,167,47.99831118951867,509.9842759134324,0.9428284994365586,177,-0.1918454262806289,-0.12589944541335493,1.0,True,False,PARTIAL,2810.0,2938.0,0.1863643564578584,0.2037112277937999,0,0.0,,,,,0,,,0.0,0,,,0.0,False,False,NONE,2760.0,2990.0,0.181,0.209,0,0.0,,,,,0,,,0.0,0,,,0.0,False,False,NONE,49,59,0,0,
frame_summary,016,1,016,900,900,514.4719480838388,2610.0009484489638,-0.12656954298534334,0.1591690273912137,900,900,325.00679677088664,2842.945174958788,-0.15243827143402067,0.1910182310405708,88,86.0,467.0,-0.18500106019725174,-0.13286152907480264,0,0.0,,,,,0,,,0.0,0,,,0.0,False,False,NONE,30.0,520.0,-0.191,-0.127,0,0.0,,,,,0,,,0.0,4,-0.12656954298534334,-0.12594666005881253,0.0,False,False,NONE,2810.0,2938.0,0.1863643564578584,0.2037112277937999,0,0.0,,,,,0,,,0.0,0,,,0.0,False,False,NONE,2760.0,2990.0,0.181,0.209,0,0.0,,,,,0,,,0.0,0,,,0.0,False,False,NONE,86.0,467.0,-0.18500106019725174,-0.13286152907480264,2,0.0022222222222222222,325.00679677088664,412.98207673728,-0.15243827143402067,-0.14042398886571997,2,325.00679677088664,412.98207673728,0.23090624663095374,2,-0.15243827143402067,-0.14042398886571997,0.23042559665688772,True,False,PARTIAL,30.0,520.0,-0.191,-0.127,6,0.006666666666666667,325.00679677088664,511.0169086106292,-0.15243827143402067,-0.12703999691011383,6,325.00679677088664,511.0169086106292,0.3796124731423317,9,-0.15243827143402067,-0.12608179691108123,0.39747299115657286,True,False,PARTIAL,2810.0,2938.0,0.1863643564578584,0.2037112277937999,19,0.021111111111111112,2810.0276639526714,2842.945174958788,0.18651540402693054,0.1910182310405708,19,2810.0276639526714,2842.945174958788,0.2571680547352848,19,0.18651540402693054,0.1910182310405708,0.2595757428782403,True,False,PARTIAL,2760.0,2990.0,0.181,0.209,40,0.044444444444444446,2770.97846284584,2842.945174958788,0.18117494393403394,0.1910182310405708,40,2770.97846284584,2842.945174958788,0.3128987483171643,46,0.179678819048872,0.1910182310405708,0.3577939657346719,True,False,PARTIAL,2,6,19,40,
frame_summary,017,1,017,890,890,395.9971276140632,1857.0124698255736,-0.14268042604421197,0.05647422887188887,900,900,201.0328943250704,2082.986326448683,-0.1693112617549698,0.08727971389747319,200,86.0,467.0,-0.18500106019725174,-0.13286152907480264,19,0.021348314606741574,395.9971276140632,464.96464198352953,-0.14268042604421197,-0.1332639883721891,19,395.9971276140632,464.96464198352953,0.18101709808258887,19,-0.14268042604421197,-0.1332639883721891,0.18060073555146589,True,False,PARTIAL,30.0,520.0,-0.191,-0.127,31,0.0348314606741573,395.9971276140632,507.00226069484034,-0.14268042604421197,-0.12752580450844833,31,395.9971276140632,507.00226069484034,0.22654108791995342,35,-0.14268042604421197,-0.12589506146588478,0.24500665694081195,True,False,PARTIAL,2810.0,2938.0,0.1863643564578584,0.2037112277937999,0,0.0,,,,,0,,,0.0,0,,,0.0,False,False,NONE,2760.0,2990.0,0.181,0.209,0,0.0,,,,,0,,,0.0,0,,,0.0,False,False,NONE,86.0,467.0,-0.18500106019725174,-0.13286152907480264,168,0.18666666666666668,201.0328943250704,464.96464198352953,-0.1693112617549698,-0.1332639883721891,168,201.0328943250704,464.96464198352953,0.6927342458227274,168,-0.1693112617549698,-0.1332639883721891,0.6913616713990787,True,False,PARTIAL,30.0,520.0,-0.191,-0.127,178,0.19777777777777777,201.0328943250704,507.00226069484034,-0.1693112617549698,-0.12752580450844833,178,201.0328943250704,507.00226069484034,0.6244272783056529,181,-0.1693112617549698,-0.12589506146588478,0.6611134649214031,True,False,PARTIAL,2810.0,2938.0,0.1863643564578584,0.2037112277937999,0,0.0,,,,,0,,,0.0,0,,,0.0,False,False,NONE,2760.0,2990.0,0.181,0.209,0,0.0,,,,,0,,,0.0,0,,,0.0,False,False,NONE,153,153,0,0,
frame_summary,018,1,018,900,900,299.9925775380884,2373.9044044102875,-0.15583992640083774,0.12660845628490866,900,900,88.00166796783536,2580.9953014356247,-0.18477418302890283,0.15485919609661794,188,86.0,467.0,-0.18500106019725174,-0.13286152907480264,69,0.07666666666666666,299.9925775380884,465.9937175452889,-0.15583992640083774,-0.13319764402859455,70,299.9925775380884,467.9965715369738,0.43833969150108026,69,-0.15583992640083774,-0.13319764402859455,0.4342632525610568,True,False,PARTIAL,30.0,520.0,-0.191,-0.127,87,0.09666666666666666,299.9925775380884,510.99765792303236,-0.15583992640083774,-0.12706124503395014,87,299.9925775380884,510.99765792303236,0.4306226130304978,91,-0.15583992640083774,-0.12611014271572585,0.4506238500130897,True,False,PARTIAL,2810.0,2938.0,0.1863643564578584,0.2037112277937999,0,0.0,,,,,0,,,0.0,0,,,0.0,False,False,NONE,2760.0,2990.0,0.181,0.209,0,0.0,,,,,0,,,0.0,0,,,0.0,False,False,NONE,86.0,467.0,-0.18500106019725174,-0.13286152907480264,150,0.16666666666666666,88.00166796783536,466.9932571895856,-0.18477418302890283,-0.13306135435373226,150,88.00166796783536,466.9932571895856,0.9947285806345151,150,-0.18477418302890283,-0.13306135435373226,0.9918161433735103,True,True,FULL,30.0,520.0,-0.191,-0.127,164,0.18222222222222223,88.00166796783536,510.99765792303236,-0.18477418302890283,-0.12706124503395014,164,88.00166796783536,510.99765792303236,0.8632571223575449,167,-0.18477418302890283,-0.12611014271572585,0.9027216098266068,True,False,PARTIAL,2810.0,2938.0,0.1863643564578584,0.2037112277937999,0,0.0,,,,,0,,,0.0,0,,,0.0,False,False,NONE,2760.0,2990.0,0.181,0.209,0,0.0,,,,,0,,,0.0,0,,,0.0,False,False,NONE,95,95,0,0,
frame_summary,025,1,025,900,828,516.9753617799008,2341.993045647618,-0.1258769818006729,0.12232027682868954,900,709,516.9753617799008,2530.9922971015517,-0.1258769818006729,0.14806749976870923,27,86.0,467.0,-0.18500106019725174,-0.13286152907480264,0,0.0,,,,,0,,,0.0,0,,,0.0,False,False,NONE,30.0,520.0,-0.191,-0.127,0,0.0,,,,,0,,,0.0,2,-0.1258769818006729,-0.12558904653772776,0.0,False,False,NONE,2810.0,2938.0,0.1863643564578584,0.2037112277937999,0,0.0,,,,,0,,,0.0,0,,,0.0,False,False,NONE,2760.0,2990.0,0.181,0.209,0,0.0,,,,,0,,,0.0,0,,,0.0,False,False,NONE,86.0,467.0,-0.18500106019725174,-0.13286152907480264,0,0.0,,,,,0,,,0.0,0,,,0.0,False,False,NONE,30.0,520.0,-0.191,-0.127,0,0.0,,,,,0,,,0.0,2,-0.1258769818006729,-0.12558904653772776,0.0,False,False,NONE,2810.0,2938.0,0.1863643564578584,0.2037112277937999,0,0.0,,,,,0,,,0.0,0,,,0.0,False,False,NONE,2760.0,2990.0,0.181,0.209,0,0.0,,,,,0,,,0.0,0,,,0.0,False,False,NONE,0,0,0,0,
frame_summary,026,1,026,900,743,758.0604980858462,2874.0060377373225,-0.09302040074361757,0.19495848459253196,900,643,758.9976853609211,2999.0647167310135,-0.09289300464247259,0.2120347115457246,47,86.0,467.0,-0.18500106019725174,-0.13286152907480264,0,0.0,,,,,0,,,0.0,0,,,0.0,False,False,NONE,30.0,520.0,-0.191,-0.127,0,0.0,,,,,0,,,0.0,0,,,0.0,False,False,NONE,2810.0,2938.0,0.1863643564578584,0.2037112277937999,37,0.04979811574697174,2812.001252325676,2874.0060377373225,0.18649496732874993,0.19495848459253196,37,2812.001252325676,2874.0060377373225,0.48441238602848813,38,0.1862244983513874,0.19495848459253196,0.49542813618886544,True,False,PARTIAL,2760.0,2990.0,0.181,0.209,60,0.08075370121130551,2773.0148209855706,2874.0060377373225,0.18117470969685812,0.19495848459253196,60,2773.0148209855706,2874.0060377373225,0.43909224674674713,67,0.17953852887643182,0.19495848459253196,0.49851730687614154,True,False,PARTIAL,86.0,467.0,-0.18500106019725174,-0.13286152907480264,0,0.0,,,,,0,,,0.0,0,,,0.0,False,False,NONE,30.0,520.0,-0.191,-0.127,0,0.0,,,,,0,,,0.0,0,,,0.0,False,False,NONE,2810.0,2938.0,0.1863643564578584,0.2037112277937999,47,0.07309486780715396,2812.993567375855,2936.993606504414,0.18663041945095737,0.20355806522527287,47,2812.993567375855,2936.993606504414,0.9687503056918665,48,0.1863596570460801,0.20355806522527287,0.991170594076541,True,True,FULL,2760.0,2990.0,0.181,0.209,84,0.13063763608087092,2772.0176976127855,2975.0120040004244,0.18103860888463,0.2087499772453161,84,2772.0176976127855,2975.0120040004244,0.8825839408158216,96,0.17953852887643182,0.21078797053452805,1.0,True,False,PARTIAL,0,0,18,36,
frame_summary,027,1,027,900,890,382.9823778778662,1795.0011746036323,-0.14415091218398626,0.04782036484263885,900,718,382.9823778778662,1933.9973773537088,-0.14415091218398626,0.06671367926539175,25,86.0,467.0,-0.18500106019725174,-0.13286152907480264,37,0.04157303370786517,382.9823778778662,464.94443243834877,-0.14415091218398626,-0.13299030334998355,37,382.9823778778662,464.94443243834877,0.2151235027834188,38,-0.14415091218398626,-0.13285365914998448,0.21652252841842082,True,False,PARTIAL,30.0,520.0,-0.191,-0.127,80,0.0898876404494382,382.9823778778662,507.9301360269667,-0.14415091218398626,-0.12713773465142428,80,382.9823778778662,507.9301360269667,0.2549954247940826,92,-0.14415091218398626,-0.12549743222832974,0.2679830028747853,True,False,PARTIAL,2810.0,2938.0,0.1863643564578584,0.2037112277937999,0,0.0,,,,,0,,,0.0,0,,,0.0,False,False,NONE,2760.0,2990.0,0.181,0.209,0,0.0,,,,,0,,,0.0,0,,,0.0,False,False,NONE,86.0,467.0,-0.18500106019725174,-0.13286152907480264,29,0.0403899721448468,382.9823778778662,463.9318990223809,-0.14415091218398626,-0.13312820474690917,29,382.9823778778662,463.9318990223809,0.21246593476250572,30,-0.14415091218398626,-0.13285365914998448,0.21652252841842082,True,False,PARTIAL,30.0,520.0,-0.191,-0.127,62,0.08635097493036212,382.9823778778662,506.9648287722065,-0.14415091218398626,-0.12726916662147117,62,382.9823778778662,506.9648287722065,0.2530254099884495,72,-0.14415091218398626,-0.12549743222832974,0.2679830028747853,True,False,PARTIAL,2810.0,2938.0,0.1863643564578584,0.2037112277937999,0,0.0,,,,,0,,,0.0,0,,,0.0,False,False,NONE,2760.0,2990.0,0.181,0.209,0,0.0,,,,,0,,,0.0,0,,,0.0,False,False,NONE,0,0,0,0,
frame_summary,028,1,028,900,900,260.99984585720074,2544.9995906163717,-0.1608552842651484,0.1502696551806628,900,900,30.039777984908785,2773.9544690458315,-0.19238418513180516,0.1815298570367379,152,86.0,467.0,-0.18500106019725174,-0.13286152907480264,60,0.06666666666666667,260.99984585720074,465.0000061837442,-0.1608552842651484,-0.13302718880523348,60,260.99984585720074,465.0000061837442,0.5354334916707176,60,-0.1608552842651484,-0.13302718880523348,0.5337235464308443,True,False,PARTIAL,30.0,520.0,-0.191,-0.127,77,0.08555555555555555,260.99984585720074,507.9872585504499,-0.1608552842651484,-0.12716559535480731,77,260.99984585720074,507.9872585504499,0.504055944271937,82,-0.1608552842651484,-0.12580304744425264,0.5289888166429436,True,False,PARTIAL,2810.0,2938.0,0.1863643564578584,0.2037112277937999,0,0.0,,,,,0,,,0.0,0,,,0.0,False,False,NONE,2760.0,2990.0,0.181,0.209,0,0.0,,,,,0,,,0.0,0,,,0.0,False,False,NONE,86.0,467.0,-0.18500106019725174,-0.13286152907480264,124,0.13777777777777778,89.00029139969962,466.01921975917725,-0.18433321005295517,-0.13288805775616924,125,85.99099144816192,466.01921975917725,0.9974257736461345,124,-0.18433321005295517,-0.13288805775616924,0.9866822963169264,True,True,FULL,30.0,520.0,-0.191,-0.127,158,0.17555555555555555,41.9823120219882,509.0040996465804,-0.19075332042083668,-0.12702691236857663,158,41.9823120219882,509.0040996465804,0.95310568902978,167,-0.19238418513180516,-0.12580304744425264,1.0,True,True,FULL,2810.0,2938.0,0.1863643564578584,0.2037112277937999,0,0.0,,,,,0,,,0.0,0,,,0.0,False,False,NONE,2760.0,2990.0,0.181,0.209,2,0.0022222222222222222,2771.961127781229,2773.9544690458315,0.1812574833095677,0.1815298570367379,2,2771.961127781229,2773.9544690458315,0.008666701150444999,5,0.17989124346162935,0.1815298570367379,0.01892346559778261,True,False,PARTIAL,74,94,0,2,
frame_summary,029,1,029,900,900,284.0032842570737,2471.018448683147,-0.15787579766627433,0.14004981515819598,900,900,65.99601519690545,2691.9946237315903,-0.18763789603180026,0.17021382974375435,161,86.0,467.0,-0.18500106019725174,-0.13286152907480264,64,0.07111111111111111,284.0032842570737,465.97884089526167,-0.15787579766627433,-0.13304938257561932,64,284.0032842570737,465.97884089526167,0.4776261329086299,64,-0.15787579766627433,-0.13304938257561932,0.4761534013865688,True,False,PARTIAL,30.0,520.0,-0.191,-0.127,81,0.09,284.0032842570737,509.00099542596735,-0.15787579766627433,-0.1271824491925351,81,284.0032842570737,509.00099542596735,0.45917900238549725,86,-0.15787579766627433,-0.1258197397839207,0.4824343385355363,True,False,PARTIAL,2810.0,2938.0,0.1863643564578584,0.2037112277937999,0,0.0,,,,,0,,,0.0,0,,,0.0,False,False,NONE,2760.0,2990.0,0.181,0.209,0,0.0,,,,,0,,,0.0,0,,,0.0,False,False,NONE,86.0,467.0,-0.18500106019725174,-0.13286152907480264,134,0.14888888888888888,87.98614758180855,466.9963384705054,-0.18463490775361135,-0.132910547688846,134,87.98614758180855,466.9963384705054,0.9947774039073408,134,-0.18463490775361135,-0.132910547688846,0.9920373074182675,True,True,FULL,30.0,520.0,-0.191,-0.127,156,0.17333333333333334,65.99601519690545,507.99954801828443,-0.18763789603180026,-0.12731897543920026,156,65.99601519690545,507.99954801828443,0.9020480261660796,161,-0.18763789603180026,-0.12568434275478782,0.947467125496879,True,False,PARTIAL,2810.0,2938.0,0.1863643564578584,0.2037112277937999,0,0.0,,,,,0,,,0.0,0,,,0.0,False,False,NONE,2760.0,2990.0,0.181,0.209,0,0.0,,,,,0,,,0.0,0,,,0.0,False,False,NONE,81,90,0,0,
frame_summary,030,1,030,900,900,238.98377882459297,2364.9939337789183,-0.1641225636200761,0.12548878131899754,900,900,27.010582096981388,2581.0007310863452,-0.19306482804365713,0.15496146612852124,137,86.0,467.0,-0.18500106019725174,-0.13286152907480264,48,0.05333333333333334,238.98377882459297,465.99934799202595,-0.1641225636200761,-0.1331480098379958,49,238.98377882459297,467.9979452468947,0.5984677721139292,48,-0.1641225636200761,-0.1331480098379958,0.5940704320745984,True,False,PARTIAL,30.0,520.0,-0.191,-0.127,79,0.08777777777777777,238.98377882459297,510.9969201940531,-0.1641225636200761,-0.1270116488317704,79,238.98377882459297,510.9969201940531,0.5551288599376736,84,-0.1641225636200761,-0.12605539033507804,0.5800400565636891,True,False,PARTIAL,2810.0,2938.0,0.1863643564578584,0.2037112277937999,0,0.0,,,,,0,,,0.0,0,,,0.0,False,False,NONE,2760.0,2990.0,0.181,0.209,0,0.0,,,,,0,,,0.0,0,,,0.0,False,False,NONE,86.0,467.0,-0.18500106019725174,-0.13286152907480264,54,0.06,111.00577773025208,465.99934799202595,-0.18159401089356197,-0.1331480098379958,55,111.00577773025208,467.9979452468947,0.9343680374534066,54,-0.18159401089356197,-0.1331480098379958,0.9291606581921747,True,False,PARTIAL,30.0,520.0,-0.191,-0.127,81,0.09,79.99071270180242,509.9977987820666,-0.18582922301651328,-0.12714788754794887,81,79.99071270180242,509.9977987820666,0.8775654817964575,86,-0.18582922301651328,-0.12591864885916057,0.9192066096330199,True,False,PARTIAL,2810.0,2938.0,0.1863643564578584,0.2037112277937999,0,0.0,,,,,0,,,0.0,0,,,0.0,False,False,NONE,2760.0,2990.0,0.181,0.209,0,0.0,,,,,0,,,0.0,0,,,0.0,False,False,NONE,13,14,0,0,
frame_summary,031,1,031,900,900,637.9898733283417,2737.987649188146,-0.10975252867703486,0.17649491038200202,900,900,432.03072659625377,2962.9942220386897,-0.13785077172663845,0.20726088420896568,191,86.0,467.0,-0.18500106019725174,-0.13286152907480264,0,0.0,,,,,0,,,0.0,0,,,0.0,False,False,NONE,30.0,520.0,-0.191,-0.127,0,0.0,,,,,0,,,0.0,0,,,0.0,False,False,NONE,2810.0,2938.0,0.1863643564578584,0.2037112277937999,0,0.0,,,,,0,,,0.0,0,,,0.0,False,False,NONE,2760.0,2990.0,0.181,0.209,0,0.0,,,,,0,,,0.0,0,,,0.0,False,False,NONE,86.0,467.0,-0.18500106019725174,-0.13286152907480264,16,0.017777777777777778,432.03072659625377,465.9970203211543,-0.13785077172663845,-0.13321558627539604,17,432.03072659625377,467.980171642138,0.09178286982610559,16,-0.13785077172663845,-0.13321558627539604,0.08889963817198007,True,False,PARTIAL,30.0,520.0,-0.191,-0.127,36,0.04,432.03072659625377,509.9809497054376,-0.13785077172663845,-0.12721405833348173,36,432.03072659625377,509.9809497054376,0.15908208797792614,40,-0.13785077172663845,-0.12598380964138914,0.16954330822872582,True,False,PARTIAL,2810.0,2938.0,0.1863643564578584,0.2037112277937999,57,0.06333333333333334,2810.9849861720395,2935.9746400454737,0.18647336312475077,0.2035650153910461,57,2810.9849861720395,2935.9746400454737,0.976481670886205,58,0.18647336312475077,0.20383767468690103,0.9937160618314776,True,True,FULL,2760.0,2990.0,0.181,0.209,87,0.09666666666666666,2771.0332850727086,2962.9942220386897,0.18101195060636233,0.20726088420896568,87,2771.0332850727086,2962.9942220386897,0.8346127694173091,91,0.17977722112772443,0.20726088420896568,0.9378887217487748,True,False,PARTIAL,16,36,57,87,
frame_summary,032,1,032,900,900,563.0044222141157,2737.9601861984247,-0.11983176049755818,0.17644632101085175,900,900,343.99603466042953,2955.0049662224865,-0.149698088881148,0.20610329774718958,153,86.0,467.0,-0.18500106019725174,-0.13286152907480264,0,0.0,,,,,0,,,0.0,0,,,0.0,False,False,NONE,30.0,520.0,-0.191,-0.127,0,0.0,,,,,0,,,0.0,0,,,0.0,False,False,NONE,2810.0,2938.0,0.1863643564578584,0.2037112277937999,0,0.0,,,,,0,,,0.0,0,,,0.0,False,False,NONE,2760.0,2990.0,0.181,0.209,0,0.0,,,,,0,,,0.0,0,,,0.0,False,False,NONE,86.0,467.0,-0.18500106019725174,-0.13286152907480264,44,0.04888888888888889,343.99603466042953,466.96602716102046,-0.149698088881148,-0.13292564807918916,44,343.99603466042953,466.96602716102046,0.32275588582832265,44,-0.149698088881148,-0.13292564807918916,0.32168376740038085,True,False,PARTIAL,30.0,520.0,-0.191,-0.127,59,0.06555555555555556,343.99603466042953,509.99591061373667,-0.149698088881148,-0.12705830654507752,59,343.99603466042953,509.99591061373667,0.3387752570475656,62,-0.149698088881148,-0.12596734344696964,0.3546576387679374,True,False,PARTIAL,2810.0,2938.0,0.1863643564578584,0.2037112277937999,44,0.04888888888888889,2812.0093043724555,2935.0028309529466,0.18656136497485123,0.2033692617098441,44,2812.0093043724555,2935.0028309529466,0.9608869264100868,44,0.18656136497485123,0.2033692617098441,0.9689295786824722,True,True,FULL,2760.0,2990.0,0.181,0.209,65,0.07222222222222222,2772.00091996542,2955.0049662224865,0.18109579047379026,0.20610329774718958,65,2772.00091996542,2955.0049662224865,0.7956697663350714,69,0.17959217761111612,0.20610329774718958,0.8965463481139139,True,False,PARTIAL,44,59,44,65,
frame_summary,033,1,033,900,900,555.0004462844868,2706.0041983635133,-0.12098403324024934,0.1719972701904754,900,900,332.9987765567695,2920.0021933105677,-0.15125761279715735,0.20123173722719975,137,86.0,467.0,-0.18500106019725174,-0.13286152907480264,0,0.0,,,,,0,,,0.0,0,,,0.0,False,False,NONE,30.0,520.0,-0.191,-0.127,0,0.0,,,,,0,,,0.0,0,,,0.0,False,False,NONE,2810.0,2938.0,0.1863643564578584,0.2037112277937999,0,0.0,,,,,0,,,0.0,0,,,0.0,False,False,NONE,2760.0,2990.0,0.181,0.209,0,0.0,,,,,0,,,0.0,0,,,0.0,False,False,NONE,86.0,467.0,-0.18500106019725174,-0.13286152907480264,72,0.08,332.9987765567695,466.99874889988934,-0.15125761279715735,-0.1329816108141261,72,332.9987765567695,466.99874889988934,0.3517059641551702,72,-0.15125761279715735,-0.1329816108141261,0.35052102674476054,True,False,PARTIAL,30.0,520.0,-0.191,-0.127,95,0.10555555555555556,332.9987765567695,509.9939421830975,-0.15125761279715735,-0.1271195869225124,95,332.9987765567695,509.9939421830975,0.3612146237272,99,-0.15125761279715735,-0.1260277001870041,0.3790251999555836,True,False,PARTIAL,2810.0,2938.0,0.1863643564578584,0.2037112277937999,4,0.0044444444444444444,2821.986322890016,2920.0021933105677,0.18783851931583126,0.20123173722719975,4,2821.986322890016,2920.0021933105677,0.7657489876605617,4,0.18783851931583126,0.20123173722719975,0.7720826223930466,True,False,PARTIAL,2760.0,2990.0,0.181,0.209,9,0.01,2773.990932646854,2920.0021933105677,0.18128223929275733,0.20123173722719975,9,2773.990932646854,2920.0021933105677,0.6348315681031023,12,0.17978107556987813,0.20123173722719975,0.7225620438285629,True,False,PARTIAL,72,95,4,9,
frame_summary,034,1,034,900,900,516.0002670487477,2698.000142418685,-0.1262189462612957,0.1710130041325589,900,900,296.01275520646686,2918.994095292461,-0.15622480910512754,0.20120519299762446,149,86.0,467.0,-0.18500106019725174,-0.13286152907480264,0,0.0,,,,,0,,,0.0,0,,,0.0,False,False,NONE,30.0,520.0,-0.191,-0.127,0,0.0,,,,,0,,,0.0,2,-0.1262189462612957,-0.1259459179324681,0.0,False,False,NONE,2810.0,2938.0,0.1863643564578584,0.2037112277937999,0,0.0,,,,,0,,,0.0,0,,,0.0,False,False,NONE,2760.0,2990.0,0.181,0.209,0,0.0,,,,,0,,,0.0,0,,,0.0,False,False,NONE,86.0,467.0,-0.18500106019725174,-0.13286152907480264,47,0.052222222222222225,296.01275520646686,459.009444451962,-0.15622480910512754,-0.13398990048590861,47,296.01275520646686,459.009444451962,0.42781283266534154,47,-0.15622480910512754,-0.13398990048590861,0.42645010686805934,True,False,PARTIAL,30.0,520.0,-0.191,-0.127,57,0.06333333333333334,296.01275520646686,507.9983139990596,-0.15622480910512754,-0.12730983423549144,57,296.01275520646686,507.9983139990596,0.4326235893726382,60,-0.15622480910512754,-0.1258095699580658,0.4566376422676177,True,False,PARTIAL,2810.0,2938.0,0.1863643564578584,0.2037112277937999,45,0.05,2812.9979908620176,2918.994095292461,0.18672065151163095,0.20120519299762446,45,2812.9979908620176,2918.994095292461,0.8280945658628411,45,0.18672065151163095,0.20120519299762446,0.8349944612768615,True,False,PARTIAL,2760.0,2990.0,0.181,0.209,61,0.06777777777777778,2774.0002454352084,2918.994095292461,0.18139302321561768,0.20120519299762446,61,2774.0002454352084,2918.994095292461,0.630408042857621,66,0.1797540176593029,0.20120519299762446,0.7216140356294453,True,False,PARTIAL,47,57,45,61,
frame_summary,035,1,035,900,900,677.8724955805271,2773.9985473632214,-0.10410544778907288,0.18125161686196564,900,900,451.99097243448784,2971.0038048937413,-0.13487645237833404,0.2081559316788614,199,86.0,467.0,-0.18500106019725174,-0.13286152907480264,0,0.0,,,,,0,,,0.0,0,,,0.0,False,False,NONE,30.0,520.0,-0.191,-0.127,0,0.0,,,,,0,,,0.0,0,,,0.0,False,False,NONE,2810.0,2938.0,0.1863643564578584,0.2037112277937999,0,0.0,,,,,0,,,0.0,0,,,0.0,False,False,NONE,2760.0,2990.0,0.181,0.209,1,0.0011111111111111111,2773.9985473632214,2773.9985473632214,0.18125161686196564,0.18125161686196564,1,2773.9985473632214,2773.9985473632214,0.0,3,0.18043313413464276,0.18125161686196564,0.008986316498773137,True,False,PARTIAL,86.0,467.0,-0.18500106019725174,-0.13286152907480264,7,0.0077777777777777776,451.99097243448784,464.9931746191252,-0.13487645237833404,-0.13310454633515703,7,451.99097243448784,464.9931746191252,0.03412651492030809,8,-0.13487645237833404,-0.1328335731398192,0.03864482975114164,True,False,PARTIAL,30.0,520.0,-0.191,-0.127,27,0.03,451.99097243448784,507.01171137403185,-0.13487645237833404,-0.1273788360251616,27,451.99097243448784,507.01171137403185,0.11228722232560001,33,-0.13487645237833404,-0.1256102208410991,0.12306956841146932,True,False,PARTIAL,2810.0,2938.0,0.1863643564578584,0.2037112277937999,59,0.06555555555555556,2813.005962442519,2937.019116099013,0.1865766225920406,0.203513080754658,59,2813.005962442519,2937.019116099013,0.9688527629413599,60,0.18630495871313052,0.203513080754658,0.9885773615711685,True,True,FULL,2760.0,2990.0,0.181,0.209,94,0.10444444444444445,2773.001802217165,2971.0038048937413,0.18111549904533505,0.2081559316788614,94,2773.001802217165,2971.0038048937413,0.8608782725068542,94,0.18111549904533505,0.2081559316788614,0.9657297369116553,True,False,PARTIAL,7,27,59,93,
frame_summary,036,1,036,900,900,647.0605421593717,2723.990192145788,-0.10855253819691545,0.17437956490648077,900,900,438.2555116381724,2933.971049989443,-0.13701904829398068,0.2030712154478314,173,86.0,467.0,-0.18500106019725174,-0.13286152907480264,0,0.0,,,,,0,,,0.0,0,,,0.0,False,False,NONE,30.0,520.0,-0.191,-0.127,0,0.0,,,,,0,,,0.0,0,,,0.0,False,False,NONE,2810.0,2938.0,0.1863643564578584,0.2037112277937999,0,0.0,,,,,0,,,0.0,0,,,0.0,False,False,NONE,2760.0,2990.0,0.181,0.209,0,0.0,,,,,0,,,0.0,0,,,0.0,False,False,NONE,86.0,467.0,-0.18500106019725174,-0.13286152907480264,10,0.011111111111111112,438.2555116381724,464.00247211497145,-0.13701904829398068,-0.13350894016107528,11,438.2555116381724,467.0033659467552,0.07544485134337958,10,-0.13701904829398068,-0.13350894016107528,0.06732143648668308,True,False,PARTIAL,30.0,520.0,-0.191,-0.127,21,0.023333333333333334,438.2555116381724,510.99875867386146,-0.13701904829398068,-0.12709976024771708,21,438.2555116381724,510.99875867386146,0.14845560619528383,22,-0.13701904829398068,-0.12601180968450565,0.15654762959344806,True,False,PARTIAL,2810.0,2938.0,0.1863643564578584,0.2037112277937999,60,0.06666666666666667,2812.0244415476764,2933.971049989443,0.1864052614446669,0.2030712154478314,60,2812.0244415476764,2933.971049989443,0.952707878451303,60,0.1864052614446669,0.2030712154478314,0.9607469658597058,True,True,FULL,2760.0,2990.0,0.181,0.209,79,0.08777777777777777,2772.979074690892,2933.971049989443,0.18107107357184749,0.2030712154478314,79,2772.979074690892,2933.971049989443,0.6999651099937004,85,0.1794326672202255,0.2030712154478314,0.7882576945654078,True,False,PARTIAL,10,21,60,79,
fit_union,001|002|003|004|005|006|007|008|009|010|011|012|013|014|015|016|017|018|025|026|027|028|029|030|031|032|033|034|035|036,30,,26902,26663,238.98377882459297,2874.0060377373225,-0.1641225636200761,0.19495848459253196,27000,26285,27.010582096981388,2999.0647167310135,-0.19306482804365713,0.2120347115457246,4625,86.0,467.0,-0.18500106019725174,-0.13286152907480264,912,0.03420470314668267,238.98377882459297,466.00560332378905,-0.1641225636200761,-0.13294132519201973,920,238.98377882459297,467.9979452468947,0.5984677721139292,914,-0.1641225636200761,-0.1328063648954015,0.599564934173598,True,False,PARTIAL,30.0,520.0,-0.191,-0.127,1273,0.047744064808911225,238.98377882459297,511.02580695993316,-0.1641225636200761,-0.1270116488317704,1273,238.98377882459297,511.02580695993316,0.5551878125211024,1353,-0.1641225636200761,-0.12549743222832974,0.5800400565636891,True,False,PARTIAL,2810.0,2938.0,0.1863643564578584,0.2037112277937999,37,0.0013876908074860292,2812.001252325676,2874.0060377373225,0.18649496732874993,0.19495848459253196,37,2812.001252325676,2874.0060377373225,0.48441238602848813,38,0.1862244983513874,0.19495848459253196,0.49542813618886544,True,False,PARTIAL,2760.0,2990.0,0.181,0.209,61,0.0022878145745039943,2773.0148209855706,2874.0060377373225,0.18117470969685812,0.19495848459253196,61,2773.0148209855706,2874.0060377373225,0.43909224674674713,70,0.17953852887643182,0.19495848459253196,0.49851730687614154,True,False,PARTIAL,86.0,467.0,-0.18500106019725174,-0.13286152907480264,2179,0.08289899182042991,86.97683716878664,466.99874889988934,-0.18477418302890283,-0.13288805775616924,2190,85.99099144816192,467.9979452468947,1.0,2184,-0.18508421896847665,-0.1328063648954015,1.0,True,True,FULL,30.0,520.0,-0.191,-0.127,2670,0.10157884725128401,41.9823120219882,511.0169086106292,-0.19075332042083668,-0.12702691236857663,2670,41.9823120219882,511.0169086106292,0.9572134624257979,2768,-0.19238418513180516,-0.12549743222832974,1.0,True,True,FULL,2810.0,2938.0,0.1863643564578584,0.2037112277937999,444,0.016891763363134867,2810.0276639526714,2937.019116099013,0.1864052614446669,0.2035650153910461,444,2810.0276639526714,2937.019116099013,0.9921207198932933,450,0.18626599477253497,0.20383767468690103,1.0,True,True,FULL,2760.0,2990.0,0.181,0.209,698,0.026555069431234545,2770.97846284584,2975.0120040004244,0.18101195060636233,0.2087499772453161,698,2770.97846284584,2975.0120040004244,0.8871023528460188,759,0.1794326672202255,0.21078797053452805,1.0,True,False,PARTIAL,1438,1639,415,649,Top
fit_union,001|002|003|004|005|006|007|008|009|010|011|012|013|014|015|016|017|018|025|026|027|028|029|030|031|032|033|034|035|036,30,,26902,26663,238.98377882459297,2874.0060377373225,-0.1641225636200761,0.19495848459253196,27000,26285,27.010582096981388,2999.0647167310135,-0.19306482804365713,0.2120347115457246,4625,86.0,467.0,-0.18500106019725174,-0.13286152907480264,912,0.03420470314668267,238.98377882459297,466.00560332378905,-0.1641225636200761,-0.13294132519201973,920,238.98377882459297,467.9979452468947,0.5984677721139292,914,-0.1641225636200761,-0.1328063648954015,0.599564934173598,True,False,PARTIAL,30.0,520.0,-0.191,-0.127,1273,0.047744064808911225,238.98377882459297,511.02580695993316,-0.1641225636200761,-0.1270116488317704,1273,238.98377882459297,511.02580695993316,0.5551878125211024,1353,-0.1641225636200761,-0.12549743222832974,0.5800400565636891,True,False,PARTIAL,2810.0,2938.0,0.1863643564578584,0.2037112277937999,37,0.0013876908074860292,2812.001252325676,2874.0060377373225,0.18649496732874993,0.19495848459253196,37,2812.001252325676,2874.0060377373225,0.48441238602848813,38,0.1862244983513874,0.19495848459253196,0.49542813618886544,True,False,PARTIAL,2760.0,2990.0,0.181,0.209,61,0.0022878145745039943,2773.0148209855706,2874.0060377373225,0.18117470969685812,0.19495848459253196,61,2773.0148209855706,2874.0060377373225,0.43909224674674713,70,0.17953852887643182,0.19495848459253196,0.49851730687614154,True,False,PARTIAL,86.0,467.0,-0.18500106019725174,-0.13286152907480264,2179,0.08289899182042991,86.97683716878664,466.99874889988934,-0.18477418302890283,-0.13288805775616924,2190,85.99099144816192,467.9979452468947,1.0,2184,-0.18508421896847665,-0.1328063648954015,1.0,True,True,FULL,30.0,520.0,-0.191,-0.127,2670,0.10157884725128401,41.9823120219882,511.0169086106292,-0.19075332042083668,-0.12702691236857663,2670,41.9823120219882,511.0169086106292,0.9572134624257979,2768,-0.19238418513180516,-0.12549743222832974,1.0,True,True,FULL,2810.0,2938.0,0.1863643564578584,0.2037112277937999,444,0.016891763363134867,2810.0276639526714,2937.019116099013,0.1864052614446669,0.2035650153910461,444,2810.0276639526714,2937.019116099013,0.9921207198932933,450,0.18626599477253497,0.20383767468690103,1.0,True,True,FULL,2760.0,2990.0,0.181,0.209,698,0.026555069431234545,2770.97846284584,2975.0120040004244,0.18101195060636233,0.2087499772453161,698,2770.97846284584,2975.0120040004244,0.8871023528460188,759,0.1794326672202255,0.21078797053452805,1.0,True,False,PARTIAL,1438,1639,415,649,Bottom
