bin_width_px,v_start_px,v_end_px,v_center_px,model,frame027_point_count,original_status,leave027_status,original_point_count,leave027_point_count,original_unique_frame_count,leave027_unique_frame_count,original_u_ref_px,leave027_u_ref_px,original_b_mm,leave027_b_mm,delta_b_leave_minus_original_mm,original_delta_g_mm_per_px,leave027_delta_g_mm_per_px,delta_g_leave_minus_original_mm_per_px,original_weighted_rmse_mm,leave027_weighted_rmse_mm
30,0,30,15.0,M0,0,no_data,no_data,0,0,0,0,nan,nan,nan,nan,nan,nan,nan,nan,nan,nan
30,0,30,15.0,M_local_fullfit,0,no_data,no_data,0,0,0,0,nan,nan,nan,nan,nan,nan,nan,nan,nan,nan
30,30,60,45.0,M0,0,no_data,no_data,0,0,0,0,nan,nan,nan,nan,nan,nan,nan,nan,nan,nan
30,30,60,45.0,M_local_fullfit,0,no_data,no_data,0,0,0,0,nan,nan,nan,nan,nan,nan,nan,nan,nan,nan
30,60,90,75.0,M0,0,no_data,no_data,0,0,0,0,nan,nan,nan,nan,nan,nan,nan,nan,nan,nan
30,60,90,75.0,M_local_fullfit,0,no_data,no_data,0,0,0,0,nan,nan,nan,nan,nan,nan,nan,nan,nan,nan
30,90,120,105.0,M0,0,no_data,no_data,0,0,0,0,nan,nan,nan,nan,nan,nan,nan,nan,nan,nan
30,90,120,105.0,M_local_fullfit,0,no_data,no_data,0,0,0,0,nan,nan,nan,nan,nan,nan,nan,nan,nan,nan
30,120,150,135.0,M0,0,no_data,no_data,0,0,0,0,nan,nan,nan,nan,nan,nan,nan,nan,nan,nan
30,120,150,135.0,M_local_fullfit,0,no_data,no_data,0,0,0,0,nan,nan,nan,nan,nan,nan,nan,nan,nan,nan
30,150,180,165.0,M0,0,no_data,no_data,0,0,0,0,nan,nan,nan,nan,nan,nan,nan,nan,nan,nan
30,150,180,165.0,M_local_fullfit,0,no_data,no_data,0,0,0,0,nan,nan,nan,nan,nan,nan,nan,nan,nan,nan
30,180,210,195.0,M0,0,no_data,no_data,0,0,0,0,nan,nan,nan,nan,nan,nan,nan,nan,nan,nan
30,180,210,195.0,M_local_fullfit,0,no_data,no_data,0,0,0,0,nan,nan,nan,nan,nan,nan,nan,nan,nan,nan
30,210,240,225.0,M0,0,insufficient_frames,insufficient_frames,1,1,1,1,2071.423531377006,2071.423531377006,nan,nan,nan,nan,nan,nan,nan,nan
30,210,240,225.0,M_local_fullfit,0,insufficient_frames,insufficient_frames,1,1,1,1,2071.423531377006,2071.423531377006,nan,nan,nan,nan,nan,nan,nan,nan
30,240,270,255.0,M0,0,ok,ok,15,15,2,2,1973.9876164637617,1973.9876164637617,0.1050824738891661,0.1050824738891661,0.0,0.0007386628431595369,0.0007386628431595369,0.0,0.056037213534935786,0.056037213534935786
30,240,270,255.0,M_local_fullfit,0,ok,ok,15,15,2,2,1973.9876164637617,1973.9876164637617,0.12926124758210453,0.12926124758210453,0.0,0.0007207906909520944,0.0007207906909520944,0.0,0.056034563000481014,0.056034563000481014
30,270,300,285.0,M0,0,ok,ok,65,65,7,7,2065.212980671218,2065.212980671218,0.12798117298100503,0.12798117298100503,0.0,-0.0006791087290156114,-0.0006791087290156114,0.0,0.11579660205289921,0.11579660205289921
30,270,300,285.0,M_local_fullfit,0,ok,ok,65,65,7,7,2065.212980671218,2065.212980671218,0.1489141306645826,0.1489141306645826,0.0,-0.0007035159377031448,-0.0007035159377031448,0.0,0.11592098207618544,0.11592098207618544
30,300,330,315.0,M0,0,ok,ok,92,92,8,8,2065.9965750814995,2065.9965750814995,0.13032033538083632,0.13032033538083632,0.0,-0.00030186069660814117,-0.00030186069660814117,0.0,0.09181698081357735,0.09181698081357735
30,300,330,315.0,M_local_fullfit,0,ok,ok,92,92,8,8,2065.9965750814995,2065.9965750814995,0.15000848904244263,0.15000848904244263,0.0,-0.000328536087898914,-0.000328536087898914,0.0,0.09191330037742475,0.09191330037742475
30,330,360,345.0,M0,0,ok,ok,116,116,8,8,2064.834999067682,2064.834999067682,0.10890391022653063,0.10890391022653063,0.0,-0.00017986427669934642,-0.00017986427669934642,0.0,0.060208112906479636,0.060208112906479636
30,330,360,345.0,M_local_fullfit,0,ok,ok,116,116,8,8,2064.834999067682,2064.834999067682,0.12748573943077984,0.12748573943077984,0.0,-0.00020786177141480667,-0.00020786177141480667,0.0,0.06040064709813767,0.06040064709813767
30,360,390,375.0,M0,17,ok,ok,135,127,10,9,2063.4213888692216,2067.853815411533,0.09089588957198917,0.09308655550171581,0.0021906659297266373,0.00017869491813999138,-0.00010803320249170293,-0.0002867281206316943,0.06628759156872986,0.05698398447910959
30,360,390,375.0,M_local_fullfit,17,ok,ok,134,127,10,9,2063.4213888692216,2067.853815411533,0.1082005656572782,0.11034374242147388,0.0021431767641956756,0.0001575762805589183,-0.00013784171904449588,-0.0002954179996034142,0.06707810302718922,0.057138462613765276
30,390,420,405.0,M0,2,ok,ok,176,174,14,13,2049.0757604982537,2054.211936439055,0.07596081704046956,0.07639635756825222,0.00043554052778266295,3.642473545653566e-05,3.732126885801614e-06,-3.269260857073405e-05,0.061240150503250705,0.06297448666824232
30,390,420,405.0,M_local_fullfit,2,ok,ok,176,174,14,13,2049.0757604982537,2054.211936439055,0.09264422304472207,0.09292854308511742,0.0002843200403953444,6.677657611428409e-06,-2.6221110914539453e-05,-3.289876852596786e-05,0.061281633296100625,0.06301464522892225
30,420,450,435.0,M0,13,ok,ok,187,174,14,13,2047.6013621781271,2051.5607032760386,0.03609387801217872,0.04365574737494277,0.007561869362764054,0.0005580571123098536,0.00010143341069063641,-0.00045662370161921723,0.10326244132954362,0.05804737488747728
30,420,450,435.0,M_local_fullfit,13,ok,ok,187,174,14,13,2047.6013621781271,2051.5607032760386,0.05173920092626747,0.05918877919344131,0.007449578267173837,0.0005269635829811266,6.94185383972772e-05,-0.0004575450445838494,0.10345286675817188,0.058161894965360485
30,450,480,465.0,M0,30,ok,ok,234,204,15,14,2043.099408365233,2045.1221677202884,0.028477190492735706,0.029998727930008375,0.0015215374372726694,0.00010489168050366402,2.797458003429606e-06,-0.00010209422250023441,0.06814965125143192,0.06509734071696037
30,450,480,465.0,M_local_fullfit,30,ok,ok,234,204,15,14,2043.099408365233,2045.1221677202884,0.04323136472005024,0.044693917175657356,0.0014625524556071134,7.225712761398705e-05,-3.0367662849699814e-05,-0.00010262479046368687,0.06823524703504556,0.06517236357425701
30,480,510,495.0,M0,29,ok,ok,246,217,15,14,2042.6071698308094,2043.372115447316,0.025661681648131623,0.025780974453928043,0.00011929280579641918,-5.095765684379533e-05,-6.010656153881474e-05,-9.148904695019408e-06,0.05069814170054937,0.051386872152231845
30,480,510,495.0,M_local_fullfit,29,ok,ok,246,217,15,14,2042.6071698308094,2043.372115447316,0.039426465753549494,0.0395297908825863,0.00010332512903680341,-8.57838282723536e-05,-9.562746934749804e-05,-9.843641075144434e-06,0.05073642980463072,0.05141376495088037
30,510,540,525.0,M0,30,ok,ok,290,260,18,17,2016.3653983512745,2041.2131596227669,0.00804071405220828,0.007892397758251825,-0.00014831629395645543,2.1915748578985406e-07,9.119220934050621e-06,8.900063448260768e-06,0.06049286962089678,0.06156716170138991
30,510,540,525.0,M_local_fullfit,30,ok,ok,290,260,18,17,2016.3653983512745,2041.2131596227669,0.021744019749629955,0.02073322678358017,-0.0010107929660497852,-3.463546807879718e-05,-2.5926760864732928e-05,8.708707214064253e-06,0.06055362292691986,0.06163009803871722
30,540,570,555.0,M0,30,ok,ok,327,297,21,20,2037.4436024011195,2039.5565107563539,-0.012036110378367165,-0.0123612890475474,-0.0003251786691802344,-9.927117796207569e-05,-9.357215991913645e-05,5.699018042939241e-06,0.05776190182113,0.05874915565179572
30,540,570,555.0,M_local_fullfit,30,ok,ok,327,297,21,20,2037.4436024011195,2039.5565107563539,-4.0141403846225525e-05,-0.0004375380560241478,-0.0003973966521779223,-0.0001358725678430992,-0.00013040429420926964,5.468273633829553e-06,0.05777960848623853,0.058765789673990196
30,570,600,585.0,M0,30,ok,ok,341,311,22,21,2037.1865654020976,2041.1668910514031,-0.028516598014471553,-0.02959412917892147,-0.0010775311644499186,-0.000251868787191516,-0.00024902235211622214,2.8464350752938593e-06,0.04707525291617438,0.04681486040129809
30,570,600,585.0,M_local_fullfit,30,ok,ok,341,311,22,21,2037.1865654020976,2041.1668910514031,-0.01742887518099699,-0.018651552792086763,-0.001222677611089771,-0.0002902667136368842,-0.00028771435783481143,2.5523558020727668e-06,0.047135904285338245,0.046882306915255245
30,600,630,615.0,M0,11,ok,ok,357,346,21,20,2040.7952414939834,2042.3327824291941,-0.03826756715503622,-0.038544059138168045,-0.0002764919831318227,-0.00012577060562242874,-0.00012258680276657687,3.1838028558518684e-06,0.04680256507374994,0.046657826148151865
30,600,630,615.0,M_local_fullfit,11,ok,ok,357,346,21,20,2040.7952414939834,2042.3327824291941,-0.02814613448065519,-0.02847862174844029,-0.0003324872677851025,-0.00016510194655537978,-0.00016210089568568237,3.001050869697405e-06,0.04677178658572728,0.04663071335071896
30,630,660,645.0,M0,0,ok,ok,367,367,23,23,2042.1343665896609,2042.1343665896609,-0.06479980494961608,-0.06479980494961608,0.0,-0.00020218773099227167,-0.00020218773099227167,0.0,0.05578412080906502,0.05578412080906502
30,630,660,645.0,M_local_fullfit,0,ok,ok,367,367,23,23,2042.1343665896609,2042.1343665896609,-0.055587640114735264,-0.055587640114735264,0.0,-0.00024225475772692817,-0.00024225475772692817,0.0,0.05583038016745937,0.05583038016745937
30,660,690,675.0,M0,2,ok,ok,366,364,25,24,2039.8593032274207,2039.8786578599988,-0.07849084764062618,-0.07902186288454069,-0.0005310152439145094,-6.603709383628876e-06,9.65882133616476e-06,1.6262530719793634e-05,0.07116303724687058,0.07242358050759452
30,660,690,675.0,M_local_fullfit,2,ok,ok,366,364,25,24,2039.8593032274207,2039.8786578599988,-0.07000563721936809,-0.07052594425091188,-0.000520307031543793,-4.703426252941527e-05,-3.112331026079138e-05,1.5910952268623888e-05,0.07116162952273426,0.07242796854021058
30,690,720,705.0,M0,4,ok,ok,369,365,25,24,2037.8379148510085,2038.6140298855235,-0.08909864536020998,-0.09099471281705077,-0.0018960674568407887,-4.407392568235279e-05,1.0636630683334977e-05,5.471055636568776e-05,0.055435594978291446,0.05434400414421279
30,690,720,705.0,M_local_fullfit,4,ok,ok,369,365,25,24,2037.8379148510085,2038.6140298855235,-0.08127351330370389,-0.08319446982457762,-0.0019209565208737345,-8.518887805867487e-05,-3.068306109014856e-05,5.4505816968526304e-05,0.0554044452175602,0.05432910086587182
30,720,750,735.0,M0,1,ok,ok,304,303,24,23,2037.6155940910598,2038.9361445763052,-0.10122143786770803,-0.1050652821878467,-0.0038438443201386785,-0.00010064577997277819,1.4650796905232979e-05,0.00011529657687801117,0.06390689557605662,0.05956138561892464
30,720,750,735.0,M_local_fullfit,1,ok,ok,304,303,24,23,2037.6155940910598,2038.9361445763052,-0.09412080640009352,-0.09800996464856775,-0.003889158248474231,-0.00014251168756356964,-2.752493837241632e-05,0.00011498674919115332,0.06388562018585553,0.05956974363685868
30,750,780,765.0,M0,1,ok,ok,311,310,26,25,2024.251675399601,2034.8460182724502,-0.10576475919138346,-0.11213482211905142,-0.006370062927667952,4.1525907598294154e-05,0.00019543978632034623,0.0001539138787220521,0.08650199208651034,0.0692868782118682
30,750,780,765.0,M_local_fullfit,1,ok,ok,311,310,26,25,2024.251675399601,2034.8460182724502,-0.09885176880161615,-0.10564662229203965,-0.006794853490423497,6.38805799204343e-07,0.00015436325496884188,0.00015372444916963754,0.08650503171555468,0.06934372488320263
30,780,810,795.0,M0,2,ok,ok,331,329,26,25,2021.3389659989516,2032.0788103470088,-0.10236582816459285,-0.10789065189306916,-0.005524823728476319,-0.00013367115480300546,-4.663023012170739e-05,8.704092468129806e-05,0.06175867924561805,0.05466969446255059
30,780,810,795.0,M_local_fullfit,2,ok,ok,331,329,26,25,2021.3389659989516,2032.0788103470088,-0.09599149851506823,-0.10195959747344113,-0.0059680989583729,-0.0001749700952986739,-8.793364498824838e-05,8.70364503104255e-05,0.061738610774401,0.054644839347458334
30,810,840,825.0,M0,18,ok,ok,342,324,26,25,2018.4316506869577,2030.7379590919663,-0.08955197135022665,-0.09357827394841933,-0.004026302598192685,-5.978836479860232e-05,5.8543875397242776e-06,6.56427523383266e-05,0.07403545469978089,0.07145164366965044
30,810,840,825.0,M_local_fullfit,18,ok,ok,342,324,26,25,2018.4316506869577,2030.7379590919663,-0.08370805591269835,-0.08823892747645659,-0.00453087156375824,-0.0001010761460517614,-3.550319763992448e-05,6.557294841183693e-05,0.07399884962287977,0.07142068502212781
30,840,870,855.0,M0,30,ok,ok,364,334,27,26,2027.9814461094531,2032.4205382668003,-0.09884453585190947,-0.10347795324684483,-0.004633417394935363,-0.00010792355738186717,-2.5023185591379227e-05,8.290037179048795e-05,0.06473741947630295,0.058237555960398625
30,840,870,855.0,M_local_fullfit,30,ok,ok,364,334,27,26,2027.9814461094531,2032.4205382668003,-0.09400248938376113,-0.09881876791443309,-0.004816278530671958,-0.0001490884574572007,-6.61840777545241e-05,8.29043797026766e-05,0.06476913019382084,0.058276403706701
30,870,900,885.0,M0,30,ok,ok,400,370,27,26,2026.5054227913615,2031.3828890410223,-0.07452189267006254,-0.07969616608639296,-0.005174273416330422,-0.00012751831697188734,-4.066078613028323e-05,8.685753084160411e-05,0.06813831712256682,0.0612790873718366
30,870,900,885.0,M_local_fullfit,30,ok,ok,400,370,27,26,2026.5054227913615,2031.3828890410223,-0.07020443850542049,-0.07557803927414769,-0.005373600768727199,-0.00016829175687131697,-8.142379099456052e-05,8.686796587675644e-05,0.06812342673170688,0.061259531890007705
30,900,930,915.0,M0,30,ok,ok,424,394,27,26,2024.5045945496813,2030.1639899784655,-0.06816001124478115,-0.07352998968268087,-0.005369978437899728,-5.638656384445724e-05,3.474247905019512e-05,9.112904289465236e-05,0.06224768439496966,0.052730194988660425
30,900,930,915.0,M_local_fullfit,30,ok,ok,424,394,27,26,2024.5045945496813,2030.1639899784655,-0.06430401866201516,-0.0699027783836558,-0.005598759721640645,-9.689986592129419e-05,-5.778379945414196e-06,9.112148597587999e-05,0.06226623323277498,0.05275630592001877
30,930,960,945.0,M0,29,ok,ok,413,384,27,26,2022.5464454861453,2028.9263938581644,-0.04831466971283405,-0.0539668281122062,-0.005652158399372144,-3.127085010292726e-05,6.206099826073543e-05,9.333184836366268e-05,0.06905840248240643,0.05991812894480895
30,930,960,945.0,M_local_fullfit,29,ok,ok,413,384,27,26,2022.5464454861453,2028.9263938581644,-0.044897278703170326,-0.05080378575813301,-0.0059065070549626855,-7.117919519648371e-05,2.2149523421383636e-05,9.332871861786735e-05,0.06905439662485167,0.0599142013327397
30,960,990,975.0,M0,30,ok,ok,412,382,27,26,2020.6659360356985,2026.431559788845,-0.03974396927363834,-0.04603290534215056,-0.006288936068512219,3.1651794193727614e-05,0.00013430847411124308,0.00010265667991751547,0.0726951303693033,0.061123550252177715
30,960,990,975.0,M_local_fullfit,30,ok,ok,412,382,27,26,2020.6659360356985,2026.431559788845,-0.03675631441156307,-0.04327085759413387,-0.006514543182570803,-7.523754377330618e-06,9.513012119550244e-05,0.00010265387557283306,0.07271288983847655,0.061146724490394544
30,990,1020,1005.0,M0,29,ok,ok,401,372,27,26,2018.7325394626237,2023.7043927298555,-0.02634538888223226,-0.034155036013546775,-0.007809647131314514,-4.2972695767952795e-05,6.880356950307134e-05,0.00011177626527102414,0.07486479212400522,0.06015100737091629
30,990,1020,1005.0,M_local_fullfit,29,ok,ok,401,372,27,26,2018.7325394626237,2023.7043927298555,-0.023762152539055698,-0.03176204352152034,-0.00799989098246464,-8.101465455655049e-05,3.0779074697592355e-05,0.00011179372925414284,0.07485827396014955,0.06013840739862899
30,1020,1050,1035.0,M0,20,ok,ok,402,382,27,26,2016.6424994459203,2020.8417783439797,-0.00792288959628132,-0.01661771825268545,-0.008694828656404129,-3.5366556890494175e-05,8.19459777067609e-05,0.00011731253459725509,0.07266958218126304,0.05334395687192848
30,1020,1050,1035.0,M_local_fullfit,20,ok,ok,402,382,27,26,2016.6424994459203,2020.8417783439797,-0.005711073854407645,-0.014565429194871858,-0.008854355340464214,-7.234703764281648e-05,4.502441443141853e-05,0.00011737145207423502,0.07267931254419642,0.05333594977843535
30,1050,1080,1065.0,M0,5,ok,ok,369,364,27,26,2014.6776553817851,2018.0618068821157,0.0089286497858898,-0.000852663417768882,-0.009781313203658682,-3.013219981166197e-05,9.26873298720716e-05,0.00012281952968373356,0.07869939529952592,0.058421412118579825
30,1050,1080,1065.0,M_local_fullfit,5,ok,ok,369,364,27,26,2014.6776553817851,2018.0618068821157,0.010791535096668489,0.0008858991289879291,-0.00990563596768056,-6.585580410515593e-05,5.700852818297018e-05,0.00012286433228812611,0.07869174511025384,0.0583907881442897
30,1080,1110,1095.0,M0,6,ok,ok,384,378,29,28,2013.2198221816798,2015.69124042278,-0.004371580431763848,-0.012073553938891198,-0.0077019735071273505,-6.110889509155873e-05,3.255093019391908e-05,9.365982528547782e-05,0.06828969438638319,0.05501669234587036
30,1080,1110,1095.0,M_local_fullfit,6,ok,ok,384,378,29,28,2013.2198221816798,2015.69124042278,-0.002855048943653401,-0.010642568412638546,-0.0077875194689851455,-9.532918837384527e-05,-1.6564623133933093e-06,9.367272606045196e-05,0.06828949391391874,0.055013401672371856
30,1110,1140,1125.0,M0,9,ok,ok,393,384,27,26,2010.8752606268163,2011.5991804405387,0.021772634455751172,0.010349991153805466,-0.011422643301945706,-3.801875696289441e-05,0.00010287293412425524,0.00014089169108714967,0.09923473827504119,0.08391802535483893
30,1110,1140,1125.0,M_local_fullfit,9,ok,ok,393,384,27,26,2010.8752606268163,2011.5991804405387,0.022993620325981817,0.011546710651212117,-0.0114469096747697,-7.10864217070488e-05,6.981005148612626e-05,0.00014089647319317507,0.09922598643747903,0.08390594463451949
30,1140,1170,1155.0,M0,9,ok,ok,384,375,28,27,2009.2358859345384,2009.506326272126,0.030168660141792144,0.018291341014716033,-0.01187731912707611,0.00013562969928395438,0.00025837304496677526,0.00012274334568282088,0.08127130437315772,0.0540803999527893
30,1140,1170,1155.0,M_local_fullfit,9,ok,ok,384,375,28,27,2009.2358859345384,2009.506326272126,0.031092040577820036,0.01920447677091961,-0.011887563806900425,0.00010430986276835357,0.0002270723880472339,0.00012276252527888034,0.08127227140162359,0.05407276275059544
30,1170,1200,1185.0,M0,7,ok,ok,406,399,30,29,2007.8260414044253,2008.3906287854077,0.06065379056464181,0.047313223795421966,-0.013340566769219846,3.6269509269730995e-05,0.00016823560915939294,0.00013196609988966193,0.09558546861180711,0.06829386017487099
30,1170,1200,1185.0,M_local_fullfit,7,ok,ok,406,399,30,29,2007.8260414044253,2008.3906287854077,0.0612696692461329,0.047912843154834656,-0.013356826091298242,7.002854626600321e-06,0.00013896649125002804,0.00013196363662342772,0.09556967193360452,0.06827304616998497
30,1200,1230,1215.0,M0,7,ok,ok,436,429,30,29,2008.1447345933502,2008.2244218991539,0.06488336908653988,0.05339381629983907,-0.011489552786700816,0.00014669994063774573,0.000254432469844641,0.0001077325292068953,0.08030339986900373,0.05602436406714743
30,1200,1230,1215.0,M_local_fullfit,7,ok,ok,436,429,30,29,2008.1447345933502,2008.2244218991539,0.06518544199133558,0.05369207340593939,-0.011493368585396187,0.00011957249434281987,0.00022732172292500588,0.00010774922858218602,0.08031983949574167,0.056039434295702704
30,1230,1260,1245.0,M0,27,ok,ok,482,455,30,29,2009.0033827467973,2010.2097011363844,0.06689453704700019,0.05571227305235997,-0.011182263994640215,4.23617741842429e-05,0.00014256594119527492,0.00010020416701103202,0.07747444087991548,0.05125696641303506
30,1230,1260,1245.0,M_local_fullfit,27,ok,ok,482,455,30,29,2009.0033827467973,2010.2097011363844,0.06690749214283132,0.05569403178583127,-0.011213460357000042,1.723938872203953e-05,0.00011745216246800839,0.00010021277374596886,0.07747599690255517,0.051255389578822926
30,1260,1290,1275.0,M0,29,ok,ok,496,467,30,29,2009.693968933555,2011.877097877504,0.06630491268820292,0.054506718691396575,-0.011798193996806344,9.69991106815308e-05,0.00019830865474941607,0.00010130954406788527,0.08116761313465674,0.0512747167188127
30,1260,1290,1275.0,M_local_fullfit,29,ok,ok,496,467,30,29,2009.693968933555,2011.877097877504,0.06605256591700805,0.05420345294245799,-0.011849112974550054,7.414956504960107e-05,0.00017546854526443616,0.00010131898021483509,0.08117568078084576,0.051281732931058546
30,1290,1320,1305.0,M0,31,ok,ok,517,486,30,29,2010.5153547100422,2013.6648638861482,0.06319878330192283,0.05107853927661288,-0.01212024402530995,0.00022361808634684748,0.0003245413074355261,0.00010092322108867864,0.08552225236934062,0.05129082100791248
30,1290,1320,1305.0,M_local_fullfit,31,ok,ok,517,486,30,29,2010.5153547100422,2013.6648638861482,0.06271199140568724,0.0505268583993514,-0.012185133006335842,0.00020323987691222504,0.00030416944304452345,0.00010092956613229841,0.08552952465948044,0.051297956870151366
30,1320,1350,1335.0,M0,28,ok,ok,487,459,30,29,2011.2145762924558,2015.4305068935741,0.05968322699922808,0.04773420031676428,-0.011949026682463802,0.0002926718256706321,0.00038767066858182256,9.499884291119045e-05,0.09556483103891769,0.06385513909252687
30,1320,1350,1335.0,M_local_fullfit,28,ok,ok,487,459,30,29,2011.2145762924558,2015.4305068935741,0.05899375688060426,0.046969401219847766,-0.012024355660756492,0.0002748982463298397,0.0003699005928783562,9.500234654851651e-05,0.09556223372337172,0.06384861728851088
30,1350,1380,1365.0,M0,31,ok,ok,473,442,30,29,2011.4552804011723,2016.1512441617567,0.05262869462253895,0.0395445892527295,-0.013084105369809446,4.354467668528059e-05,0.00012891550890786776,8.537083222258717e-05,0.09155919460925267,0.0562627662547101
30,1350,1380,1365.0,M_local_fullfit,31,ok,ok,473,442,30,29,2011.4552804011723,2016.1512441617567,0.05177313349494676,0.03861868418369259,-0.013154449311254174,2.8620150592650594e-05,0.0001139932869284669,8.53731363358163e-05,0.09156532741624529,0.0562710084226007
30,1380,1410,1395.0,M0,29,ok,ok,483,454,30,29,2009.1288333562452,2011.5012644078454,0.0382184233683183,0.023827730553181235,-0.014390692815137066,3.2791929304655796e-05,0.00011171764927008911,7.892571996543331e-05,0.09413043526055706,0.054601958036853984
30,1380,1410,1395.0,M_local_fullfit,29,ok,ok,483,454,30,29,2009.1288333562452,2011.5012644078454,0.03724974664844507,0.022830525958756176,-0.014419220689688893,2.0933226847025743e-05,9.986155973765404e-05,7.89283328906283e-05,0.09413017101829332,0.05459851923951148
30,1410,1440,1425.0,M0,28,ok,ok,478,450,30,29,2006.649080261823,2006.8701993479049,0.033030380832106444,0.01764394996467167,-0.015386430867434773,-4.478398409830006e-05,2.496669985277537e-05,6.975068395107542e-05,0.09418676863731303,0.04940009811365878
30,1410,1440,1425.0,M_local_fullfit,28,ok,ok,478,450,30,29,2006.649080261823,2006.8701993479049,0.031986319670961987,0.016598351990514997,-0.01538796768044699,-5.372337522335479e-05,1.6025692942781087e-05,6.974906816613588e-05,0.09418160022490023,0.049394014124745145
30,1440,1470,1455.0,M0,13,ok,ok,463,450,30,29,2004.1282539615813,2006.151188315651,0.05113687269735578,0.035655316054218594,-0.015481556643137183,-1.8987369266320562e-06,5.571678425429789e-05,5.7615521180929946e-05,0.09821056362306099,0.055730400707357776
30,1440,1470,1455.0,M_local_fullfit,13,ok,ok,463,450,30,29,2004.1282539615813,2006.151188315651,0.05001700696657414,0.03452451342549622,-0.015492493541077922,-7.607355093365726e-06,5.0006135933176826e-05,5.761349102654255e-05,0.09820705364231277,0.05572909061133984
30,1470,1500,1485.0,M0,16,ok,ok,421,405,30,29,2001.8245815959608,2005.9951488343606,0.044126118536122534,0.028378023544034296,-0.01574809499208824,9.511700028893442e-05,0.00013976101511646658,4.464401482753216e-05,0.0992137792199744,0.051057173412967775
30,1470,1500,1485.0,M_local_fullfit,16,ok,ok,421,405,30,29,2001.8245815959608,2005.9951488343606,0.04294454805403609,0.027188328228724183,-0.015756219825311904,9.283476203855574e-05,0.00013747517152631927,4.464040948776353e-05,0.09920525399976103,0.051052719969081846
30,1500,1530,1515.0,M0,12,ok,ok,447,435,30,29,2003.8276885833664,2005.7348203445736,0.03358583592271399,0.016788457594062393,-0.016797378328651597,9.922266751153759e-05,0.00013243485510790773,3.321218759637014e-05,0.10173482493987993,0.047375816421195
30,1500,1530,1515.0,M_local_fullfit,12,ok,ok,447,435,30,29,2003.8276885833664,2005.7348203445736,0.03236148255235538,0.015568126077311008,-0.016793356475044374,0.00010054590837171966,0.00013375523216906907,3.320932379734941e-05,0.10172501813065268,0.047369771299759236
30,1530,1560,1545.0,M0,10,ok,ok,485,475,30,29,2005.8552632163396,2005.7216050164434,0.012800969442289699,-0.004305112825493992,-0.01710608226778369,8.939853395083588e-05,0.00010777929363866191,1.838075968782603e-05,0.10415683140649268,0.05047212548132612
30,1530,1560,1545.0,M_local_fullfit,10,ok,ok,485,475,30,29,2005.8552632163396,2005.7216050164434,0.011584888318211145,-0.005519907707530717,-0.017104796025741862,9.44260481659186e-05,0.00011280468138532616,1.8378633219407565e-05,0.10414163957950848,0.05045933354061032
30,1560,1590,1575.0,M0,8,ok,ok,481,473,30,29,2007.583075945001,2005.5542726682465,0.001447158409236684,-0.01627577901106959,-0.017722937420306274,0.00020905563855194064,0.00021349139996186967,4.435761409929038e-06,0.11431402506453087,0.06744176758284372
30,1560,1590,1575.0,M_local_fullfit,8,ok,ok,481,473,30,29,2007.583075945001,2005.5542726682465,0.00027988329797205104,-0.017458529566658994,-0.017738412864631046,0.0002178848158021139,0.00022231970192807516,4.434886125961255e-06,0.11429874765050121,0.06743348797354722
30,1590,1620,1605.0,M0,8,ok,ok,473,465,30,29,2010.0435699410932,2005.4168187796656,-0.0031194861808858682,-0.02123763815864649,-0.01811815197776062,6.44998838690328e-05,5.1866036857570254e-05,-1.263384701146254e-05,0.11267270167082405,0.059250901510685766
30,1590,1620,1605.0,M_local_fullfit,8,ok,ok,473,465,30,29,2010.0435699410932,2005.4168187796656,-0.004173714974401834,-0.022348477541525632,-0.018174762567123796,7.740557293355343e-05,6.477369916368987e-05,-1.263187376986356e-05,0.11265077853033911,0.05923580283527588
30,1620,1650,1635.0,M0,26,ok,ok,487,461,30,29,2012.7196789794066,2005.2792121237026,-0.020547472635163586,-0.03854905675524746,-0.018001584120083874,-6.468453977450497e-06,-3.803677025598668e-05,-3.156831627853618e-05,0.11554149077605479,0.06179237693186688
30,1620,1650,1635.0,M_local_fullfit,26,ok,ok,487,461,30,29,2012.7196789794066,2005.2792121237026,-0.021448802711109497,-0.03957405153839758,-0.018125248827288085,1.0478083993318404e-05,-2.108631874594185e-05,-3.1564402739260254e-05,0.11551518392552976,0.06176328484649993
30,1650,1680,1665.0,M0,29,ok,ok,488,459,30,29,2014.798323437103,2005.1774489756724,-0.03188884163275444,-0.04898442590658857,-0.017095584273834133,-0.00016845493772582433,-0.00021744105990923368,-4.8986122183409354e-05,0.11618625032333439,0.05590671133296943
30,1650,1680,1665.0,M_local_fullfit,29,ok,ok,488,459,30,29,2014.798323437103,2005.1774489756724,-0.032569116157945305,-0.04986738967742812,-0.017298273519482814,-0.0001470077535332666,-0.0001959848522094489,-4.897709867618231e-05,0.11616487739745499,0.05589820609811088
30,1680,1710,1695.0,M0,30,ok,ok,500,470,30,29,2014.1732370228037,2004.959040111497,-0.04027008879747797,-0.05847633003789642,-0.018206241240418454,-0.00011400985452073083,-0.00018254640121373027,-6.853654669299945e-05,0.11954085822383083,0.05641845913325706
30,1680,1710,1695.0,M_local_fullfit,30,ok,ok,500,470,30,29,2014.1732370228037,2004.959040111497,-0.04077060670701302,-0.059210874353740096,-0.018440267646727078,-8.826745756450445e-05,-0.00015679346787935311,-6.852601031484867e-05,0.11951134529522565,0.05638749810853184
30,1710,1740,1725.0,M0,29,ok,ok,474,445,30,29,2013.6529415457865,2006.0435422206067,-0.03143552318081971,-0.05171722380030456,-0.020281700619484845,0.00015236711173963023,6.668894324459035e-05,-8.567816849503988e-05,0.13310875373830894,0.0830598382652794
30,1710,1740,1725.0,M_local_fullfit,29,ok,ok,474,445,30,29,2013.6529415457865,2006.0435422206067,-0.031706870192736034,-0.05221490022988835,-0.02050803003715232,0.0001825567342548174,9.689295240290622e-05,-8.566378185191119e-05,0.1330733036749192,0.08302517811828564
30,1740,1770,1755.0,M0,30,ok,ok,439,409,27,26,2019.0896490637226,2013.3991810735374,-0.014247998330853495,-0.038028395968200165,-0.02378039763734667,4.1252473539112345e-05,-8.484409611094675e-05,-0.00012609656965005908,0.12875803722709228,0.055384698246978725
30,1740,1770,1755.0,M_local_fullfit,30,ok,ok,439,409,27,26,2019.0896490637226,2013.3991810735374,-0.01404767066261636,-0.03802221415928735,-0.023974543496670993,7.607212580110029e-05,-5.0004236087745495e-05,-0.0001260763618888458,0.1287309438508074,0.05536179043635751
30,1770,1800,1785.0,M0,25,ok,ok,386,361,28,27,2013.185148497951,2009.4668688562656,0.0023229863283580213,-0.019930375008868444,-0.022253361337226465,6.087415520860357e-05,-8.203238306840672e-05,-0.0001429065382770103,0.12771751243451437,0.06000706437293489
30,1770,1800,1785.0,M_local_fullfit,25,ok,ok,386,361,28,27,2013.185148497951,2009.4668688562656,0.0026251184745547285,-0.019771161879393637,-0.022396280353948365,0.00010051317974981351,-4.236522901152718e-05,-0.00014287840876134068,0.12768126928463916,0.05997149739728227
30,1800,1830,1815.0,M0,0,ok,ok,347,347,26,26,2007.8547528055337,2007.8547528055337,-0.01653500216735223,-0.01653500216735223,0.0,-0.00010402240047747069,-0.00010402240047747069,0.0,0.06586903990737071,0.06586903990737071
30,1800,1830,1815.0,M_local_fullfit,0,ok,ok,347,347,26,26,2007.8547528055337,2007.8547528055337,-0.016104923033708342,-0.016104923033708342,0.0,-5.936985622569249e-05,-5.936985622569249e-05,0.0,0.06581484499528291,0.06581484499528291
30,1830,1860,1845.0,M0,0,ok,ok,348,348,25,25,2004.0175346293083,2004.0175346293083,-0.014686676180406682,-0.014686676180406682,0.0,-9.58900281644346e-05,-9.58900281644346e-05,0.0,0.06094453736391793,0.06094453736391793
30,1830,1860,1845.0,M_local_fullfit,0,ok,ok,348,348,25,25,2004.0175346293083,2004.0175346293083,-0.014060943984123652,-0.014060943984123652,0.0,-4.6081524667804965e-05,-4.6081524667804965e-05,0.0,0.06091480583222105,0.06091480583222105
30,1860,1890,1875.0,M0,0,ok,ok,321,321,23,23,2010.4383378878922,2010.4383378878922,-0.0016131123151747013,-0.0016131123151747013,0.0,-0.00021470901088105348,-0.00021470901088105348,0.0,0.05238378579674053,0.05238378579674053
30,1860,1890,1875.0,M_local_fullfit,0,ok,ok,321,321,23,23,2010.4383378878922,2010.4383378878922,-0.0002837620881425373,-0.0002837620881425373,0.0,-0.00015944829652923912,-0.00015944829652923912,0.0,0.05236012467529274,0.05236012467529274
30,1890,1920,1905.0,M0,0,ok,ok,301,301,22,22,2006.0582013990397,2006.0582013990397,-0.003923936093517652,-0.003923936093517652,0.0,-0.00017886007253291444,-0.00017886007253291444,0.0,0.05220973735179829,0.05220973735179829
30,1890,1920,1905.0,M_local_fullfit,0,ok,ok,301,301,22,22,2006.0582013990397,2006.0582013990397,-0.0023749282684108167,-0.0023749282684108167,0.0,-0.00011810098237499075,-0.00011810098237499075,0.0,0.052184222029789555,0.052184222029789555
30,1920,1950,1935.0,M0,0,ok,ok,277,277,21,21,2003.188248634026,2003.188248634026,-0.001373058900486465,-0.001373058900486465,0.0,-0.0002546087830045577,-0.0002546087830045577,0.0,0.05310113082709838,0.05310113082709838
30,1920,1950,1935.0,M_local_fullfit,0,ok,ok,277,277,21,21,2003.188248634026,2003.188248634026,0.0005138360905657478,0.0005138360905657478,0.0,-0.00018796191597768628,-0.00018796191597768628,0.0,0.053095458720423566,0.053095458720423566
30,1950,1980,1965.0,M0,0,ok,ok,316,316,21,21,2004.211611027412,2004.211611027412,-0.001636205542301003,-0.001636205542301003,0.0,-0.00022779388330849027,-0.00022779388330849027,0.0,0.05390874793430141,0.05390874793430141
30,1950,1980,1965.0,M_local_fullfit,0,ok,ok,316,316,21,21,2004.211611027412,2004.211611027412,0.0008506228342882258,0.0008506228342882258,0.0,-0.00015533843410574162,-0.00015533843410574162,0.0,0.05383239967947365,0.05383239967947365
30,1980,2010,1995.0,M0,0,ok,ok,338,338,21,21,2003.2303108722335,2003.2303108722335,0.0033040445019171458,0.0033040445019171458,0.0,-9.432745171334222e-05,-9.432745171334222e-05,0.0,0.057477822128004084,0.057477822128004084
30,1980,2010,1995.0,M_local_fullfit,0,ok,ok,338,338,21,21,2003.2303108722335,2003.2303108722335,0.006267641703815004,0.006267641703815004,0.0,-1.6139488742360177e-05,-1.6139488742360177e-05,0.0,0.0574121688648631,0.0574121688648631
30,2010,2040,2025.0,M0,0,ok,ok,326,326,21,21,2003.0772186937807,2003.0772186937807,0.0024883846737235676,0.0024883846737235676,0.0,-9.78738637465613e-05,-9.78738637465613e-05,0.0,0.052324308687206514,0.052324308687206514
30,2010,2040,2025.0,M_local_fullfit,0,ok,ok,326,326,21,21,2003.0772186937807,2003.0772186937807,0.00607050824196072,0.00607050824196072,0.0,-1.3799958477227424e-05,-1.3799958477227424e-05,0.0,0.052235953701457914,0.052235953701457914
30,2040,2070,2055.0,M0,0,ok,ok,316,316,21,21,2006.9104646474243,2006.9104646474243,-0.006737771303709624,-0.006737771303709624,0.0,-0.00018924942805269537,-0.00018924942805269537,0.0,0.04637703275313464,0.04637703275313464
30,2040,2070,2055.0,M_local_fullfit,0,ok,ok,316,316,21,21,2006.9104646474243,2006.9104646474243,-0.0021301503419780166,-0.0021301503419780166,0.0,-9.902174335495542e-05,-9.902174335495542e-05,0.0,0.04626613709460775,0.04626613709460775
30,2070,2100,2085.0,M0,0,ok,ok,308,308,21,21,2009.2855151272227,2009.2855151272227,-0.02209954985749582,-0.02209954985749582,0.0,-0.00034912731184637134,-0.00034912731184637134,0.0,0.05888668398056308,0.05888668398056308
30,2070,2100,2085.0,M_local_fullfit,0,ok,ok,308,308,21,21,2009.2855151272227,2009.2855151272227,-0.01654093248965597,-0.01654093248965597,0.0,-0.0002525670674402663,-0.0002525670674402663,0.0,0.058728271314052935,0.058728271314052935
30,2100,2130,2115.0,M0,0,ok,ok,278,278,21,21,2013.9307308656528,2013.9307308656528,-0.013131555392707354,-0.013131555392707354,0.0,-0.00018589747880311266,-0.00018589747880311266,0.0,0.05743227457174569,0.05743227457174569
30,2100,2130,2115.0,M_local_fullfit,0,ok,ok,278,278,21,21,2013.9307308656528,2013.9307308656528,-0.00629299356526378,-0.00629299356526378,0.0,-8.351855642350751e-05,-8.351855642350751e-05,0.0,0.05737429558005729,0.05737429558005729
30,2130,2160,2145.0,M0,0,ok,ok,288,288,21,21,2016.0458951738703,2016.0458951738703,-0.02415755717923569,-0.02415755717923569,0.0,-0.00022747140331292982,-0.00022747140331292982,0.0,0.07418296108313462,0.07418296108313462
30,2130,2160,2145.0,M_local_fullfit,0,ok,ok,288,288,21,21,2016.0458951738703,2016.0458951738703,-0.016188741143514426,-0.016188741143514426,0.0,-0.00011873857463773938,-0.00011873857463773938,0.0,0.07415708540505188,0.07415708540505188
30,2160,2190,2175.0,M0,0,ok,ok,245,245,21,21,2019.0758540102809,2019.0758540102809,-0.017175893107448346,-0.017175893107448346,0.0,-0.0002636055031771996,-0.0002636055031771996,0.0,0.052250850098628274,0.052250850098628274
30,2160,2190,2175.0,M_local_fullfit,0,ok,ok,245,245,21,21,2019.0758540102809,2019.0758540102809,-0.007912925894828608,-0.007912925894828608,0.0,-0.00014799862419834765,-0.00014799862419834765,0.0,0.05224947309661051,0.05224947309661051
30,2190,2220,2205.0,M0,0,ok,ok,219,219,20,20,2026.2303953864803,2026.2303953864803,-0.022654644374499096,-0.022654644374499096,0.0,-0.0001631876845156662,-0.0001631876845156662,0.0,0.0662613833524798,0.0662613833524798
30,2190,2220,2205.0,M_local_fullfit,0,ok,ok,219,219,20,20,2026.2303953864803,2026.2303953864803,-0.011462124962743403,-0.011462124962743403,0.0,-4.106883194543484e-05,-4.106883194543484e-05,0.0,0.06615796126892694,0.06615796126892694
30,2220,2250,2235.0,M0,0,ok,ok,232,232,20,20,2027.5897805457596,2027.5897805457596,-0.02433198980209199,-0.02433198980209199,0.0,-0.0003344565189364866,-0.0003344565189364866,0.0,0.06318737919678444,0.06318737919678444
30,2220,2250,2235.0,M_local_fullfit,0,ok,ok,232,232,20,20,2027.5897805457596,2027.5897805457596,-0.011772433569772384,-0.011772433569772384,0.0,-0.00020530454336189008,-0.00020530454336189008,0.0,0.06319903759443597,0.06319903759443597
30,2250,2280,2265.0,M0,0,ok,ok,219,219,20,20,2028.8629738263094,2028.8629738263094,-0.018611153114990536,-0.018611153114990536,0.0,-0.00028412237595758385,-0.00028412237595758385,0.0,0.06528413333884331,0.06528413333884331
30,2250,2280,2265.0,M_local_fullfit,0,ok,ok,219,219,20,20,2028.8629738263094,2028.8629738263094,-0.00463362520051434,-0.00463362520051434,0.0,-0.00014815562572774186,-0.00014815562572774186,0.0,0.06515667775019542,0.06515667775019542
30,2280,2310,2295.0,M0,0,ok,ok,259,259,20,20,2030.2415835122874,2030.2415835122874,-0.020540170271686285,-0.020540170271686285,0.0,-0.0003128096713213873,-0.0003128096713213873,0.0,0.05653557117997547,0.05653557117997547
30,2280,2310,2295.0,M_local_fullfit,0,ok,ok,259,259,20,20,2030.2415835122874,2030.2415835122874,-0.0051145994104277665,-0.0051145994104277665,0.0,-0.00016996671016882673,-0.00016996671016882673,0.0,0.05650519286681192,0.05650519286681192
30,2310,2340,2325.0,M0,0,ok,ok,241,241,20,20,2015.1536999147597,2015.1536999147597,-0.011320457478796552,-0.011320457478796552,0.0,-5.2582271235888397e-05,-5.2582271235888397e-05,0.0,0.050405587108840695,0.050405587108840695
30,2310,2340,2325.0,M_local_fullfit,0,ok,ok,241,241,20,20,2015.1536999147597,2015.1536999147597,0.0031091575842599754,0.0031091575842599754,0.0,9.671947464899511e-05,9.671947464899511e-05,0.0,0.05027212906553769,0.05027212906553769
30,2340,2370,2355.0,M0,0,ok,ok,219,219,19,19,2002.093804815278,2002.093804815278,-0.0018288393705962417,-0.0018288393705962417,0.0,7.871341650689342e-06,7.871341650689342e-06,0.0,0.04971676880453338,0.04971676880453338
30,2340,2370,2355.0,M_local_fullfit,0,ok,ok,219,219,19,19,2002.093804815278,2002.093804815278,0.01189995243611269,0.01189995243611269,0.0,0.00016444983030716097,0.00016444983030716097,0.0,0.0494649054631495,0.0494649054631495
30,2370,2400,2385.0,M0,0,ok,ok,235,235,17,17,1988.0283396213154,1988.0283396213154,0.00983789923008849,0.00983789923008849,0.0,8.97126955672234e-05,8.97126955672234e-05,0.0,0.05151694492422683,0.05151694492422683
30,2370,2400,2385.0,M_local_fullfit,0,ok,ok,235,235,17,17,1988.0283396213154,1988.0283396213154,0.02261226236705664,0.02261226236705664,0.0,0.0002533903375750467,0.0002533903375750467,0.0,0.051323244790583575,0.051323244790583575
30,2400,2430,2415.0,M0,0,ok,ok,257,257,15,15,1985.3640540610222,1985.3640540610222,-0.0026137028012307986,-0.0026137028012307986,0.0,-1.6932714919136415e-07,-1.6932714919136415e-07,0.0,0.04702716065386092,0.04702716065386092
30,2400,2430,2415.0,M_local_fullfit,0,ok,ok,257,257,15,15,1985.3640540610222,1985.3640540610222,0.011002436874709514,0.011002436874709514,0.0,0.00017133040123932245,0.00017133040123932245,0.0,0.04677061893250485,0.04677061893250485
30,2430,2460,2445.0,M0,0,ok,ok,275,275,16,16,1989.4842414076847,1989.4842414076847,0.009312162280957726,0.009312162280957726,0.0,2.545641331847137e-05,2.545641331847137e-05,0.0,0.061408868372516814,0.061408868372516814
30,2430,2460,2445.0,M_local_fullfit,0,ok,ok,275,275,16,16,1989.4842414076847,1989.4842414076847,0.02494703808182767,0.02494703808182767,0.0,0.0002041433237283489,0.0002041433237283489,0.0,0.061149287924136014,0.061149287924136014
30,2460,2490,2475.0,M0,0,ok,ok,250,250,16,16,1990.897826592408,1990.897826592408,0.00840295506887733,0.00840295506887733,0.0,-7.88540435522553e-06,-7.88540435522553e-06,0.0,0.06125423180572644,0.06125423180572644
30,2460,2490,2475.0,M_local_fullfit,0,ok,ok,250,250,16,16,1990.897826592408,1990.897826592408,0.025774976027467242,0.025774976027467242,0.0,0.0001791814134844125,0.0001791814134844125,0.0,0.06111218346279583,0.06111218346279583
30,2490,2520,2505.0,M0,0,ok,ok,239,239,15,15,1999.9487162269468,1999.9487162269468,0.003799413768523679,0.003799413768523679,0.0,2.188769990004374e-05,2.188769990004374e-05,0.0,0.05947812238183078,0.05947812238183078
30,2490,2520,2505.0,M_local_fullfit,0,ok,ok,239,239,15,15,1999.9487162269468,1999.9487162269468,0.024458396236765465,0.024458396236765465,0.0,0.00021637399439531965,0.00021637399439531965,0.0,0.05925608054519621,0.05925608054519621
30,2520,2550,2535.0,M0,0,ok,ok,184,184,13,13,2001.6923639352583,2001.6923639352583,-0.00933409738053249,-0.00933409738053249,0.0,-0.0001943294913714489,-0.0001943294913714489,0.0,0.051792674656056914,0.051792674656056914
30,2520,2550,2535.0,M_local_fullfit,0,ok,ok,184,184,13,13,2001.6923639352583,2001.6923639352583,0.013198848485223943,0.013198848485223943,0.0,9.532323780530549e-06,9.532323780530549e-06,0.0,0.05165905333804336,0.05165905333804336
30,2550,2580,2565.0,M0,0,ok,ok,162,162,12,12,2003.9713625430425,2003.9713625430425,-0.004604644607815265,-0.004604644607815265,0.0,-0.0003825910315107572,-0.0003825910315107572,0.0,0.0434907096955325,0.0434907096955325
30,2550,2580,2565.0,M_local_fullfit,0,ok,ok,162,162,12,12,2003.9713625430425,2003.9713625430425,0.02015122028160065,0.02015122028160065,0.0,-0.00016982051353622396,-0.00016982051353622396,0.0,0.04323491655867664,0.04323491655867664
30,2580,2610,2595.0,M0,0,ok,ok,133,133,11,11,2001.709460794581,2001.709460794581,-0.010418452454551887,-0.010418452454551887,0.0,-0.000490124914824993,-0.000490124914824993,0.0,0.04240441310030596,0.04240441310030596
30,2580,2610,2595.0,M_local_fullfit,0,ok,ok,133,133,11,11,2001.709460794581,2001.709460794581,0.015541208887443989,0.015541208887443989,0.0,-0.00026926419673278036,-0.00026926419673278036,0.0,0.042030202058323834,0.042030202058323834
30,2610,2640,2625.0,M0,0,ok,ok,88,88,11,11,2012.947617821556,2012.947617821556,-0.04379916207642446,-0.04379916207642446,0.0,-0.00045694347031691987,-0.00045694347031691987,0.0,0.04409331790811736,0.04409331790811736
30,2610,2640,2625.0,M_local_fullfit,0,ok,ok,88,88,11,11,2012.947617821556,2012.947617821556,-0.01326042998089843,-0.01326042998089843,0.0,-0.00022756369970206662,-0.00022756369970206662,0.0,0.043998106393756536,0.043998106393756536
30,2640,2670,2655.0,M0,0,ok,ok,87,87,9,9,2016.2741037791595,2016.2741037791595,-0.03870887860617851,-0.03870887860617851,0.0,-0.0006863022383971102,-0.0006863022383971102,0.0,0.038715883402157536,0.038715883402157536
30,2640,2670,2655.0,M_local_fullfit,0,ok,ok,87,87,9,9,2016.2741037791595,2016.2741037791595,-0.005519943119654602,-0.005519943119654602,0.0,-0.0004471689738940719,-0.0004471689738940719,0.0,0.03852407555905953,0.03852407555905953
30,2670,2700,2685.0,M0,0,ok,ok,80,80,8,8,2001.6153580014425,2001.6153580014425,-0.05444158486972428,-0.05444158486972428,0.0,-0.000871063066791539,-0.000871063066791539,0.0,0.045501997644956715,0.045501997644956715
30,2670,2700,2685.0,M_local_fullfit,0,ok,ok,80,80,8,8,2001.6153580014425,2001.6153580014425,-0.02269734631979579,-0.02269734631979579,0.0,-0.0006211735427511945,-0.0006211735427511945,0.0,0.04583499366588057,0.04583499366588057
30,2700,2730,2715.0,M0,0,ok,ok,60,60,7,7,2021.8564420496275,2021.8564420496275,-0.10266719419296129,-0.10266719419296129,0.0,-0.0005935055904664074,-0.0005935055904664074,0.0,0.031988707509870117,0.031988707509870117
30,2700,2730,2715.0,M_local_fullfit,0,ok,ok,60,60,7,7,2021.8564420496275,2021.8564420496275,-0.06364289925298029,-0.06364289925298029,0.0,-0.000337227891859673,-0.000337227891859673,0.0,0.03197276597797989,0.03197276597797989
30,2730,2760,2745.0,M0,0,ok,ok,26,26,5,5,1984.440675831441,1984.440675831441,-0.1051594644392101,-0.1051594644392101,0.0,-0.0006127323999949385,-0.0006127323999949385,0.0,0.033803400866086845,0.033803400866086845
30,2730,2760,2745.0,M_local_fullfit,0,ok,ok,26,26,5,5,1984.440675831441,1984.440675831441,-0.07383345020921527,-0.07383345020921527,0.0,-0.0003420414051517763,-0.0003420414051517763,0.0,0.033609287438718015,0.033609287438718015
30,2760,2790,2775.0,M0,0,ok,ok,20,20,2,2,2048.841615655598,2048.841615655598,-0.13345570432344572,-0.13345570432344572,0.0,-0.0010084844550674273,-0.0010084844550674273,0.0,0.015587467467041852,0.015587467467041852
30,2760,2790,2775.0,M_local_fullfit,0,ok,ok,20,20,2,2,2048.841615655598,2048.841615655598,-0.0823801529411177,-0.0823801529411177,0.0,-0.0007240959492669292,-0.0007240959492669292,0.0,0.015218555240250044,0.015218555240250044
30,2790,2820,2805.0,M0,0,insufficient_frames,insufficient_frames,18,18,1,1,2031.1785409396266,2031.1785409396266,nan,nan,nan,nan,nan,nan,nan,nan
30,2790,2820,2805.0,M_local_fullfit,0,insufficient_frames,insufficient_frames,18,18,1,1,2031.1785409396266,2031.1785409396266,nan,nan,nan,nan,nan,nan,nan,nan
30,2820,2850,2835.0,M0,0,insufficient_frames,insufficient_frames,17,17,1,1,2034.203520568591,2034.203520568591,nan,nan,nan,nan,nan,nan,nan,nan
30,2820,2850,2835.0,M_local_fullfit,0,insufficient_frames,insufficient_frames,17,17,1,1,2034.203520568591,2034.203520568591,nan,nan,nan,nan,nan,nan,nan,nan
30,2850,2880,2865.0,M0,0,insufficient_frames,insufficient_frames,15,15,1,1,2037.1272960291676,2037.1272960291676,nan,nan,nan,nan,nan,nan,nan,nan
30,2850,2880,2865.0,M_local_fullfit,0,insufficient_frames,insufficient_frames,15,15,1,1,2037.1272960291676,2037.1272960291676,nan,nan,nan,nan,nan,nan,nan,nan
30,2880,2910,2895.0,M0,0,no_data,no_data,0,0,0,0,nan,nan,nan,nan,nan,nan,nan,nan,nan,nan
30,2880,2910,2895.0,M_local_fullfit,0,no_data,no_data,0,0,0,0,nan,nan,nan,nan,nan,nan,nan,nan,nan,nan
30,2910,2940,2925.0,M0,0,no_data,no_data,0,0,0,0,nan,nan,nan,nan,nan,nan,nan,nan,nan,nan
30,2910,2940,2925.0,M_local_fullfit,0,no_data,no_data,0,0,0,0,nan,nan,nan,nan,nan,nan,nan,nan,nan,nan
30,2940,2970,2955.0,M0,0,no_data,no_data,0,0,0,0,nan,nan,nan,nan,nan,nan,nan,nan,nan,nan
30,2940,2970,2955.0,M_local_fullfit,0,no_data,no_data,0,0,0,0,nan,nan,nan,nan,nan,nan,nan,nan,nan,nan
30,2970,3000,2985.0,M0,0,no_data,no_data,0,0,0,0,nan,nan,nan,nan,nan,nan,nan,nan,nan,nan
30,2970,3000,2985.0,M_local_fullfit,0,no_data,no_data,0,0,0,0,nan,nan,nan,nan,nan,nan,nan,nan,nan,nan
60,0,60,30.0,M0,0,no_data,no_data,0,0,0,0,nan,nan,nan,nan,nan,nan,nan,nan,nan,nan
60,0,60,30.0,M_local_fullfit,0,no_data,no_data,0,0,0,0,nan,nan,nan,nan,nan,nan,nan,nan,nan,nan
60,60,120,90.0,M0,0,no_data,no_data,0,0,0,0,nan,nan,nan,nan,nan,nan,nan,nan,nan,nan
60,60,120,90.0,M_local_fullfit,0,no_data,no_data,0,0,0,0,nan,nan,nan,nan,nan,nan,nan,nan,nan,nan
60,120,180,150.0,M0,0,no_data,no_data,0,0,0,0,nan,nan,nan,nan,nan,nan,nan,nan,nan,nan
60,120,180,150.0,M_local_fullfit,0,no_data,no_data,0,0,0,0,nan,nan,nan,nan,nan,nan,nan,nan,nan,nan
60,180,240,210.0,M0,0,insufficient_frames,insufficient_frames,1,1,1,1,2071.423531377006,2071.423531377006,nan,nan,nan,nan,nan,nan,nan,nan
60,180,240,210.0,M_local_fullfit,0,insufficient_frames,insufficient_frames,1,1,1,1,2071.423531377006,2071.423531377006,nan,nan,nan,nan,nan,nan,nan,nan
60,240,300,270.0,M0,0,ok,ok,80,80,7,7,2066.152074826886,2066.152074826886,0.12826489254116272,0.12826489254116272,0.0,-0.0006340032980440455,-0.0006340032980440455,0.0,0.1196605121135428,0.1196605121135428
60,240,300,270.0,M_local_fullfit,0,ok,ok,80,80,7,7,2066.152074826886,2066.152074826886,0.14928620862436145,0.14928620862436145,0.0,-0.0006584308034455119,-0.0006584308034455119,0.0,0.11976623351096037,0.11976623351096037
60,300,360,330.0,M0,0,ok,ok,208,208,8,8,2065.513354771004,2065.513354771004,0.11813368703701167,0.11813368703701167,0.0,-0.00026244293106516804,-0.00026244293106516804,0.0,0.0785758312791982,0.0785758312791982
60,300,360,330.0,M_local_fullfit,0,ok,ok,208,208,8,8,2065.513354771004,2065.513354771004,0.13722347335422133,0.13722347335422133,0.0,-0.0002899205372136056,-0.0002899205372136056,0.0,0.07880041469765686,0.07880041469765686
60,360,420,390.0,M0,19,ok,ok,311,301,14,13,2049.0757604982537,2054.211936439055,0.07861168481378493,0.08020975909258636,0.0015980742788014313,0.00010704111329839295,-2.8616885224201513e-05,-0.00013565799852259446,0.06536986838987559,0.06175806484615613
60,360,420,390.0,M_local_fullfit,19,ok,ok,310,301,14,13,2049.0757604982537,2054.211936439055,0.0956955196355137,0.09716602314316829,0.001470503507654583,7.978877538000153e-05,-5.716393581692122e-05,-0.00013695271119692275,0.06570170426447278,0.06189383425972156
60,420,480,450.0,M0,43,ok,ok,421,378,15,14,2043.3019306868468,2046.5730368854672,0.034268181313378596,0.037378961653335756,0.00311078033995716,0.00022773162307538329,2.2171994221874172e-05,-0.0002055596288535091,0.08149827233975471,0.061633965994094556
60,420,480,450.0,M_local_fullfit,43,ok,ok,421,378,15,14,2043.3019306868468,2046.5730368854672,0.04948001568308867,0.052495612900409036,0.003015597217320365,0.00019617858565347865,-1.0043046333891204e-05,-0.00020622163198736986,0.08159842436243306,0.061735293860945756
60,480,540,510.0,M0,59,ok,ok,536,477,18,17,2017.1027695697176,2042.309645311694,0.016069029102675277,0.016246818943723405,0.0001777898410481281,1.2560097649669023e-05,2.198728831356862e-05,9.427190663899599e-06,0.05600843024346299,0.05682410681153298
60,480,540,510.0,M_local_fullfit,59,ok,ok,536,477,18,17,2017.1027695697176,2042.309645311694,0.03014571853476763,0.029461231314009084,-0.0006844872207585478,-2.1769531006028117e-05,-1.2502496372683128e-05,9.267034633344989e-06,0.056138719337918364,0.056955351345210736
60,540,600,570.0,M0,60,ok,ok,668,608,22,21,2038.1117366246885,2041.4095341770326,-0.02285011716976803,-0.023564824089083995,-0.0007147069193159661,-0.00019898680886346818,-0.00019665921229113908,2.3275965723291005e-06,0.05192549452739598,0.052299355024835584
60,540,600,570.0,M_local_fullfit,60,ok,ok,668,608,22,21,2038.1117366246885,2041.4095341770326,-0.01141116139874921,-0.012243911593188122,-0.0008327501944389113,-0.0002371065102188042,-0.00023506795704871894,2.038553170085255e-06,0.052076399858002394,0.05245779004874167
60,600,660,630.0,M0,11,ok,ok,724,713,24,23,2041.853875168053,2043.113531836466,-0.055871623630650125,-0.05625941284670581,-0.0003877892160556867,-0.00021842158509849683,-0.00021481290196860228,3.608683129894554e-06,0.056360852376083834,0.05663081979962934
60,600,660,630.0,M_local_fullfit,11,ok,ok,724,713,24,23,2041.853875168053,2043.113531836466,-0.04627837915698717,-0.04672240454168462,-0.0004440253846974551,-0.00025833892678819815,-0.0002545287357760486,3.810191012149544e-06,0.05650033355764807,0.05677816979197204
60,660,720,690.0,M0,6,ok,ok,735,729,25,24,2039.5960096889705,2039.6646647313728,-0.08283964882211527,-0.08410576360862633,-0.0012661147865110634,-4.4697961349195083e-05,-6.8760181904879494e-06,3.7821943158707136e-05,0.06131435417379939,0.06141526187594808
60,660,720,690.0,M_local_fullfit,6,ok,ok,735,729,25,24,2039.5960096889705,2039.6646647313728,-0.07471737352348491,-0.07597490857058066,-0.001257535047095748,-8.552203710223982e-05,-4.80400954016642e-05,3.7481941700575614e-05,0.06134880617993881,0.061471591117847224
60,720,780,750.0,M0,2,ok,ok,615,613,26,25,2025.4429672155895,2035.5458646911761,-0.10635545737225763,-0.11097051390360868,-0.004615056531351053,6.814643872899373e-05,0.00019188750840481642,0.0001237410696758227,0.08088076229990229,0.06920950940828895
60,720,780,750.0,M_local_fullfit,2,ok,ok,615,613,26,25,2025.4429672155895,2035.5458646911761,-0.09915380331857064,-0.10417297795108639,-0.005019174632515749,2.7759495502049933e-05,0.00015141807749718207,0.00012365858199513214,0.08092998275547722,0.06930326400836206
60,780,840,810.0,M0,20,ok,ok,673,653,26,25,2020.4857412237006,2031.8360152847135,-0.09526606683417647,-0.09968083904784675,-0.004414772213670273,-9.307870370742967e-05,-2.4965364475402227e-05,6.811333923202744e-05,0.06698000183026306,0.06340989703886961
60,780,840,810.0,M_local_fullfit,20,ok,ok,673,653,26,25,2020.4857412237006,2031.8360152847135,-0.08920170439498552,-0.09407451916569512,-0.0048728147707095965,-0.0001342892282525445,-6.636891136397146e-05,6.792031688857304e-05,0.06689787781103099,0.06334630601248761
60,840,900,870.0,M0,60,ok,ok,764,704,27,26,2026.83051330622,2031.8190977106253,-0.08476257583293956,-0.08972135000869091,-0.004958774175751357,-0.00016014682848343152,-7.93745288016277e-05,8.077229968180382e-05,0.06850250967328031,0.06273938421366008
60,840,900,870.0,M_local_fullfit,60,ok,ok,764,704,27,26,2026.83051330622,2031.8190977106253,-0.08018231868061855,-0.08534623245404586,-0.005163913773427314,-0.00020114812427289068,-0.00012035774188851237,8.07903823843783e-05,0.068463882558789,0.06269775227666013
60,900,960,930.0,M0,59,ok,ok,837,778,27,26,2023.6575693142192,2029.6547061799815,-0.05931880614970864,-0.06480146532855074,-0.005482659178842102,-2.5476298479056956e-05,6.80309401342737e-05,9.350723861333066e-05,0.06570648124427982,0.05596603601386963
60,900,960,930.0,M_local_fullfit,59,ok,ok,837,778,27,26,2023.6575693142192,2029.6547061799815,-0.05568229206246749,-0.06140583094832791,-0.00572353888586042,-6.574038953731028e-05,2.7762153205112638e-05,9.350254274242292e-05,0.06568639791041307,0.055946840426538115
60,960,1020,990.0,M0,59,ok,ok,813,754,27,26,2019.688221945164,2025.0407672194888,-0.03244306218446103,-0.03950097041584538,-0.007057908231384351,-2.038828476559484e-05,8.53668397063511e-05,0.00010575512447194595,0.07559640199752439,0.06316200544754737
60,960,1020,990.0,M_local_fullfit,59,ok,ok,813,754,27,26,2019.688221945164,2025.0407672194888,-0.02965317901324671,-0.036918297750700636,-0.007265118737453925,-5.904715326335685e-05,4.671744728619191e-05,0.00010576460054954876,0.07558453854964073,0.06315013864419065
60,1020,1080,1050.0,M0,25,ok,ok,771,746,27,26,2015.7793377108887,2019.5205951007677,-0.0011812478177811816,-0.010038893656526873,-0.008857645838745692,-2.9704154856646558e-05,8.747823121882209e-05,0.00011718238607546865,0.07497585541205831,0.05637710157862371
60,1020,1080,1050.0,M_local_fullfit,25,ok,ok,771,746,27,26,2015.7793377108887,2019.5205951007677,0.0008684842251639888,-0.008134415132635124,-0.009002899357799113,-6.621626282863653e-05,5.1085650668389776e-05,0.00011730191349702631,0.07497630445223151,0.056335892562778045
60,1080,1140,1110.0,M0,15,ok,ok,777,762,29,28,2011.8805931807167,2014.7266075798043,0.004448549295531194,-0.004796750586846911,-0.009245299882378105,-4.244240996861298e-05,6.587192162604742e-05,0.0001083143315946604,0.08545899699632754,0.070140721922416
60,1080,1140,1110.0,M_local_fullfit,15,ok,ok,777,762,29,28,2011.8805931807167,2014.7266075798043,0.005827843839160098,-0.003512052848544117,-0.009339896687704215,-7.610518095473117e-05,3.219826674568845e-05,0.00010830344770041962,0.08544389179510238,0.0701314082506296
60,1140,1200,1170.0,M0,16,ok,ok,790,774,30,29,2008.7874990916423,2008.9732879846524,0.04893673072720898,0.036723891662634164,-0.012212839064574814,0.00010623989090825762,0.0002316957002189976,0.00012545580931074,0.09332184371302282,0.07026767480316852
60,1140,1200,1170.0,M_local_fullfit,16,ok,ok,790,774,30,29,2008.7874990916423,2008.9732879846524,0.04968450575915821,0.03746340515986447,-0.012221100599293745,7.59466674601404e-05,0.0002014336515137654,0.000125486984053625,0.09328412165737655,0.07020982945434338
60,1200,1260,1230.0,M0,34,ok,ok,918,884,30,29,2008.5253022007705,2009.1351842796894,0.06635601402694763,0.0550044205154972,-0.01135159351145043,8.607476658517895e-05,0.00018805263712930856,0.00010197787054412961,0.0788180876241741,0.0531905919843944
60,1200,1260,1230.0,M_local_fullfit,34,ok,ok,918,884,30,29,2008.5253022007705,2009.1351842796894,0.06650105929439466,0.05513562948416253,-0.011365429810232135,6.012759135651176e-05,0.00016209000859943414,0.00010196241724292238,0.07881113121352644,0.05319291612825543
60,1260,1320,1290.0,M0,60,ok,ok,1013,953,30,29,2010.0732326370953,2012.6721619989492,0.06476896234406569,0.05275158489773944,-0.01201737744632625,0.00016340601904042497,0.0002644532644188421,0.00010104724537841715,0.08324689867822499,0.050967828601580056
60,1260,1320,1290.0,M_local_fullfit,60,ok,ok,1013,953,30,29,2010.0732326370953,2012.6721619989492,0.06439811281249037,0.052323717910943805,-0.012074394901546569,0.000141778092567736,0.00024283485039257763,0.00010105675782484162,0.08326371401456917,0.050991962601839906
60,1320,1380,1350.0,M0,59,ok,ok,960,901,30,29,2011.5929621108417,2016.262253024232,0.056058823369327944,0.04363721510769147,-0.012421608261636477,0.00016430053880540379,0.0002541964986978448,8.9895959892441e-05,0.0939082109163167,0.060721365028683756
60,1320,1380,1350.0,M_local_fullfit,59,ok,ok,960,901,30,29,2011.5929621108417,2016.262253024232,0.055283692243014576,0.042785688251029616,-0.01249800399198496,0.0001479758837490609,0.00023787554533914287,8.989966159008198e-05,0.0939038122216587,0.060713301194173216
60,1380,1440,1410.0,M0,57,ok,ok,961,904,30,29,2007.830617723286,2009.1577384770253,0.03581776290482572,0.020883393286730688,-0.01493436961809503,-1.303647470663873e-05,6.151413436512495e-05,7.455060907176368e-05,0.0939360141178468,0.0518384412940267
60,1380,1440,1410.0,M_local_fullfit,57,ok,ok,961,904,30,29,2007.830617723286,2009.1577384770253,0.03481210951492556,0.0198637258858033,-0.01494838362912226,-2.3423943304041838e-05,5.1129548058653606e-05,7.455349136269545e-05,0.09393297008962728,0.05183149501224011
60,1440,1500,1470.0,M0,29,ok,ok,884,855,30,29,2003.7590780859744,2006.0238551022126,0.047240867878402454,0.031488864421787714,-0.01575200345661474,4.8237977249566195e-05,9.904902635386293e-05,5.081104910429674e-05,0.09920290173921877,0.05399609958345266
60,1440,1500,1470.0,M_local_fullfit,29,ok,ok,884,855,30,29,2003.7590780859744,2006.0238551022126,0.04608752438416639,0.030327382888804683,-0.01576014149536171,4.4191599585235686e-05,9.50005660626391e-05,5.080896647740341e-05,0.09920337651161354,0.05400607805234744
60,1500,1560,1530.0,M0,22,ok,ok,932,910,30,29,2004.3535761418784,2005.7221998279592,0.022745093699437762,0.005794217181625653,-0.01695087651781211,9.533275208997233e-05,0.00012193179246705,2.6599040377077665e-05,0.10352657092886462,0.049795778937136326
60,1500,1560,1530.0,M_local_fullfit,22,ok,ok,932,910,30,29,2004.3535761418784,2005.7221998279592,0.021518565253322238,0.004573493792529973,-0.016945071460792265,9.85104219577294e-05,0.0001251073420886036,2.6596920130874204e-05,0.10351226635449327,0.049779687254498065
60,1560,1620,1590.0,M0,16,ok,ok,954,938,30,29,2009.3427047621644,2005.4377463964654,-0.0008012554988698929,-0.018905523712463772,-0.01810426821359388,0.0001402191913357903,0.00013615904813233523,-4.060143203455074e-06,0.1137688387827204,0.06401284817984239
60,1560,1620,1590.0,M_local_fullfit,16,ok,ok,954,938,30,29,2009.3427047621644,2005.4377463964654,-0.0019032585060312877,-0.020046999116118104,-0.018143740610086816,0.00015104160684699464,0.00014698121059983222,-4.060396247162427e-06,0.11374142472789174,0.06398510484950004
60,1620,1680,1650.0,M0,55,ok,ok,975,920,30,29,2013.7647978359778,2005.204985501576,-0.026163209904984816,-0.04378038060978953,-0.017617170704804716,-9.003514696594454e-05,-0.00013103140181183704,-4.09962548458925e-05,0.11673611377377269,0.0606643595852701
60,1620,1680,1650.0,M_local_fullfit,55,ok,ok,975,920,30,29,2013.7647978359778,2005.204985501576,-0.026966089789676257,-0.0447436751185791,-0.017777585328902844,-7.102283665856467e-05,-0.00011201561198705735,-4.099277532849268e-05,0.11670459925575348,0.06062287376849591
60,1680,1740,1710.0,M0,59,ok,ok,974,915,30,29,2013.7672877515013,2005.1416725434428,-0.039728980885624786,-0.058697210821040714,-0.01896822993541593,-4.1746022822112096e-05,-0.00011936706378533583,-7.762104096322373e-05,0.12156521126790523,0.059675464320592196
60,1680,1740,1710.0,M_local_fullfit,59,ok,ok,974,915,30,29,2013.7672877515013,2005.1416725434428,-0.04012018188910807,-0.05932596696549403,-0.019205785076385963,-1.3844559355272455e-05,-9.145625008035883e-05,-7.761169072508638e-05,0.12154635806414481,0.05966652924296304
60,1740,1800,1770.0,M0,55,ok,ok,825,770,28,27,2012.9528764959646,2007.8857380553777,-0.00626436075327978,-0.02845286216830368,-0.0221885014150239,5.9297324435680854e-05,-7.474616836475898e-05,-0.00013404349280043984,0.12743288496561433,0.05833895813181332
60,1740,1800,1770.0,M_local_fullfit,55,ok,ok,825,770,28,27,2012.9528764959646,2007.8857380553777,-0.0061333489024804014,-0.028505753815674433,-0.022372404913194033,9.641066487094821e-05,-3.7611552654461544e-05,-0.00013402221752540977,0.1274142418058002,0.05833899808747017
60,1800,1860,1830.0,M0,0,ok,ok,695,695,26,26,2008.398290159893,2008.398290159893,-0.016642678667425578,-0.016642678667425578,0.0,-8.368395924541187e-05,-8.368395924541187e-05,0.0,0.06201824520072941,0.06201824520072941
60,1800,1860,1830.0,M_local_fullfit,0,ok,ok,695,695,26,26,2008.398290159893,2008.398290159893,-0.016008566291730076,-0.016008566291730076,0.0,-3.6720033764074043e-05,-3.6720033764074043e-05,0.0,0.06196759452676942,0.06196759452676942
60,1860,1920,1890.0,M0,0,ok,ok,622,622,23,23,2009.3777122992356,2009.3777122992356,-0.0032426248329921812,-0.0032426248329921812,0.0,-0.0002049716345829296,-0.0002049716345829296,0.0,0.05170799937530426,0.05170799937530426
60,1860,1920,1890.0,M_local_fullfit,0,ok,ok,622,622,23,23,2009.3777122992356,2009.3777122992356,-0.0017716725942759184,-0.0017716725942759184,0.0,-0.00014736121726380513,-0.00014736121726380513,0.0,0.0516951852874982,0.0516951852874982
60,1920,1980,1950.0,M0,0,ok,ok,593,593,21,21,2004.7057062695594,2004.7057062695594,-0.004720313508982071,-0.004720313508982071,0.0,-0.0002501482835181504,-0.0002501482835181504,0.0,0.05053760514615622,0.05053760514615622
60,1920,1980,1950.0,M_local_fullfit,0,ok,ok,593,593,21,21,2004.7057062695594,2004.7057062695594,-0.0024420024711308756,-0.0024420024711308756,0.0,-0.00018031157436144244,-0.00018031157436144244,0.0,0.0504943074007418,0.0504943074007418
60,1980,2040,2010.0,M0,0,ok,ok,664,664,21,21,2003.15022977941,2003.15022977941,0.0027950457231324406,0.0027950457231324406,0.0,-9.639082818174969e-05,-9.639082818174969e-05,0.0,0.05497641169704039,0.05497641169704039
60,1980,2040,2010.0,M_local_fullfit,0,ok,ok,664,664,21,21,2003.15022977941,2003.15022977941,0.006058287644045111,0.006058287644045111,0.0,-1.5330492037691624e-05,-1.5330492037691624e-05,0.0,0.0549064588361931,0.0549064588361931
60,2040,2100,2070.0,M0,0,ok,ok,624,624,21,21,2008.7112650003223,2008.7112650003223,-0.014892112312581985,-0.014892112312581985,0.0,-0.00028357199333209213,-0.00028357199333209213,0.0,0.054246058501032084,0.054246058501032084
60,2040,2100,2070.0,M_local_fullfit,0,ok,ok,624,624,21,21,2008.7112650003223,2008.7112650003223,-0.009740125394227576,-0.009740125394227576,0.0,-0.00018994714557978465,-0.00018994714557978465,0.0,0.054044551957153325,0.054044551957153325
60,2100,2160,2130.0,M0,0,ok,ok,566,566,21,21,2015.424869999511,2015.424869999511,-0.01737630260373134,-0.01737630260373134,0.0,-0.00020143741216427008,-0.00020143741216427008,0.0,0.06646366810013468,0.06646366810013468
60,2100,2160,2130.0,M_local_fullfit,0,ok,ok,566,566,21,21,2015.424869999511,2015.424869999511,-0.009921293702624472,-0.009921293702624472,0.0,-9.60479610358672e-05,-9.60479610358672e-05,0.0,0.0664173208866037,0.0664173208866037
60,2160,2220,2190.0,M0,0,ok,ok,464,464,21,21,2020.7994869578995,2020.7994869578995,-0.018776314472988068,-0.018776314472988068,0.0,-0.0002331421029229041,-0.0002331421029229041,0.0,0.058031715649346026,0.058031715649346026
60,2160,2220,2190.0,M_local_fullfit,0,ok,ok,464,464,21,21,2020.7994869578995,2020.7994869578995,-0.008822697833631356,-0.008822697833631356,0.0,-0.00011418208259803461,-0.00011418208259803461,0.0,0.05797443952581632,0.05797443952581632
60,2220,2280,2250.0,M0,0,ok,ok,451,451,20,20,2028.2426221795915,2028.2426221795915,-0.022358691337429636,-0.022358691337429636,0.0,-0.0002974637212563357,-0.0002974637212563357,0.0,0.06385893060049914,0.06385893060049914
60,2220,2280,2250.0,M_local_fullfit,0,ok,ok,451,451,20,20,2028.2426221795915,2028.2426221795915,-0.009136162713216447,-0.009136162713216447,0.0,-0.0001650930292257368,-0.0001650930292257368,0.0,0.0638083005900729,0.0638083005900729
60,2280,2340,2310.0,M0,0,ok,ok,500,500,21,21,2028.4437345202505,2028.4437345202505,-0.017013207588757913,-0.017013207588757913,0.0,-0.000184478690172767,-0.000184478690172767,0.0,0.05379887701435088,0.05379887701435088
60,2280,2340,2310.0,M_local_fullfit,0,ok,ok,500,500,21,21,2028.4437345202505,2028.4437345202505,-0.0013121565658456736,-0.0013121565658456736,0.0,-3.9238525052323355e-05,-3.9238525052323355e-05,0.0,0.053767192173684177,0.053767192173684177
60,2340,2400,2370.0,M0,0,ok,ok,454,454,19,19,2001.9383603885674,2001.9383603885674,0.0009798096765023128,0.0009798096765023128,0.0,-1.440399902540576e-06,-1.440399902540576e-06,0.0,0.050338505736951145,0.050338505736951145
60,2340,2400,2370.0,M_local_fullfit,0,ok,ok,454,454,19,19,2001.9383603885674,2001.9383603885674,0.01529503007869545,0.01529503007869545,0.0,0.0001577425701260834,0.0001577425701260834,0.0,0.05021699453180881,0.05021699453180881
60,2400,2460,2430.0,M0,0,ok,ok,532,532,16,16,1989.1913959738006,1989.1913959738006,0.008615521529182676,0.008615521529182676,0.0,6.157022774032591e-05,6.157022774032591e-05,0.0,0.061073136351988334,0.061073136351988334
60,2400,2460,2430.0,M_local_fullfit,0,ok,ok,532,532,16,16,1989.1913959738006,1989.1913959738006,0.02361306817544227,0.02361306817544227,0.0,0.00023716463359179935,0.00023716463359179935,0.0,0.06096352615933094,0.06096352615933094
60,2460,2520,2490.0,M0,0,ok,ok,489,489,16,16,1991.729981705946,1991.729981705946,0.006888452538890542,0.006888452538890542,0.0,1.0788342154725982e-05,1.0788342154725982e-05,0.0,0.059947948712853576,0.059947948712853576
60,2460,2520,2490.0,M_local_fullfit,0,ok,ok,489,489,16,16,1991.729981705946,1991.729981705946,0.025119707857573212,0.025119707857573212,0.0,0.00020213671881453543,0.00020213671881453543,0.0,0.05971593539151192,0.05971593539151192
60,2520,2580,2550.0,M0,0,ok,ok,346,346,13,13,2001.6923639352583,2001.6923639352583,-0.009619913031300364,-0.009619913031300364,0.0,-0.00023675414654265598,-0.00023675414654265598,0.0,0.050009812994954585,0.050009812994954585
60,2520,2580,2550.0,M_local_fullfit,0,ok,ok,346,346,13,13,2001.6923639352583,2001.6923639352583,0.013717823670805878,0.013717823670805878,0.0,-2.8725175040906188e-05,-2.8725175040906188e-05,0.0,0.04984044377090841,0.04984044377090841
60,2580,2640,2610.0,M0,0,ok,ok,221,221,12,12,2004.789637932054,2004.789637932054,-0.02672525589985966,-0.02672525589985966,0.0,-0.0005046258072316517,-0.0005046258072316517,0.0,0.04768983802138978,0.04768983802138978
60,2580,2640,2610.0,M_local_fullfit,0,ok,ok,221,221,12,12,2004.789637932054,2004.789637932054,0.0007312021539905139,0.0007312021539905139,0.0,-0.00027946895915998966,-0.00027946895915998966,0.0,0.04714913046719271,0.04714913046719271
60,2640,2700,2670.0,M0,0,ok,ok,167,167,10,10,2031.9204743423306,2031.9204743423306,-0.06657366542440987,-0.06657366542440987,0.0,-0.0007518637797760009,-0.0007518637797760009,0.0,0.044563167936982145,0.044563167936982145
60,2640,2700,2670.0,M_local_fullfit,0,ok,ok,167,167,10,10,2031.9204743423306,2031.9204743423306,-0.028769926276967183,-0.028769926276967183,0.0,-0.0005117829168433455,-0.0005117829168433455,0.0,0.04403764874837907,0.04403764874837907
60,2700,2760,2730.0,M0,0,ok,ok,86,86,7,7,2023.3063125283866,2023.3063125283866,-0.10749940297672615,-0.10749940297672615,0.0,-0.0005850667510455909,-0.0005850667510455909,0.0,0.033577695298037044,0.033577695298037044
60,2700,2760,2730.0,M_local_fullfit,0,ok,ok,86,86,7,7,2023.3063125283866,2023.3063125283866,-0.06760975897158128,-0.06760975897158128,0.0,-0.00032654464834492794,-0.00032654464834492794,0.0,0.03334785886776527,0.03334785886776527
60,2760,2820,2790.0,M0,0,ok,ok,38,38,2,2,2049.6775977478524,2049.6775977478524,-0.1400893630085822,-0.1400893630085822,0.0,-0.0007437463102133065,-0.0007437463102133065,0.0,0.016634745789600468,0.016634745789600468
60,2760,2820,2790.0,M_local_fullfit,0,ok,ok,38,38,2,2,2049.6775977478524,2049.6775977478524,-0.0880903451167247,-0.0880903451167247,0.0,-0.0004905421845597718,-0.0004905421845597718,0.0,0.015804018245598978,0.015804018245598978
60,2820,2880,2850.0,M0,0,insufficient_frames,insufficient_frames,32,32,1,1,2035.6293676721466,2035.6293676721466,nan,nan,nan,nan,nan,nan,nan,nan
60,2820,2880,2850.0,M_local_fullfit,0,insufficient_frames,insufficient_frames,32,32,1,1,2035.6293676721466,2035.6293676721466,nan,nan,nan,nan,nan,nan,nan,nan
60,2880,2940,2910.0,M0,0,no_data,no_data,0,0,0,0,nan,nan,nan,nan,nan,nan,nan,nan,nan,nan
60,2880,2940,2910.0,M_local_fullfit,0,no_data,no_data,0,0,0,0,nan,nan,nan,nan,nan,nan,nan,nan,nan,nan
60,2940,3000,2970.0,M0,0,no_data,no_data,0,0,0,0,nan,nan,nan,nan,nan,nan,nan,nan,nan,nan
60,2940,3000,2970.0,M_local_fullfit,0,no_data,no_data,0,0,0,0,nan,nan,nan,nan,nan,nan,nan,nan,nan,nan
100,0,100,50.0,M0,0,no_data,no_data,0,0,0,0,nan,nan,nan,nan,nan,nan,nan,nan,nan,nan
100,0,100,50.0,M_local_fullfit,0,no_data,no_data,0,0,0,0,nan,nan,nan,nan,nan,nan,nan,nan,nan,nan
100,100,200,150.0,M0,0,no_data,no_data,0,0,0,0,nan,nan,nan,nan,nan,nan,nan,nan,nan,nan
100,100,200,150.0,M_local_fullfit,0,no_data,no_data,0,0,0,0,nan,nan,nan,nan,nan,nan,nan,nan,nan,nan
100,200,300,250.0,M0,0,ok,ok,81,81,7,7,2066.152074826886,2066.152074826886,0.12470919460575117,0.12470919460575117,0.0,-0.0006515407548392171,-0.0006515407548392171,0.0,0.12057056877470342,0.12057056877470342
100,200,300,250.0,M_local_fullfit,0,ok,ok,81,81,7,7,2066.152074826886,2066.152074826886,0.14583373300571098,0.14583373300571098,0.0,-0.0006754591069520787,-0.0006754591069520787,0.0,0.12062224753060596,0.12062224753060596
100,300,400,350.0,M0,19,ok,ok,396,386,12,11,2058.872995598416,2061.831060813927,0.09602014486717547,0.0972272954203069,0.0012071505531314336,0.00015905095943771554,-7.524191440497075e-05,-0.0002342928738426863,0.07907819325667936,0.07510965372743914
100,300,400,350.0,M_local_fullfit,19,ok,ok,395,386,12,11,2058.872995598416,2061.831060813927,0.11412996380103714,0.11528009535397207,0.0011501315529349326,0.00013434311812294484,-0.00010417156930212708,-0.00023851468742507192,0.07982192895580759,0.07558532581719171
100,400,500,450.0,M0,63,ok,ok,710,647,15,14,2043.267998320948,2046.6358484557795,0.03832957993296529,0.04043943528020733,0.0021098553472420414,0.000154001433574184,1.4482152319347356e-05,-0.00013951928125483664,0.07641322608682147,0.06137518616082072
100,400,500,450.0,M_local_fullfit,63,ok,ok,710,647,15,14,2043.267998320948,2046.6358484557795,0.05353573623642574,0.055551918808408776,0.0020161825719830356,0.0001229330864383953,-1.7445746670293635e-05,-0.00014037883310868895,0.07663498577887225,0.061660399931946476
100,500,600,550.0,M0,99,ok,ok,1038,939,22,21,2039.4190983940848,2041.7524498819985,-0.016349339243879726,-0.01672491347435728,-0.00037557423047755376,-0.00015725865792383807,-0.00015705355616137324,2.051017624648307e-07,0.05618946468306052,0.05682368905128734
100,500,600,550.0,M_local_fullfit,99,ok,ok,1038,939,22,21,2039.4190983940848,2041.7524498819985,-0.00452636445805366,-0.004983626533613255,-0.000457262075559595,-0.00019529446143206833,-0.00019534146492871846,-4.700349665013475e-08,0.05650834317732162,0.057156286019885844
100,600,700,650.0,M0,14,ok,ok,1227,1213,25,24,2040.3037694459479,2041.5489574536286,-0.06874395105560488,-0.06963751734726603,-0.000893566291661152,-8.376888592478991e-05,-5.558619697974629e-05,2.8182688945043622e-05,0.0679801088494256,0.0683304482087174
100,600,700,650.0,M_local_fullfit,14,ok,ok,1227,1213,25,24,2040.3037694459479,2041.5489574536286,-0.059675783743640465,-0.06062713060430539,-0.000951346860664927,-0.0001242674344639429,-9.579021002248134e-05,2.847722444146157e-05,0.06824874792946581,0.0685965616693719
100,700,800,750.0,M0,6,ok,ok,1065,1059,26,25,2025.6363233144132,2035.681490531239,-0.10110571185248639,-0.10488989501985459,-0.003784183167368199,-2.1747309811623506e-05,6.304342523442895e-05,8.479073504605246e-05,0.06904968887673456,0.06289567356701069
100,700,800,750.0,M_local_fullfit,6,ok,ok,1065,1059,26,25,2025.6363233144132,2035.681490531239,-0.09385141707098252,-0.09804607494302195,-0.004194657872039431,-6.213686116617514e-05,2.279327244497984e-05,8.493013361115498e-05,0.06912986178529311,0.06299033802563868
100,800,900,850.0,M0,79,ok,ok,1219,1140,27,26,2027.0784237270905,2032.0776928324246,-0.08883306474166147,-0.09350481514611601,-0.004671750404454542,-0.00012304752551719488,-4.414260324128027e-05,7.89049222759146e-05,0.07025255062074787,0.06493111139342271
100,800,900,850.0,M_local_fullfit,79,ok,ok,1219,1140,27,26,2027.0784237270905,2032.0776928324246,-0.08388630792726537,-0.08875913266264308,-0.004872824735377715,-0.00016440443323993418,-8.55995144840558e-05,7.880491875587838e-05,0.07017177645781371,0.06486591578061615
100,900,1000,950.0,M0,98,ok,ok,1385,1287,27,26,2022.2265822525333,2028.6317873271987,-0.04940045582240097,-0.05531662456528819,-0.005916168742887223,-3.248434096583147e-05,6.285822242278694e-05,9.534256338861841e-05,0.07145952088710421,0.06162385772101117
100,900,1000,950.0,M_local_fullfit,98,ok,ok,1385,1287,27,26,2022.2265822525333,2028.6317873271987,-0.046047888872666635,-0.05221932931003645,-0.006171440437369814,-7.250491113862421e-05,2.2835242937380144e-05,9.534015407600435e-05,0.07137433073715836,0.06153403053453591
100,1000,1100,1050.0,M0,48,ok,ok,1292,1244,29,28,2016.1064337287166,2019.6841431096816,-0.005820780212249712,-0.013655771977402035,-0.007834991765152323,-1.647046997006931e-05,9.6578932745028e-05,0.00011304940271509731,0.0735511853494513,0.05833977250214978
100,1000,1100,1050.0,M_local_fullfit,48,ok,ok,1292,1244,29,28,2016.1064337287166,2019.6841431096816,-0.0038072323282298064,-0.011786759498207717,-0.00797952716997791,-5.320688201013783e-05,6.004216459525984e-05,0.00011324904660539767,0.0735196360074679,0.05824091769200399
100,1100,1200,1150.0,M0,28,ok,ok,1311,1283,30,29,2009.9212958416722,2010.0253324886414,0.03613117026559801,0.025028736620697312,-0.0111024336449007,6.497780228297118e-05,0.00018356862513843248,0.0001185908228554613,0.09455549142450116,0.07601820255010229
100,1100,1200,1150.0,M_local_fullfit,28,ok,ok,1311,1283,30,29,2009.9212958416722,2010.0253324886414,0.0370822448673906,0.025973251774205626,-0.011108993093184971,3.3584522342142496e-05,0.0001522207640836672,0.0001186362417415247,0.09447090060122418,0.07590839084104864
100,1200,1300,1250.0,M0,74,ok,ok,1595,1521,30,29,2008.820658750406,2009.8693356411181,0.06653242092094008,0.05474028264156472,-0.011792138279375364,9.24325626608301e-05,0.00019368279867997432,0.00010125023601914422,0.0806201931237455,0.05233696360752232
100,1200,1300,1250.0,M_local_fullfit,74,ok,ok,1595,1521,30,29,2008.820658750406,2009.8693356411181,0.066492120761903,0.05467680041805039,-0.01181532034385261,6.792250504967411e-05,0.00016915716549511747,0.00010123466044544336,0.0806113867275278,0.05234285159271973
100,1300,1400,1350.0,M0,99,ok,ok,1611,1512,30,29,2011.679954204547,2016.3089549938898,0.05441684750434319,0.04196467622568655,-0.012452171278656637,0.00016308833338017387,0.00025271231807735746,8.96239846971836e-05,0.0922504492997877,0.05784893100874715
100,1300,1400,1350.0,M_local_fullfit,99,ok,ok,1611,1512,30,29,2011.679954204547,2016.3089549938898,0.05366070704864339,0.041132317488253765,-0.012528389560389624,0.00014656887425709838,0.000236198157657889,8.962928340079063e-05,0.09224112030410385,0.05783616060854462
100,1400,1500,1450.0,M0,66,ok,ok,1530,1464,30,29,2005.5281940894229,2006.393551234417,0.04107125849730468,0.025551131904942032,-0.01552012659236265,5.45374204280298e-06,6.780153519637188e-05,6.23477931535689e-05,0.09692978145903344,0.053101780865228626
100,1400,1500,1450.0,M_local_fullfit,66,ok,ok,1530,1464,30,29,2005.5281940894229,2006.393551234417,0.03997755796473259,0.02445132190227139,-0.015526236062461198,-8.547575329281225e-07,6.149956157459628e-05,6.23543191075244e-05,0.09693705672673916,0.053111808142363076
100,1500,1600,1550.0,M0,33,ok,ok,1570,1537,30,29,2005.646768443827,2005.630406508345,0.013718291031405441,-0.003527361316094152,-0.017245652347499592,0.0001442837090801342,0.0001627637445397679,1.848003545963371e-05,0.10842367203497902,0.057781404638196386
100,1500,1600,1550.0,M_local_fullfit,33,ok,ok,1570,1537,30,29,2005.646768443827,2005.630406508345,0.012504806349565214,-0.004739801325191217,-0.01724460767475643,0.00014995671841455934,0.00016843508312037008,1.847836470581074e-05,0.10841283296612222,0.05777031778418119
100,1600,1700,1650.0,M0,79,ok,ok,1618,1539,30,29,2014.3462874477625,2005.207624985609,-0.025336012585562118,-0.043293390170220866,-0.01795737758465875,-5.451633272496534e-05,-9.944238687998696e-05,-4.492605415502162e-05,0.11717730640882852,0.06075172283260999
100,1600,1700,1650.0,M_local_fullfit,79,ok,ok,1618,1539,30,29,2014.3462874477625,2005.207624985609,-0.02611625111195224,-0.04424603292665782,-0.01812978181470558,-3.55789883019348e-05,-8.050779308435579e-05,-4.492880478242099e-05,0.11713621564244177,0.06067495928233473
100,1700,1800,1750.0,M0,95,ok,ok,1472,1377,30,29,2013.03019775854,2006.6914186607864,-0.02417887843329555,-0.04423415611670795,-0.020055277683412403,2.4741416524789668e-05,-7.800143278284068e-05,-0.00010274284930763034,0.12751425042801473,0.06662021663205527
100,1700,1800,1750.0,M_local_fullfit,95,ok,ok,1472,1377,30,29,2013.03019775854,2006.6914186607864,-0.02427660994358329,-0.044542444769531564,-0.020265834825948275,5.823220611375461e-05,-4.451209219885916e-05,-0.00010274429831261378,0.12753521955362385,0.06667263802502187
100,1800,1900,1850.0,M0,0,ok,ok,1117,1117,26,26,2008.2279501441417,2008.2279501441417,-0.014092097201779964,-0.014092097201779964,0.0,-4.708775784431046e-05,-4.708775784431046e-05,0.0,0.060461273145026834,0.060461273145026834
100,1800,1900,1850.0,M_local_fullfit,0,ok,ok,1117,1117,26,26,2008.2279501441417,2008.2279501441417,-0.013232986997933866,-0.013232986997933866,0.0,2.5997109150124444e-06,2.5997109150124444e-06,0.0,0.06042718985725973,0.06042718985725973
100,1900,2000,1950.0,M0,0,ok,ok,1020,1020,22,22,2005.301349700204,2005.301349700204,-0.00558908048151384,-0.00558908048151384,0.0,-0.0002345647680187692,-0.0002345647680187692,0.0,0.051186558496137256,0.051186558496137256
100,1900,2000,1950.0,M_local_fullfit,0,ok,ok,1020,1020,22,22,2005.301349700204,2005.301349700204,-0.0032967598054877622,-0.0032967598054877622,0.0,-0.00016445598616330348,-0.00016445598616330348,0.0,0.051193049929447614,0.051193049929447614
100,2000,2100,2050.0,M0,0,ok,ok,1061,1061,21,21,2007.8696945452996,2007.8696945452996,-0.007944463364661609,-0.007944463364661609,0.0,-0.00020384204760040892,-0.00020384204760040892,0.0,0.055899876064735475,0.055899876064735475
100,2000,2100,2050.0,M_local_fullfit,0,ok,ok,1061,1061,21,21,2007.8696945452996,2007.8696945452996,-0.0033431226888064503,-0.0033431226888064503,0.0,-0.00011442492569388925,-0.00011442492569388925,0.0,0.055582971133692184,0.055582971133692184
100,2100,2200,2150.0,M0,0,ok,ok,889,889,21,21,2017.5725649883955,2017.5725649883955,-0.01822722674157823,-0.01822722674157823,0.0,-0.00023228463532678427,-0.00023228463532678427,0.0,0.06205104784202412,0.06205104784202412
100,2100,2200,2150.0,M_local_fullfit,0,ok,ok,889,889,21,21,2017.5725649883955,2017.5725649883955,-0.009981292330389286,-0.009981292330389286,0.0,-0.0001229350317881959,-0.0001229350317881959,0.0,0.062007191326082636,0.062007191326082636
100,2200,2300,2250.0,M0,0,ok,ok,771,771,20,20,2028.2732387499495,2028.2732387499495,-0.02134072542993243,-0.02134072542993243,0.0,-0.0002888182548601752,-0.0002888182548601752,0.0,0.06399732020398752,0.06399732020398752
100,2200,2300,2250.0,M_local_fullfit,0,ok,ok,771,771,20,20,2028.2732387499495,2028.2732387499495,-0.008031611355951658,-0.008031611355951658,0.0,-0.00015651580358161504,-0.00015651580358161504,0.0,0.06389946365507572,0.06389946365507572
100,2300,2400,2350.0,M0,0,ok,ok,775,775,20,20,2014.9568426632663,2014.9568426632663,-0.007312161035227397,-0.007312161035227397,0.0,-6.465412467093266e-05,-6.465412467093266e-05,0.0,0.051516153546776924,0.051516153546776924
100,2300,2400,2350.0,M_local_fullfit,0,ok,ok,775,775,20,20,2014.9568426632663,2014.9568426632663,0.00806029469305706,0.00806029469305706,0.0,8.838754199805334e-05,8.838754199805334e-05,0.0,0.05149907605877011,0.05149907605877011
100,2400,2500,2450.0,M0,0,ok,ok,865,865,16,16,1990.1747952553992,1990.1747952553992,0.008849631171816589,0.008849631171816589,0.0,4.583890260847395e-05,4.583890260847395e-05,0.0,0.06034296901736695,0.06034296901736695
100,2400,2500,2450.0,M_local_fullfit,0,ok,ok,865,865,16,16,1990.1747952553992,1990.1747952553992,0.024898360056123368,0.024898360056123368,0.0,0.0002262048480573479,0.0002262048480573479,0.0,0.06029675483566493,0.06029675483566493
100,2500,2600,2550.0,M0,0,ok,ok,598,598,15,15,2001.3935656876133,2001.3935656876133,-0.005829552694824488,-0.005829552694824488,0.0,-1.5096744782634966e-06,-1.5096744782634966e-06,0.0,0.06366012271500028,0.06366012271500028
100,2500,2600,2550.0,M_local_fullfit,0,ok,ok,598,598,15,15,2001.3935656876133,2001.3935656876133,0.017066758181392423,0.017066758181392423,0.0,0.00020238767796244538,0.00020238767796244538,0.0,0.06308117872020239,0.06308117872020239
100,2600,2700,2650.0,M0,0,ok,ok,292,292,11,11,2017.7508122372715,2017.7508122372715,-0.05323271436184326,-0.05323271436184326,0.0,-0.0005489097140627104,-0.0005489097140627104,0.0,0.047034755491198926,0.047034755491198926
100,2600,2700,2650.0,M_local_fullfit,0,ok,ok,292,292,11,11,2017.7508122372715,2017.7508122372715,-0.01994089790919735,-0.01994089790919735,0.0,-0.0003135387094452057,-0.0003135387094452057,0.0,0.04631328115411352,0.04631328115411352
100,2700,2800,2750.0,M0,0,ok,ok,112,112,7,7,2025.400590649123,2025.400590649123,-0.10963485747675053,-0.10963485747675053,0.0,-0.0005826458057734211,-0.0005826458057734211,0.0,0.03196087291812305,0.03196087291812305
100,2700,2800,2750.0,M_local_fullfit,0,ok,ok,112,112,7,7,2025.400590649123,2025.400590649123,-0.0685869309503482,-0.0685869309503482,0.0,-0.0003194074164276435,-0.0003194074164276435,0.0,0.031658174469163275,0.031658174469163275
100,2800,2900,2850.0,M0,0,insufficient_frames,insufficient_frames,44,44,1,1,2034.5449340547657,2034.5449340547657,nan,nan,nan,nan,nan,nan,nan,nan
100,2800,2900,2850.0,M_local_fullfit,0,insufficient_frames,insufficient_frames,44,44,1,1,2034.5449340547657,2034.5449340547657,nan,nan,nan,nan,nan,nan,nan,nan
100,2900,3000,2950.0,M0,0,no_data,no_data,0,0,0,0,nan,nan,nan,nan,nan,nan,nan,nan,nan,nan
100,2900,3000,2950.0,M_local_fullfit,0,no_data,no_data,0,0,0,0,nan,nan,nan,nan,nan,nan,nan,nan,nan,nan
