s,delta_lambda_mm
-0.1923654071984672,0.23142211368438154
-0.19216570683618023,0.23018350168514851
-0.19196600647389325,0.22894801779391705
-0.19176630611160628,0.22771565945593009
-0.1915666057493193,0.2264864241164305
-0.19136690538703233,0.22526030922066148
-0.19116720502474535,0.22403731221386583
-0.19096750466245838,0.2228174305412865
-0.1907678043001714,0.22160066164816652
-0.19056810393788443,0.22038700297974878
-0.19036840357559745,0.21917645198127636
-0.19016870321331047,0.21796900609799208
-0.1899690028510235,0.21676466277513898
-0.18976930248873652,0.21556341945796006
-0.18956960212644955,0.21436527359169816
-0.18936990176416257,0.21317022262159635
-0.18917020140187563,0.21197826399289771
-0.18897050103958865,0.21078939515084494
-0.18877080067730168,0.20960361354068113
-0.1885711003150147,0.20842091660764914
-0.18837139995272772,0.20724130179699207
-0.18817169959044075,0.20606476655395287
-0.18797199922815377,0.20489130832377442
-0.1877722988658668,0.20372092455169968
-0.18757259850357982,0.20255361268297176
-0.18737289814129285,0.20138937016283343
-0.18717319777900587,0.20022819443652778
-0.1869734974167189,0.19907008294929776
-0.18677379705443192,0.19791503314638628
-0.18657409669214495,0.19676304247303639
-0.18637439632985797,0.19561410837449095
-0.186174695967571,0.19446822829599297
-0.18597499560528402,0.19332539968278539
-0.18577529524299705,0.19218561998011127
-0.18557559488071007,0.19104888663321343
-0.1853758945184231,0.1899151970873349
-0.18517619415613612,0.18878454878771864
-0.18497649379384914,0.18765693917960763
-0.18477679343156217,0.18653236570824477
-0.18457709306927519,0.18541082581887311
-0.18437739270698822,0.18429231695673559
-0.18417769234470124,0.18317683656707509
-0.18397799198241427,0.1820643820951347
-0.18377829162012729,0.18095495098615727
-0.18357859125784032,0.17984854068538589
-0.18337889089555334,0.17874514863806332
-0.18317919053326637,0.17764477228943273
-0.18297949017097942,0.17654740908473709
-0.18277978980869242,0.17545305646921902
-0.18258008944640547,0.17436171188812202
-0.18238038908411849,0.17327337278668861
-0.18218068872183152,0.17218803661016188
-0.18198098835954454,0.17110570080378487
-0.18178128799725757,0.17002636281280042
-0.18158158763497059,0.16895002008245169
-0.18138188727268362,0.16787667005798143
-0.18118218691039664,0.16680631018463271
-0.18098248654810967,0.16573893790764843
-0.18078278618582269,0.16467455067227163
-0.18058308582353572,0.16361314592374523
-0.18038338546124874,0.16255472110731228
-0.18018368509896177,0.16149927366821554
-0.17998398473667479,0.16044680105169815
-0.17978428437438781,0.15939730070300298
-0.17958458401210084,0.15835077006737305
-0.17938488364981386,0.15730720659005135
-0.17918518328752689,0.15626660771628076
-0.17898548292523991,0.15522897089130427
-0.17878578256295294,0.15419429356036479
-0.17858608220066596,0.15316257316870543
-0.17838638183837899,0.15213380716156902
-0.17818668147609201,0.15110799298419864
-0.17798698111380504,0.1500851280818371
-0.17778728075151806,0.14906520989972746
-0.17758758038923109,0.14804823588311267
-0.17738788002694411,0.14703420347723567
-0.17718817966465714,0.14602311012733948
-0.17698847930237016,0.14501495327866698
-0.17678877894008319,0.1440097303764612
-0.17658907857779621,0.14300743886596509
-0.17638937821550926,0.1420080761924217
-0.17618967785322226,0.14101163980107362
-0.17598997749093531,0.14001812713716438
-0.17579027712864834,0.13902753564593651
-0.17559057676636136,0.13803986277263311
-0.17539087640407439,0.13705510596249715
-0.17519117604178741,0.13607326266077155
-0.17499147567950044,0.1350943303126993
-0.17479177531721346,0.1341183063635234
-0.17459207495492648,0.13314518825848681
-0.17439237459263951,0.13217497344283241
-0.17419267423035253,0.13120765936180323
-0.17399297386806556,0.1302432434606422
-0.17379327350577858,0.12928172318459233
-0.17359357314349161,0.12832309597889657
-0.17339387278120463,0.12736735928879786
-0.17319417241891766,0.12641451055953914
-0.17299447205663068,0.12546454723636341
-0.17279477169434371,0.12451746676451363
-0.17259507133205673,0.12357326658923277
-0.17239537096976976,0.12263194415576378
-0.17219567060748278,0.12169349690934958
-0.17199597024519581,0.12075792229523322
-0.17179626988290883,0.11982521775865759
-0.17159656952062186,0.11889538074486569
-0.17139686915833488,0.11796840869910048
-0.1711971687960479,0.11704429906660488
-0.17099746843376093,0.11612304929262195
-0.17079776807147395,0.11520465682239456
-0.17059806770918698,0.11428911910116568
-0.1703983673469,0.11337643357417827
-0.17019866698461306,0.11246659768667548
-0.16999896662232605,0.11155960888389986
-0.16979926626003911,0.11065546461109486
-0.1695995658977521,0.10975416231350293
-0.16939986553546516,0.10885569943636757
-0.16920016517317818,0.10796007342493141
-0.1690004648108912,0.10706728172443744
-0.16880076444860423,0.10617732178012868
-0.16860106408631725,0.10529019103724802
-0.16840136372403028,0.10440588694103853
-0.1682016633617433,0.10352440693674313
-0.16800196299945633,0.10264574846960474
-0.16780226263716935,0.10176990898486638
-0.16760256227488238,0.10089688592777096
-0.1674028619125954,0.1000266767435615
-0.16720316155030843,0.099159278877480911
-0.16700346118802145,0.098294689774772168
-0.16680376082573448,0.097432906880678294
-0.1666040604634475,0.096573927640442161
-0.16640436010116053,0.095717749499306781
-0.16620465973887355,0.094864369902515122
-0.16600495937658657,0.094013786295310126
-0.1658052590142996,0.093165996122934747
-0.16560555865201262,0.092320996830631968
-0.16540585828972565,0.091478785863644746
-0.16520615792743867,0.090639360667216035
-0.1650064575651517,0.089802718686588776
-0.16480675720286472,0.088968857367006035
-0.16460705684057775,0.088137774153710657
-0.16440735647829077,0.087309466491945625
-0.1642076561160038,0.086483931826953964
-0.16400795575371685,0.085661167603978683
-0.16380825539142985,0.084841171268262461
-0.1636085550291429,0.084023940265048669
-0.1634088546668559,0.083209472039579804
-0.16320915430456895,0.082397764037099336
-0.16300945394228197,0.081588813702849858
-0.162809753579995,0.080782618482074436
-0.16261005321770802,0.079979175820016069
-0.16241035285542105,0.079178483161917654
-0.16221065249313407,0.078380537953022217
-0.1620109521308471,0.077585337638572741
-0.16181125176856012,0.076792879663812097
-0.16161155140627315,0.076003161473983297
-0.16141185104398617,0.075216180514329323
-0.1612121506816992,0.074431934230093103
-0.16101245031941222,0.073650420066517605
-0.16081274995712525,0.072871635468845827
-0.16061304959483827,0.072095577882320683
-0.16041334923255129,0.071322244752185168
-0.16021364887026432,0.070551633523682225
-0.16001394850797734,0.069783741642054836
-0.15981424814569037,0.069018566552545929
-0.15961454778340339,0.068256105700398514
-0.15941484742111642,0.067496356530855534
-0.15921514705882944,0.066739316489159928
-0.15901544669654247,0.065984983020554666
-0.15881574633425549,0.065233353570282746
-0.15861604597196852,0.064484425583587093
-0.15841634560968154,0.063738196505710693
-0.15821664524739457,0.062994663781896498
-0.15801694488510759,0.062253824857387466
-0.15781724452282064,0.061515677177426689
-0.15761754416053364,0.060780218187256763
-0.15741784379824669,0.060047445332121113
-0.15721814343595969,0.05931735605726228
-0.15701844307367274,0.058589947807923634
-0.15681874271138574,0.057865218029347715
-0.15661904234909879,0.057143164166777907
-0.15641934198681179,0.056423783665456764
-0.15621964162452484,0.055707073970627664
-0.15601994126223787,0.054993032527533237
-0.15582024089995089,0.054281656781416568
-0.15562054053766392,0.053572944177520648
-0.15542084017537694,0.052866892161088377
-0.15522113981308996,0.052163498177362752
-0.15502143945080299,0.051462759671586748
-0.15482173908851601,0.0507646740890033
-0.15462203872622904,0.050069238874855364
-0.15442233836394206,0.049376451474385935
-0.15422263800165509,0.048686309332837976
-0.15402293763936811,0.047998809895454408
-0.15382323727708114,0.047313950607478235
-0.15362353691479416,0.046631728914152411
-0.15342383655250719,0.045952142260719891
-0.15322413619022021,0.045275188092423632
-0.15302443582793324,0.044600863854506602
-0.15282473546564626,0.043929166992211763
-0.15262503510335929,0.043260094950782077
-0.15242533474107231,0.042593645175460507
-0.15222563437878533,0.041929815111490021
-0.15202593401649836,0.041268602204113602
-0.15182623365421138,0.040610003898574151
-0.15162653329192444,0.039954017640114761
-0.15142683292963743,0.039300640873978138
-0.15122713256735049,0.038649871045407583
-0.15102743220506348,0.038001705599645691
-0.15082773184277654,0.037356141981935806
-0.15062803148048953,0.036713177637520536
-0.15042833111820259,0.036072810011643155
-0.15022863075591558,0.035435036549546314
-0.15002893039362863,0.034799854696473315
-0.14982923003134166,0.034167261897666862
-0.14962952966905468,0.033537255598370008
-0.14942982930676771,0.032909833243825695
-0.14923012894448073,0.032284992279276906
-0.14903042858219376,0.031662730149966602
-0.14883072821990678,0.031043044301137725
-0.14863102785761981,0.030425932178033261
-0.14843132749533283,0.029811391225896166
-0.14823162713304586,0.029199418889969398
-0.14803192677075888,0.028590012615495923
-0.14783222640847191,0.027983169847718706
-0.14763252604618493,0.027378888031880693
-0.14743282568389796,0.026777164613224866
-0.14723312532161098,0.026177997036994183
-0.14703342495932401,0.025581382748431612
-0.14683372459703703,0.024987319192780105
-0.14663402423475005,0.024395803815282616
-0.14643432387246308,0.023806834061182131
-0.1462346235101761,0.023220407375721574
-0.14603492314788913,0.022636521204143972
-0.14583522278560215,0.022055172991692226
-0.14563552242331518,0.021476360183609336
-0.1454358220610282,0.020900080225138225
-0.14523612169874123,0.020326330561521916
-0.14503642133645428,0.019755108638003383
-0.14483672097416728,0.019186411899825402
-0.14463702061188033,0.01862023779223123
-0.14443732024959333,0.018056583760463513
-0.14423761988730638,0.017495447249765522
-0.14403791952501938,0.016936825705379927
-0.14383821916273243,0.016380716572550011
-0.14363851880044542,0.015827117296518381
-0.14343881843815848,0.015276025322528343
-0.1432391180758715,0.014727438095822609
-0.14303941771358453,0.014181353061644232
-0.14283971735129755,0.013637767665236191
-0.14264001698901058,0.013096679351841427
-0.1424403166267236,0.01255808556670289
-0.14224061626443663,0.01202198375506355
-0.14204091590214965,0.011488371362166391
-0.14184121553986268,0.010957245833254366
-0.1416415151775757,0.010428604613570411
-0.14144181481528872,0.0099024451483575374
-0.14124211445300175,0.0093787648828586555
-0.14104241409071477,0.0088575612623167585
-0.1408427137284278,0.0083388317319748051
-0.14064301336614082,0.0078225737370757539
-0.14044331300385385,0.007308784722862588
-0.14024361264156687,0.0067974621345782207
-0.1400439122792799,0.0062886034174656595
-0.13984421191699292,0.0057822060167678629
-0.13964451155470595,0.0052782673777277619
-0.13944481119241897,0.0047767849455883499
-0.139245110830132,0.0042777561655925785
-0.13904541046784502,0.0037811784829834064
-0.13884571010555807,0.0032870493430038755
-0.13864600974327107,0.0027953661908967364
-0.13844630938098412,0.0023061264719052184
-0.13824660901869712,0.0018193276312720233
-0.13804690865641017,0.0013349671142403804
-0.13784720829412317,0.00085304236605297096
-0.13764750793183622,0.00037355083195304839
-0.13744780756954922,-0.00010351004281670267
-0.13724810720726227,-0.00057814281301306336
-0.1370484068449753,-0.0010503500333932589
-0.13684870648268832,-0.0015201342587142647
-0.13664900612040135,-0.0019874980437331186
-0.13644930575811437,-0.0024524439432068584
-0.13624960539582739,-0.0029149745118925083
-0.13604990503354042,-0.0033750923045471198
-0.13585020467125344,-0.003832799875927731
-0.13565050430896647,-0.0042880997807913761
-0.13545080394667949,-0.0047409945738951034
-0.13525110358439252,-0.0051914868099959162
-0.13505140322210554,-0.0056395790438509008
-0.13485170285981857,-0.006085273830217057
-0.13465200249753159,-0.0065285737238514295
-0.13445230213524462,-0.0069694812795110701
-0.13425260177295764,-0.0074079990519530133
-0.13405290141067067,-0.0078441295959342724
-0.13385320104838369,-0.0082778754662119064
-0.13365350068609672,-0.0087092392175429668
-0.13345380032380974,-0.0091382234046844674
-0.13325409996152277,-0.0095648305823934458
-0.13305439959923579,-0.0099890633054269401
-0.13285469923694881,-0.010410924128542012
-0.13265499887466184,-0.010830415606495676
-0.13245529851237486,-0.011247540294044966
-0.13225559815008792,-0.011662300745946878
-0.13205589778780091,-0.012074699516958606
-0.13185619742551397,-0.012484739161836973
-0.13165649706322696,-0.012892422235339242
-0.13145679670094002,-0.013297751292222212
-0.13125709633865301,-0.013700728887243146
-0.13105739597636606,-0.014101357575158881
-0.13085769561407906,-0.014499639910726649
-0.13065799525179211,-0.014895578448703289
-0.13045829488950514,-0.015289175743845994
-0.13025859452721816,-0.015680434350911741
-0.13005889416493119,-0.016069356824657578
-0.12985919380264421,-0.016455945719840531
-0.12965949344035724,-0.016840203591217642
-0.12945979307807026,-0.017222132993545955
-0.12926009271578329,-0.01760173648158251
-0.12906039235349631,-0.01797901661008432
-0.12886069199120934,-0.018353975933808442
-0.12866099162892236,-0.018726617007511923
-0.12846129126663539,-0.01909694238595179
-0.12826159090434841,-0.019464954623885072
-0.12806189054206144,-0.019830656276068805
-0.12786219017977446,-0.020194049897260053
-0.12766248981748748,-0.020555138042215822
-0.12746278945520051,-0.02091392326569317
-0.12726308909291353,-0.021270408122449125
-0.12706338873062656,-0.021624595167240725
-0.12686368836833958,-0.021976486954825014
-0.12666398800605261,-0.022326086039959017
-0.12646428764376566,-0.022673394977399744
-0.12626458728147866,-0.02301841632190435
-0.12606488691919171,-0.023361152628229725
-0.12586518655690471,-0.023701606451133044
-0.12566548619461776,-0.024039780345371176
-0.12546578583233076,-0.024375676865701353
-0.12526608547004381,-0.024709298566880422
-0.12506638510775681,-0.025040648003665615
-0.12486668474546984,-0.025369727730813793
-0.12466698438318287,-0.025696540303082074
-0.12446728402089589,-0.026021088275227526
-0.12426758365860892,-0.026343374202007122
-0.12406788329632194,-0.026663400638177941
-0.12386818293403497,-0.026981170138496997
-0.12366848257174801,-0.027296685257721321
-0.12346878220946103,-0.027609948550607995
-0.12326908184717406,-0.027920962571914027
-0.12306938148488708,-0.028229729876396468
-0.12286968112260011,-0.028536253018812314
-0.12266998076031313,-0.028840534553918655
-0.12247028039802615,-0.029142577036472505
-0.12227058003573918,-0.029442383021230905
-0.1220708796734522,-0.029739955062950876
-0.12187117931116523,-0.030035295716389483
-0.12167147894887825,-0.030328407536303746
-0.12147177858659128,-0.030619293077450711
-0.1212720782243043,-0.030907954894587412
-0.12107237786201733,-0.031194395542470863
-0.12087267749973035,-0.031478617575858139
-0.12067297713744338,-0.031760623549506262
-0.1204732767751564,-0.032040416018172285
-0.12027357641286944,-0.032317997536613199
-0.12007387605058246,-0.032593370659586091
-0.11987417568829549,-0.03286653794184799
-0.11967447532600851,-0.033137501938155914
-0.11947477496372154,-0.033406265203266922
-0.11927507460143456,-0.033672830291938023
-0.11907537423914759,-0.033937199758926291
-0.11887567387686061,-0.034199376158988729
-0.11867597351457364,-0.034459362046882408
-0.11847627315228666,-0.034717159977364333
-0.11827657278999969,-0.034972772505191554
-0.11807687242771271,-0.035226202185121125
-0.11787717206542574,-0.035477451571910068
-0.11767747170313876,-0.035726523220315401
-0.11747777134085179,-0.035973419685094196
-0.11727807097856482,-0.036218143521003457
-0.11707837061627785,-0.03646069728280027
-0.11687867025399087,-0.036701083525241637
-0.1166789698917039,-0.036939304803084591
-0.11647926952941692,-0.037175363671086203
-0.11627956916712995,-0.037409262684003464
-0.11607986880484297,-0.037641004396593437
-0.115880168442556,-0.037870591363613176
-0.11568046808026902,-0.038098026139819691
-0.11548076771798205,-0.038323311279970025
-0.11528106735569507,-0.038546449338821218
-0.1150813669934081,-0.03876744287113032
-0.11488166663112112,-0.038986294431654356
-0.11468196626883415,-0.039203006575150377
-0.11448226590654717,-0.03941758185637538
-0.1142825655442602,-0.039630022830086459
-0.11408286518197322,-0.039840332051040608
-0.11388316481968626,-0.04004851207399486
-0.11368346445739928,-0.040254565453706315
-0.11348376409511231,-0.040458494744931933
-0.11328406373282533,-0.040660302502428816
-0.11308436337053836,-0.040859991280953967
-0.11288466300825138,-0.04105756363526443
-0.11268496264596441,-0.041253022120117208
-0.11248526228367743,-0.041446369290269403
-0.11228556192139046,-0.041637607700478023
-0.11208586155910348,-0.041826739905500107
-0.11188616119681651,-0.042013768460092665
-0.11168646083452953,-0.042198695919012791
-0.11148676047224255,-0.042381524837017466
-0.11128706010995558,-0.042562257768863757
-0.1110873597476686,-0.0427408972693087
-0.11088765938538164,-0.042917445893109314
-0.11068795902309467,-0.043091906195022678
-0.11048825866080769,-0.04326428077199402
-0.11028855829852072,-0.043434573861036246
-0.11008885793623374,-0.043602791829668044
-0.10988915757394677,-0.043768941187793411
-0.10968945721165979,-0.043933028445316352
-0.10948975684937282,-0.044095060112140837
-0.10929005648708584,-0.044255042698170877
-0.10909035612479887,-0.044412982713310491
-0.10889065576251189,-0.044568886667463642
-0.10869095540022491,-0.044722761070534314
-0.10849125503793794,-0.04487461243242654
-0.10829155467565096,-0.04502444726304429
-0.10809185431336399,-0.045172272072291561
-0.10789215395107701,-0.045318093370072338
-0.10769245358879004,-0.045461917666290638
-0.10749275322650308,-0.045603751470850454
-0.1072930528642161,-0.045743601293655747
-0.10709335250192913,-0.045881473644610572
-0.10689365213964215,-0.046017375033618857
-0.10669395177735518,-0.046151311970584662
-0.1064942514150682,-0.046283290965411922
-0.10629455105278122,-0.046413318528004677
-0.10609485069049425,-0.046541401168266869
-0.10589515032820727,-0.046667545396102572
-0.1056954499659203,-0.046791757721415694
-0.10549574960363332,-0.04691404465411031
-0.10529604924134635,-0.047034412704090346
-0.10509634887905937,-0.047152868381259844
-0.1048966485167724,-0.047269418195522772
-0.10469694815448542,-0.047384068656783143
-0.10449724779219846,-0.047496826274944906
-0.10429754742991149,-0.047607697559912149
-0.10409784706762451,-0.047716689021588765
-0.10389814670533754,-0.047823807169878815
-0.10369844634305056,-0.047929058514686276
-0.10349874598076358,-0.048032449565915125
-0.10329904561847661,-0.048133986833469394
-0.10309934525618963,-0.048233676827253019
-0.10289964489390266,-0.04833152605717006
-0.10269994453161568,-0.048427541033124487
-0.10250024416932871,-0.04852172826502027
-0.10230054380704173,-0.04861409426276142
-0.10210084344475476,-0.04870464553625195
-0.10190114308246778,-0.048793388595395837
-0.10170144272018081,-0.048880329950097071
-0.10150174235789383,-0.04896547611025967
-0.10130204199560686,-0.049048833585787599
-0.10110234163331989,-0.049130408886584861
-0.10090264127103292,-0.049210208522555483
-0.10070294090874594,-0.049288239003603393
-0.10050324054645897,-0.049364506839632678
-0.10030354018417199,-0.04943901854054724
-0.10010383982188502,-0.049511780616251153
-0.099904139459598043,-0.049582799576648337
-0.099704439097311068,-0.049652081931642826
-0.099504738735024092,-0.049719634191138617
-0.099305038372737117,-0.049785462865039709
-0.099105338010450142,-0.049849574463250092
-0.098905637648163167,-0.049911975495673735
-0.098705937285876191,-0.049972672472214666
-0.098506236923589216,-0.050031671902776881
-0.098306536561302241,-0.050088980297264322
-0.098106836199015279,-0.050144604165581058
-0.097907135836728304,-0.05019855001763103
-0.097707435474441329,-0.050250824363318257
-0.097507735112154353,-0.050301433712546723
-0.097308034749867378,-0.050350384575220453
-0.097108334387580403,-0.050397683461243389
-0.096908634025293428,-0.050443336880519565
-0.096708933663006452,-0.050487351342952964
-0.096509233300719477,-0.050529733358447571
-0.096309532938432502,-0.050570489436907388
-0.096109832576145526,-0.050609626088236409
-0.095910132213858551,-0.050647149822338658
-0.095710431851571576,-0.050683067149118098
-0.0955107314892846,-0.0507173845784787
-0.095311031126997625,-0.05075010862032453
-0.09511133076471065,-0.05078124578455951
-0.094911630402423675,-0.050810802581087673
-0.094711930040136713,-0.05083878551981301
-0.094512229677849738,-0.050865201110639517
-0.094312529315562763,-0.050890055863471159
-0.094112828953275787,-0.050913356288211982
-0.093913128590988812,-0.050935108894765962
-0.093713428228701837,-0.05095532019303705
-0.093513727866414861,-0.050973996692929298
-0.093314027504127886,-0.050991144904346683
-0.093114327141840911,-0.051006771337193196
-0.092914626779553935,-0.051020882501372815
-0.09271492641726696,-0.05103348490678955
-0.092515226054979985,-0.051044585063347414
-0.09231552569269301,-0.051054189480950397
-0.092115825330406034,-0.051062304669502449
-0.091916124968119059,-0.051068937138907623
-0.091716424605832098,-0.051074093399069861
-0.091516724243545122,-0.051077779959893196
-0.091317023881258147,-0.051080003331281626
-0.091117323518971172,-0.051080770023139134
-0.090917623156684196,-0.051080086545369684
-0.090717922794397221,-0.051077959407877321
-0.090518222432110246,-0.051074395120566024
-0.09031852206982327,-0.051069400193339748
-0.090118821707536295,-0.051062981136102553
-0.08991912134524932,-0.051055144458758389
-0.089719420982962345,-0.051045896671211267
-0.089519720620675369,-0.051035244283365172
-0.089320020258388394,-0.051023193805124101
-0.089120319896101419,-0.051009751746392065
-0.088920619533814443,-0.050994924617073049
-0.088720919171527468,-0.050978718927071023
-0.088521218809240493,-0.050961141186290013
-0.088321518446953531,-0.050942197904634008
-0.088121818084666556,-0.050921895592007008
-0.087922117722379581,-0.050900240758312981
-0.087722417360092605,-0.050877239913455954
-0.08752271699780563,-0.050852899567339897
-0.087323016635518655,-0.050827226229868828
-0.08712331627323168,-0.050800226410946725
-0.086923615910944704,-0.050771906620477585
-0.086723915548657729,-0.050742273368365391
-0.086524215186370754,-0.050711333164514177
-0.086324514824083778,-0.050679092518827885
-0.086124814461796803,-0.050645557941210548
-0.085925114099509828,-0.050610735941566141
-0.085725413737222853,-0.050574633029798678
-0.085525713374935877,-0.050537255715812135
-0.085326013012648916,-0.050498610509510537
-0.085126312650361941,-0.050458703920797834
-0.084926612288074965,-0.050417542459578052
-0.08472691192578799,-0.050375132635755153
-0.084527211563501015,-0.05033148095923317
-0.084327511201214039,-0.050286593939916101
-0.084127810838927064,-0.050240478087707888
-0.083928110476640089,-0.050193139912512605
-0.083728410114353113,-0.050144585924234167
-0.083528709752066138,-0.050094822632776613
-0.083329009389779163,-0.050043856548043927
-0.083129309027492188,-0.049991694179940094
-0.082929608665205212,-0.049938342038369138
-0.082729908302918237,-0.049883806633235037
-0.082530207940631262,-0.049828094474441774
-0.082330507578344286,-0.049771212071893375
-0.082130807216057311,-0.049713165935493783
-0.08193110685377035,-0.049653962575147044
-0.081731406491483374,-0.049593608500757121
-0.081531706129196399,-0.049532110222228046
-0.081332005766909424,-0.049469474249463734
-0.081132305404622448,-0.04940570709236828
-0.080932605042335473,-0.049340815260845619
-0.080732904680048498,-0.04927480526479977
-0.080533204317761523,-0.049207683614134683
-0.080333503955474547,-0.049139456818754423
-0.080133803593187572,-0.049070131388562921
-0.079934103230900597,-0.048999713833464228
-0.079734402868613621,-0.048928210663362261
-0.079534702506326646,-0.048855628388161119
-0.079335002144039671,-0.048781973517764698
-0.079135301781752695,-0.048707252562077072
-0.078935601419465734,-0.048631472031002196
-0.078735901057178759,-0.048554638434444047
-0.078536200694891783,-0.048476758282306638
-0.078336500332604808,-0.048397838084493994
-0.078136799970317833,-0.048317884350910056
-0.077937099608030858,-0.048236903591458852
-0.077737399245743882,-0.048154902316044378
-0.077537698883456907,-0.048071887034570618
-0.077337998521169932,-0.047987864256941556
-0.077138298158882956,-0.047902840493061219
-0.076938597796595981,-0.047816822252833568
-0.076738897434309006,-0.047729816046162617
-0.07653919707202203,-0.047641828382952361
-0.076339496709735055,-0.04755286577310678
-0.07613979634744808,-0.04746293472652989
-0.075940095985161105,-0.047372041753125663
-0.075740395622874129,-0.047280193362798123
-0.075540695260587168,-0.047187396065451227
-0.075340994898300193,-0.047093656370989008
-0.075141294536013217,-0.046998980789315414
-0.074941594173726242,-0.046903375830334507
-0.074741893811439267,-0.046806848003950206
-0.074542193449152291,-0.046709403820066574
-0.074342493086865316,-0.046611049788587544
-0.074142792724578341,-0.046511792419417178
-0.073943092362291366,-0.046411638222459396
-0.07374339200000439,-0.046310593707618253
-0.073543691637717415,-0.046208665384797683
-0.07334399127543044,-0.046105859763901774
-0.073144290913143464,-0.046002183354834428
-0.072944590550856489,-0.045897642667499704
-0.072744890188569514,-0.045792244211801544
-0.072545189826282552,-0.045685994497643989
-0.072345489463995577,-0.045578900034931001
-0.072145789101708602,-0.045470967333566599
-0.071946088739421626,-0.045362202903454746
-0.071746388377134651,-0.04525261325449946
-0.071546688014847676,-0.045142204896604754
-0.071346987652560701,-0.045030984339674597
-0.071147287290273725,-0.044918958093612973
-0.07094758692798675,-0.044806132668323902
-0.070747886565699775,-0.044692514573711352
-0.070548186203412799,-0.044578110319679343
-0.070348485841125824,-0.044462926416131865
-0.070148785478838849,-0.044346969372972916
-0.069949085116551873,-0.044230245700106467
-0.069749384754264898,-0.044112761907436529
-0.069549684391977923,-0.043994524504867107
-0.069349984029690948,-0.043875540002302177
-0.069150283667403986,-0.043755814909645752
-0.068950583305117011,-0.043635355736801808
-0.068750882942830036,-0.043514168993674343
-0.06855118258054306,-0.043392261190167376
-0.068351482218256085,-0.043269638836184871
-0.06815178185596911,-0.043146308441630837
-0.067952081493682134,-0.043022276516409261
-0.067752381131395159,-0.042897549570424146
-0.067552680769108184,-0.042772134113579482
-0.067352980406821222,-0.042646036655779269
-0.067153280044534247,-0.042519263706927504
-0.066953579682247272,-0.042391821776928178
-0.066753879319960296,-0.042263717375685274
-0.066554178957673321,-0.04213495701310279
-0.066354478595386346,-0.042005547199084739
-0.066154778233099371,-0.041875494443535097
-0.065955077870812395,-0.041744805256357868
-0.06575537750852542,-0.041613486147457052
-0.065555677146238445,-0.041481543626736617
-0.065355976783951469,-0.041348984204100596
-0.065156276421664494,-0.041215814389452952
-0.064956576059377519,-0.041082040692697691
-0.064756875697090543,-0.040947669623738817
-0.064557175334803568,-0.040812707692480313
-0.064357474972516593,-0.040677161408826185
-0.064157774610229618,-0.040541037282680409
-0.063958074247942642,-0.04040434182394699
-0.063758373885655667,-0.040267081542529934
-0.063558673523368692,-0.040129262948333223
-0.063358973161081716,-0.039990892551260857
-0.063159272798794741,-0.039851976861216803
-0.062959572436507766,-0.039712522388105118
-0.062759872074220791,-0.039572535641829734
-0.062560171711933815,-0.039432023132294679
-0.06236047134964684,-0.039290991369403935
-0.062160770987359865,-0.039149446863061516
-0.061961070625072889,-0.039007396123171383
-0.061761370262785914,-0.038864845659637562
-0.061561669900498939,-0.038721801982364024
-0.061361969538211963,-0.038578271601254786
-0.061162269175925016,-0.038434261026213841
-0.060962568813638041,-0.038289776767145171
-0.060762868451351065,-0.038144825333952768
-0.06056316808906409,-0.03799941323654063
-0.060363467726777115,-0.037853546984812761
-0.060163767364490139,-0.037707233088673138
-0.059964067002203164,-0.037560478058025773
-0.059764366639916189,-0.03741328840277465
-0.059564666277629214,-0.03726567063282378
-0.059364965915342238,-0.037117631258077141
-0.059165265553055263,-0.03696917678843873
-0.058965565190768288,-0.036820313733812553
-0.058765864828481312,-0.036671048604102578
-0.058566164466194337,-0.036521387909212846
-0.058366464103907362,-0.03637133815904732
-0.058166763741620386,-0.036220905863509976
-0.057967063379333411,-0.036070097532504848
-0.057767363017046436,-0.035918919675935905
-0.057567662654759461,-0.035767378803707173
-0.057367962292472485,-0.0356154814257226
-0.05716826193018551,-0.035463234051886221
-0.056968561567898535,-0.035310643192102004
-0.056768861205611559,-0.035157715356273961
-0.056569160843324584,-0.035004457054306069
-0.056369460481037609,-0.034850874796102362
-0.056169760118750633,-0.03469697509156678
-0.055970059756463658,-0.034542764450603364
-0.055770359394176683,-0.034388249383116076
-0.055570659031889708,-0.034233436399008929
-0.055370958669602732,-0.03407833200818592
-0.055171258307315757,-0.033922942720551033
-0.054971557945028809,-0.033767275046008266
-0.054771857582741834,-0.033611335494461624
-0.054572157220454859,-0.033455130575815076
-0.054372456858167884,-0.033298666799972634
-0.054172756495880908,-0.033141950676838297
-0.053973056133593933,-0.032984988716316055
-0.053773355771306958,-0.032827787428309892
-0.053573655409019982,-0.032670353322723826
-0.053373955046733007,-0.032512692909461821
-0.053174254684446032,-0.032354812698427896
-0.052974554322159056,-0.032196719199526047
-0.052774853959872081,-0.032038418922660246
-0.052575153597585106,-0.031879918377734517
-0.052375453235298131,-0.031721224074652832
-0.052175752873011155,-0.031562342523319201
-0.05197605251072418,-0.031403280233637608
-0.051776352148437205,-0.031244043715512041
-0.051576651786150229,-0.031084639478846508
-0.051376951423863254,-0.030925074033545004
-0.051177251061576279,-0.030765353889511522
-0.050977550699289303,-0.030605485556650054
-0.050777850337002328,-0.030445475544864591
-0.050578149974715353,-0.030285330364059147
-0.050378449612428378,-0.030125056524137689
-0.050178749250141402,-0.029964660535004226
-0.049979048887854427,-0.029804148906562758
-0.049779348525567452,-0.02964352814871727
-0.049579648163280476,-0.029482804771371759
-0.049379947800993501,-0.029321985284430228
-0.049180247438706526,-0.029161076197796648
-0.048980547076419551,-0.02900008402137504
-0.048780846714132575,-0.028839015265069389
-0.0485811463518456,-0.028677876438783684
-0.048381445989558652,-0.028516674052421961
-0.048181745627271677,-0.028355414615888145
-0.047982045264984702,-0.028194104639086275
-0.047782344902697726,-0.028032750631920327
-0.047582644540410751,-0.027871359104294311
-0.047382944178123776,-0.02770993656611221
-0.047183243815836801,-0.027548489527278019
-0.046983543453549825,-0.027387024497695752
-0.04678384309126285,-0.027225547987269373
-0.046584142728975875,-0.027064066505902904
-0.046384442366688899,-0.026902586563500318
-0.046184742004401924,-0.026741114669965625
-0.045985041642114949,-0.02657965733520282
-0.045785341279827974,-0.026418221069115885
-0.045585640917540998,-0.026256812381608825
-0.045385940555254023,-0.026095437782585648
-0.045186240192967048,-0.02593410378195032
-0.044986539830680072,-0.025772816889606847
-0.044786839468393097,-0.025611583615459229
-0.044587139106106122,-0.025450410469411457
-0.044387438743819146,-0.025289303961367516
-0.044187738381532171,-0.02512827060123142
-0.043988038019245196,-0.024967316898907157
-0.043788337656958221,-0.024806449364298714
-0.043588637294671245,-0.024645674507310096
-0.04338893693238427,-0.024484998837845287
-0.043189236570097295,-0.024324428865808292
-0.042989536207810319,-0.024163971101103091
-0.042789835845523344,-0.024003632053633699
-0.042590135483236369,-0.0238434182333041
-0.042390435120949393,-0.023683336150018282
-0.042190734758662446,-0.023523392313680277
-0.041991034396375471,-0.023363593234194024
-0.041791334034088495,-0.023203945421463541
-0.04159163367180152,-0.023044455385392827
-0.041391933309514545,-0.022885129635885876
-0.041192232947227569,-0.022725974682846681
-0.040992532584940594,-0.022566997036179239
-0.040792832222653619,-0.022408203205787541
-0.040593131860366644,-0.022249599701575577
-0.040393431498079668,-0.022091193033447358
-0.040193731135792693,-0.021932989711306868
-0.039994030773505718,-0.021774996245058104
-0.039794330411218742,-0.02161721914460505
-0.039594630048931767,-0.021459664919851719
-0.039394929686644792,-0.021302340080702097
-0.039195229324357816,-0.021145251137060176
-0.038995528962070841,-0.020988404598829946
-0.038795828599783866,-0.020831806975915423
-0.038596128237496891,-0.020675464778220586
-0.038396427875209915,-0.020519384515649424
-0.03819672751292294,-0.020363572698105941
-0.037997027150635965,-0.020208035835494131
-0.037797326788348989,-0.020052780437717993
-0.037597626426062014,-0.019897813014681513
-0.037397926063775039,-0.019743140076288686
-0.037198225701488064,-0.019588768132443517
-0.036998525339201088,-0.019434703693049993
-0.036798824976914113,-0.019280953268012102
-0.036599124614627138,-0.019127523367233851
-0.036399424252340162,-0.018974420500619229
-0.036199723890053187,-0.018821651178072236
-0.036000023527766212,-0.018669221909496856
-0.035800323165479236,-0.018517139204797091
-0.035600622803192289,-0.018365409573876956
-0.035400922440905314,-0.018214039526640406
-0.035201222078618338,-0.018063035572991454
-0.035001521716331363,-0.017912404222834091
-0.034801821354044388,-0.017762151986072328
-0.034602120991757412,-0.017612285372610139
-0.034402420629470437,-0.017462810892351525
-0.034202720267183462,-0.017313735055200473
-0.034003019904896487,-0.017165064371061006
-0.033803319542609511,-0.017016805349837096
-0.033603619180322536,-0.016868964501432732
-0.033403918818035561,-0.016721548335751929
-0.033204218455748585,-0.01657456336269867
-0.03300451809346161,-0.016428016092176947
-0.032804817731174635,-0.016281913034090763
-0.032605117368887659,-0.016136260698344111
-0.032405417006600684,-0.015991065594840977
-0.032205716644313709,-0.015846334233485367
-0.032006016282026734,-0.01570207312418127
-0.031806315919739758,-0.015558288776832681
-0.031606615557452783,-0.015414987701343594
-0.031406915195165808,-0.015272176407618005
-0.031207214832878832,-0.015129861405559913
-0.031007514470591857,-0.014988049205073302
-0.030807814108304882,-0.014846746316062177
-0.030608113746017906,-0.014705959248430527
-0.030408413383730931,-0.014565694512082349
-0.030208713021443956,-0.014425958616921641
-0.030009012659156981,-0.014286758072852393
-0.029809312296870005,-0.014148099389778597
-0.02960961193458303,-0.01400998907760426
-0.029409911572296082,-0.013872433646233379
-0.029210211210009107,-0.013735439605569924
-0.029010510847722132,-0.013599013465517899
-0.028810810485435157,-0.013463161735981303
-0.028611110123148181,-0.013327890237286831
-0.028411409760861206,-0.013193199693353901
-0.028211709398574231,-0.013059088543877119
-0.028012009036287255,-0.012925555217776446
-0.02781230867400028,-0.012792598143971833
-0.027612608311713305,-0.012660215751383243
-0.027412907949426329,-0.012528406468930636
-0.027213207587139354,-0.012397168725533965
-0.027013507224852379,-0.012266500950113194
-0.026813806862565404,-0.01213640157158828
-0.026614106500278428,-0.012006869018879172
-0.026414406137991453,-0.011877901720905838
-0.026214705775704478,-0.011749498106588241
-0.026015005413417502,-0.01162165660484632
-0.025815305051130527,-0.011494375644600052
-0.025615604688843552,-0.01136765365476939
-0.025415904326556576,-0.011241489064274282
-0.025216203964269601,-0.011115880302034701
-0.025016503601982626,-0.010990825796970598
-0.024816803239695651,-0.010866323978001932
-0.024617102877408675,-0.010742373274048658
-0.0244174025151217,-0.010618972114030742
-0.024217702152834725,-0.010496118926868133
-0.024018001790547749,-0.010373812141480799
-0.023818301428260774,-0.010252050186788686
-0.023618601065973799,-0.010130831491711761
-0.023418900703686824,-0.010010154485169984
-0.023219200341399848,-0.0098900175960833052
-0.023019499979112873,-0.0097704192533716889
-0.022819799616825925,-0.0096513578859551072
-0.02262009925453895,-0.009532831922753485
-0.022420398892251975,-0.0094148397926867976
-0.022220698529965,-0.0092973799246750047
-0.022020998167678024,-0.0091804507476380623
-0.021821297805391049,-0.0090640506904959318
-0.021621597443104074,-0.0089481781821685678
-0.021421897080817098,-0.008832831651575928
-0.021222196718530123,-0.0087180095276379738
-0.021022496356243148,-0.0086037102392746596
-0.020822795993956172,-0.0084899322154059469
-0.020623095631669197,-0.0083766738849517935
-0.020423395269382222,-0.0082639336768321556
-0.020223694907095247,-0.0081517100199669946
-0.020023994544808271,-0.0080400013432762665
-0.019824294182521296,-0.0079288060756799277
-0.019624593820234321,-0.007818122646097941
-0.019424893457947345,-0.0077079494834502594
-0.01922519309566037,-0.0075982850166568432
-0.019025492733373395,-0.0074891276746376556
-0.018825792371086419,-0.0073804758863126466
-0.018626092008799444,-0.0072723280806017768
-0.018426391646512469,-0.0071646826864250057
-0.018226691284225494,-0.007057538132702294
-0.018026990921938518,-0.0069508928483535959
-0.017827290559651543,-0.0068447452622988712
-0.017627590197364568,-0.0067390938034580768
-0.017427889835077592,-0.0066339369007511716
-0.017228189472790617,-0.0065292729830981142
-0.017028489110503642,-0.0064251004794188653
-0.016828788748216666,-0.0063214178186333757
-0.016629088385929719,-0.0062182234296616267
-0.016429388023642744,-0.0061155157414235417
-0.016229687661355768,-0.006013293182839094
-0.016029987299068793,-0.0059115541828282424
-0.015830286936781818,-0.0058102971703109492
-0.015630586574494842,-0.0057095205742071697
-0.015430886212207867,-0.0056092228234368574
-0.015231185849920892,-0.0055094023469199746
-0.015031485487633917,-0.0054100575735764808
-0.014831785125346941,-0.0053111869323263349
-0.014632084763059966,-0.0052127888520894904
-0.014432384400772991,-0.005114861761785907
-0.014232684038486015,-0.0050174040903355425
-0.01403298367619904,-0.0049204142666583609
-0.013833283313912065,-0.004823890719674314
-0.013633582951625089,-0.0047278318783033589
-0.013433882589338114,-0.0046322361714654613
-0.013234182227051139,-0.0045371020280805729
-0.013034481864764164,-0.0044424278770686543
-0.012834781502477188,-0.0043482121473496635
-0.012635081140190213,-0.0042544532678435564
-0.012435380777903238,-0.0041611496674702937
-0.012235680415616262,-0.004068299775149835
-0.012035980053329287,-0.0039759020198021347
-0.011836279691042312,-0.0038839548303471541
-0.011636579328755337,-0.0037924566357048486
-0.011436878966468361,-0.0037014058647951791
-0.011237178604181386,-0.0036108009465381005
-0.011037478241894411,-0.0035206403098535744
-0.010837777879607435,-0.0034309223836615573
-0.01063807751732046,-0.0033416455968820064
-0.010438377155033485,-0.0032528083784348835
-0.010238676792746509,-0.0031644091572401423
-0.010038976430459562,-0.0030764463622177576
-0.0098392760681725866,-0.0029889184222876572
-0.0096395757058856113,-0.0029018237663698174
-0.009439875343598636,-0.0028151608233841939
-0.0092401749813116607,-0.002728928022250744
-0.0090404746190246854,-0.0026431237918894289
-0.0088407742567377101,-0.0025577465612202032
-0.0086410738944507348,-0.0024727947591630288
-0.0084413735321637595,-0.0023882668146378585
-0.0082416731698767842,-0.0023041611565646561
-0.0080419728075898089,-0.0022204762138633765
-0.0078422724453028336,-0.002137210415453979
-0.0076425720830158583,-0.0020543621902564223
-0.007442871720728883,-0.0019719299671906625
-0.0072431713584419077,-0.00188991217517666
-0.0070434709961549324,-0.0018083072431343725
-0.0068437706338679571,-0.0017271135999837558
-0.0066440702715809818,-0.0016463296746447706
-0.0064443699092940065,-0.0015659538960373764
-0.0062446695470070313,-0.0014859846930815263
-0.006044969184720056,-0.0014064204946971854
-0.0058452688224330807,-0.0013272597298043072
-0.0056455684601461054,-0.0012485008273228483
-0.0054458680978591301,-0.001170142216172771
-0.0052461677355721548,-0.0010921823252740316
-0.0050464673732851795,-0.0010146195835465902
-0.0048467670109982042,-0.00093745241991040318
-0.0046470666487112289,-0.00086067926328542779
-0.0044473662864242536,-0.00078429854259162149
-0.0042476659241372783,-0.00070830868674894801
-0.004047965561850303,-0.00063270812467735834
-0.0038482651995633554,-0.00055749528529682748
-0.0036485648372763801,-0.0004826685975272871
-0.0034488644749894048,-0.00040822649028871049
-0.0032491641127024296,-0.00033416739250105186
-0.0030494637504154543,-0.00026048973308427366
-0.002849763388128479,-0.0001871919409583301
-0.0026500630258415037,-0.00011427244504318124
-0.0024503626635545284,-4.1729674258786289e-05
-0.0022506623012675531,3.0437942474898817e-05
-0.0020509619389805778,0.00010223197623791596
-0.0018512615766936025,0.00017365399811030465
-0.0016515612144066272,0.00024470557917210937
-0.0014518608521196519,0.00031538829050336854
-0.0012521604898326766,0.00038570370318412794
-0.0010524601275457013,0.00045565338829442557
-0.00085275976525872599,0.00052523891691430547
-0.00065305940297175069,0.00059446186012380867
-0.00045335904068477539,0.00066332378900298139
-0.0002536586783978001,0.00073182627463185619
-5.39583161108248e-05,0.00079997088809048407
0.0001457420461761505,0.00086775920045889976
0.00034544240846312579,0.00093519278281715143
0.00054514277075010109,0.0010022732062452753
0.00074484313303707639,0.0010690020418233175
0.00094454349532405169,0.0011353808606313169
0.001144243857611027,0.0012014112337493173
0.0013439442198980023,0.0012670947322573596
0.0015436445821849776,0.0013324329272354858
0.0017433449444719529,0.0013974273897637366
0.0019430453067589282,0.0014620796909221557
0.0021427456690459035,0.0015263914017907825
0.0023424460313328788,0.0015903640934496629
0.0025421463936198541,0.0016539993369788352
0.0027418467559068016,0.0017172987034583336
0.0029415471181937769,0.0017802637639682181
0.0031412474804807522,0.0018428960895885188
0.0033409478427677275,0.0019051972513992803
0.0035406482050547028,0.001967168820480546
0.0037403485673416781,0.002028812367912353
0.0039400489296286534,0.0020901294647747478
0.0041397492919156287,0.0021511216821477699
0.004339449654202604,0.0022117905911114588
0.0045391500164895793,0.0022721377627458617
0.0047388503787765546,0.0023321647681310157
0.0049385507410635299,0.0023918731783469658
0.0051382511033505052,0.0024512645644737523
0.0053379514656374805,0.0025103404975914175
0.0055376518279244558,0.0025691025487800034
0.0057373521902114311,0.0026275522891195504
0.0059370525524984064,0.0026856912896900996
0.0061367529147853817,0.0027435211215716964
0.0063364532770723569,0.0028010433558443822
0.0065361536393593322,0.0028582595635881954
0.0067358540016463075,0.0029151713158831801
0.0069355543639332828,0.0029717801838093786
0.0071352547262202581,0.0030280877384468319
0.0073349550885072334,0.0030840955508755811
0.0075346554507942087,0.0031398051921756693
0.007734355813081184,0.0031952182334271384
0.0079340561753681593,0.0032503362457100286
0.0081337565376551346,0.0033051608001043844
0.0083334568999421099,0.0033596934676902437
0.0085331572622290852,0.0034139358195476519
0.0087328576245160605,0.0034678894267566492
0.0089325579868030081,0.0035215558603972708
0.0091322583490899834,0.0035749366915495719
0.0093319587113769586,0.0036280334912935893
0.0095316590736639339,0.0036808478307093634
0.0097313594359509092,0.003733381280876935
0.0099310597982378845,0.0037856354128763476
0.01013076016052486,0.0038376117977876431
0.010330460522811835,0.0038893120066908621
0.01053016088509881,0.003940737610666047
0.010729861247385786,0.0039918901807932377
0.010929561609672761,0.0040427712881524799
0.011129261971959736,0.0040933825038238147
0.011328962334246712,0.0041437253988872817
0.011528662696533687,0.0041938015444229221
0.011728363058820662,0.0042436125115107798
0.011928063421107638,0.0042931598712308968
0.012127763783394613,0.0043424451946633144
0.012327464145681588,0.0043914700528880739
0.012527164507968563,0.004440236016985219
0.012726864870255539,0.0044887446580347875
0.012926565232542514,0.004536997547116825
0.013126265594829489,0.0045849962553113728
0.013325965957116465,0.0046327423536984694
0.01352566631940344,0.0046802374133581614
0.013725366681690415,0.0047274830053704881
0.01392506704397739,0.0047744807008154901
0.014124767406264366,0.0048212320707732136
0.014324467768551341,0.0048677386863236957
0.014524168130838316,0.0049140021185469802
0.014723868493125292,0.00496002393852311
0.014923568855412267,0.0050058057173321246
0.015123269217699242,0.0050513490260540687
0.015322969579986218,0.0050966554357689802
0.015522669942273165,0.0051417265175568994
0.01572237030456014,0.0051865638424978752
0.015922070666847116,0.0052311689816719482
0.016121771029134091,0.0052755435061591568
0.016321471391421066,0.005319688987039546
0.016521171753708042,0.0053636069953931532
0.016720872115995017,0.0054072991023000252
0.016920572478281992,0.0054507668788402004
0.017120272840568967,0.0054940118960937218
0.017319973202855943,0.0055370357251406307
0.017519673565142918,0.0055798399370609684
0.017719373927429893,0.0056224261029347794
0.017919074289716869,0.0056647957938421025
0.018118774652003844,0.0057069505808629815
0.018318475014290819,0.0057488920350774568
0.018518175376577795,0.0057906217275655713
0.01871787573886477,0.0058321412294073671
0.018917576101151745,0.0058734521116828838
0.01911727646343872,0.0059145559454721651
0.019316976825725696,0.0059554543018552532
0.019516677188012671,0.0059961487519121894
0.019716377550299646,0.0060366408667230156
0.019916077912586622,0.0060769322173677715
0.020115778274873597,0.0061170243749265043
0.020315478637160572,0.0061569189104792501
0.020515178999447548,0.0061966173951060509
0.020714879361734523,0.0062361213998869524
0.020914579724021498,0.0062754324959019949
0.021114280086308473,0.0063145522542312205
0.021313980448595449,0.0063534822459546704
0.021513680810882424,0.0063922240421523859
0.021713381173169372,0.0064307792139044039
0.021913081535456347,0.0064691493322907761
0.022112781897743322,0.0065073359683915409
0.022312482260030297,0.0065453406932867381
0.022512182622317273,0.0065831650780564131
0.022711882984604248,0.0066208106937806037
0.022911583346891223,0.0066582791115393529
0.023111283709178199,0.0066955719024127027
0.023310984071465174,0.0067326906374806945
0.023510684433752149,0.0067696368878233729
0.023710384796039125,0.0068064122245207765
0.0239100851583261,0.0068430182186529475
0.024109785520613075,0.006879456441299928
0.02430948588290005,0.0069157284635417635
0.024509186245187026,0.0069518358564584874
0.024708886607474001,0.0069877801911301498
0.024908586969760976,0.0070235630386367882
0.025108287332047952,0.0070591859700584467
0.025307987694334927,0.0070946505564751638
0.025507688056621902,0.0071299583689669859
0.025707388418908877,0.0071651109786139509
0.025907088781195853,0.0072001099564961034
0.026106789143482828,0.0072349568736934829
0.026306489505769803,0.0072696533012861341
0.026506189868056779,0.007304200810354094
0.026705890230343754,0.007338600971977409
0.026905590592630729,0.007372855357236122
0.027105290954917705,0.0074069655372102682
0.02730499131720468,0.0074409330829798958
0.027504691679491655,0.0074747595656250426
0.02770439204177863,0.0075084465562257532
0.027904092404065606,0.0075419956258620698
0.028103792766352581,0.0075754083456140309
0.028303493128639529,0.0076086862865616745
0.028503193490926504,0.0076418310197850538
0.028702893853213479,0.0076748441163642057
0.028902594215500454,0.0077077271473791689
0.02910229457778743,0.007740481683909989
0.029301994940074405,0.0077731092970367071
0.02950169530236138,0.0078056115578393637
0.029701395664648356,0.0078379900373980009
0.029901096026935331,0.0078702463067926616
0.030100796389222306,0.0079023819371033862
0.030300496751509282,0.0079343984994102168
0.030500197113796257,0.0079662975647931955
0.030699897476083232,0.0079980807043323644
0.030899597838370207,0.0080297494891077674
0.031099298200657183,0.0080613054901994413
0.031298998562944158,0.00809275027868743
0.031498698925231133,0.0081240854256517791
0.031698399287518109,0.0081553125021725254
0.031898099649805084,0.0081864330793297128
0.032097800012092059,0.0082174487282033835
0.032297500374379035,0.0082483610198735794
0.03249720073666601,0.008279171525420341
0.032696901098952985,0.0083098818159237087
0.03289660146123996,0.0083404934624637297
0.033096301823526936,0.0083710080361204427
0.033296002185813911,0.008401427107973888
0.033495702548100886,0.0084317522491041096
0.033695402910387862,0.0084619850305911459
0.033895103272674837,0.0084921270235150427
0.034094803634961812,0.008522179798955842
0.034294503997248788,0.0085521449279935859
0.034494204359535735,0.0085820239817083078
0.03469390472182271,0.0086118185311800603
0.034893605084109686,0.0086415301474888819
0.035093305446396661,0.0086711604017148114
0.035293005808683636,0.008700710864937896
0.035492706170970612,0.0087301831082381726
0.035692406533257587,0.0087595787026956851
0.035892106895544562,0.0087888992193904739
0.036091807257831537,0.0088181462294025827
0.036291507620118513,0.0088473213038120536
0.036491207982405488,0.0088764260136989272
0.036690908344692463,0.0089054619301432453
0.036890608706979439,0.0089344306242250485
0.037090309069266414,0.0089633336670243823
0.037290009431553389,0.0089921726296212853
0.037489709793840365,0.0090209490830957997
0.03768941015612734,0.0090496645985279692
0.037889110518414315,0.0090783207469978325
0.03808881088070129,0.0091069190995854352
0.038288511242988266,0.0091354612273708159
0.038488211605275241,0.0091639487014340184
0.038687911967562216,0.0091923830928550849
0.038887612329849192,0.009220765972714054
0.039087312692136167,0.0092490989120909695
0.039287013054423142,0.009277383482065877
0.039486713416710117,0.0093056212537188099
0.039686413778997093,0.0093338137981298173
0.039886114141284068,0.0093619626863789412
0.040085814503571043,0.009390069489546217
0.040285514865858019,0.0094181357787116917
0.040485215228144994,0.0094461631249554059
0.040684915590431969,0.0094741530993574033
0.040884615952718945,0.0095021072729977209
0.041084316315005892,0.0095300272169564007
0.041284016677292867,0.0095579145023134884
0.041483717039579843,0.009585770700149026
0.041683417401866818,0.0096135973815430556
0.041883117764153793,0.0096413961175756159
0.042082818126440769,0.0096691684793267507
0.042282518488727744,0.0096969160378765004
0.042482218851014719,0.0097246403643049088
0.042681919213301694,0.0097523430296920163
0.04288161957558867,0.009780025605117865
0.043081319937875645,0.009807689661662497
0.04328102030016262,0.0098353367704059561
0.043480720662449596,0.0098629685024282775
0.043680421024736571,0.0098905864288095086
0.043880121387023546,0.009918192120629693
0.044079821749310522,0.0099457871489688661
0.044279522111597497,0.0099733730849070733
0.044479222473884472,0.010000951499524359
0.044678922836171447,0.010028523963900761
0.044878623198458423,0.010056092049116323
0.045078323560745398,0.010083657326251085
0.045278023923032373,0.010111221366385093
0.045477724285319349,0.010138785740598382
0.045677424647606324,0.010166352019971001
0.045877125009893299,0.010193921775582985
0.046076825372180275,0.010221496578514384
0.04627652573446725,0.010249077999845231
0.046476226096754225,0.010276667610655574
0.0466759264590412,0.010304266982025452
0.046875626821328176,0.01033187768503491
0.047075327183615151,0.010359501290763986
0.047275027545902099,0.010387139370292718
0.047474727908189074,0.010414793494701161
0.047674428270476049,0.010442465235069344
0.047874128632763024,0.010470156162477319
0.04807382899505,0.010497867848005119
0.048273529357336975,0.01052560186273279
0.04847322971962395,0.010553359777740376
0.048672930081910926,0.010581143164107912
0.048872630444197901,0.010608953592915447
0.049072330806484876,0.010636792635243017
0.049272031168771852,0.010664661862170671
0.049471731531058827,0.010692562844778444
0.049671431893345802,0.010720497154146379
0.049871132255632777,0.010748466361354517
0.050070832617919753,0.010776472037482908
0.050270532980206728,0.010804515753611584
0.050470233342493703,0.01083259908082059
0.050669933704780679,0.010860723590189972
0.050869634067067654,0.010888890852799767
0.051069334429354629,0.010917102439730013
0.051269034791641604,0.010945359922060761
0.05146873515392858,0.010973664870872049
0.051668435516215555,0.011002018857243917
0.05186813587850253,0.01103042345225641
0.052067836240789506,0.011058880226989566
0.052267536603076481,0.011087390752523432
0.052467236965363456,0.011115956599938047
0.052666937327650432,0.011144579340313446
0.052866637689937407,0.011173260544729684
0.053066338052224382,0.011202001780211482
0.053266038414511357,0.011230803754057984
0.053465738776798333,0.011259665255406962
0.053665439139085308,0.011288584813856393
0.053865139501372256,0.011317560959004247
0.054064839863659231,0.011346592220448506
0.054264540225946206,0.011375677127787143
0.054464240588233181,0.01140481421061813
0.054663940950520157,0.011434001998539445
0.054863641312807132,0.011463239021149058
0.055063341675094107,0.011492523808044951
0.055263042037381083,0.011521854888825095
0.055462742399668058,0.011551230793087468
0.055662442761955033,0.011580650050430035
0.055862143124242009,0.011610111190450783
0.056061843486528984,0.01163961274274768
0.056261543848815959,0.011669153236918701
0.056461244211102934,0.011698731202561825
0.05666094457338991,0.011728345169275022
0.056860644935676885,0.011757993666656271
0.05706034529796386,0.011787675224303542
0.057260045660250836,0.011817388371814811
0.057459746022537811,0.011847131638788058
0.057659446384824758,0.011876903554821251
0.057859146747111762,0.011906702649512373
0.058058847109398709,0.011936527452459388
0.058258547471685712,0.011966376493260284
0.05845824783397266,0.011996248301513027
0.058657948196259663,0.012026141406815592
0.05885764855854661,0.012056054338765953
0.059057348920833613,0.012085985626962097
0.059257049283120561,0.012115933801001975
0.059456749645407564,0.012145897390483586
0.059656450007694511,0.012175874925004887
0.059856150369981515,0.012205864934163872
0.060055850732268462,0.012235865947558494
0.060255551094555465,0.012265876494786743
0.060455251456842413,0.012295895105446587
0.060654951819129416,0.012325920309136011
0.060854652181416363,0.012355950635452971
0.061054352543703366,0.012385984613995458
0.061254052905990314,0.012416020774361439
0.061453753268277317,0.012446057646148895
0.061653453630564264,0.012476093758955795
0.061853153992851267,0.012506127642380117
0.062052854355138215,0.012536157826019833
0.062252554717425218,0.012566182839472924
0.062452255079712166,0.012596201212337356
0.062651955441999169,0.012626211474211115
0.062851655804286116,0.012656212154692162
0.063051356166573119,0.012686201783378485
0.063251056528860067,0.012716178889868045
0.063450756891147014,0.012746142003758829
0.063650457253434017,0.012776089654648812
0.063850157615720965,0.012806020372135959
0.064049857978007968,0.012835932685818254
0.064249558340294916,0.012865825125293667
0.064449258702581919,0.01289569622016018
0.064648959064868866,0.012925544500015753
0.064848659427155869,0.012955368494458379
0.065048359789442817,0.012985166733086015
0.06524806015172982,0.013014937745496651
0.065447760514016767,0.013044680061288248
0.06564746087630377,0.013074392210058797
0.065847161238590718,0.013104072721406256
0.066046861600877721,0.013133720124928614
0.066246561963164668,0.013163332950223837
0.066446262325451672,0.013192909726889905
0.066645962687738619,0.013222448984524789
0.066845663050025622,0.013251949252726469
0.06704536341231257,0.013281409061092909
0.067245063774599573,0.013310826939222101
0.06744476413688652,0.013340201416711996
0.067644464499173523,0.013369531023160595
0.067844164861460471,0.013398814288165853
0.068043865223747474,0.013428049741325759
0.068243565586034421,0.013457235912238276
0.068443265948321425,0.013486371330501387
0.068642966310608372,0.01351545452571306
0.068842666672895375,0.013544484027471281
0.069042367035182323,0.013573458365374012
0.069242067397469326,0.013602376069019238
0.069441767759756273,0.013631235668004921
0.069641468122043276,0.013660035691929057
0.069841168484330224,0.013688774670389597
0.070040868846617171,0.013717451132984526
0.070240569208904174,0.013746063609311826
0.070440269571191122,0.013774610628969461
0.070639969933478125,0.01380309072155542
0.070839670295765073,0.013831502416667656
0.071039370658052076,0.013859844243904167
0.071239071020339023,0.013888114732862913
0.071438771382626026,0.013916312413141875
0.071638471744912974,0.013944435814339018
0.071838172107199977,0.013972483466052336
0.072037872469486924,0.01400045389787978
0.072237572831773927,0.014028345639419345
0.072437273194060875,0.014056157220268994
0.072636973556347878,0.014083887170026715
0.072836673918634826,0.014111534018290463
0.073036374280921829,0.014139096294658229
0.073236074643208776,0.014166572528727979
0.073435775005495779,0.014193961250097701
0.073635475367782727,0.014221260988365349
0.07383517573006973,0.014248470273128916
0.074034876092356677,0.014275587633986363
0.07423457645464368,0.01430261160053568
0.074434276816930628,0.01432954070237483
0.074633977179217631,0.014356373469101787
0.074833677541504579,0.014383108430314533
0.075033377903791582,0.014409744115611047
0.075233078266078529,0.014436279054589288
0.075432778628365532,0.014462711776847246
0.07563247899065248,0.014489040811982882
0.075832179352939483,0.014515264689594191
0.07603187971522643,0.014541381939279124
0.076231580077513378,0.014567391090635668
0.076431280439800381,0.014593290673261804
0.076630980802087328,0.014619079216755494
0.076830681164374331,0.014644755250714722
0.077030381526661279,0.014670317304737456
0.077230081888948282,0.014695763908421682
0.07742978225123523,0.014721093591365361
0.077629482613522233,0.014746304883166474
0.07782918297580918,0.014771396313422998
0.078028883338096183,0.014796366411732912
0.078228583700383131,0.01482121370769417
0.078428284062670134,0.014845936730904782
0.078627984424957081,0.014870534010962683
0.078827684787244084,0.014895004077465877
0.079027385149531032,0.014919345460012324
0.079227085511818035,0.014943556688200011
0.079426785874104983,0.014967636291626901
0.079626486236391986,0.014991582799890978
0.079826186598678933,0.015015394742590206
0.080025886960965936,0.015039070649322573
0.080225587323252884,0.015062609049686043
0.080425287685539887,0.015086008473278598
0.080624988047826834,0.015109267449698207
0.080824688410113837,0.015132384508542849
0.081024388772400785,0.015155358179410492
0.081224089134687788,0.015178186991899127
0.081423789496974736,0.015200869475606709
0.081623489859261739,0.015223404160131231
0.081823190221548686,0.015245789575070645
0.082022890583835689,0.015268024250022959
0.082222590946122637,0.015290106714586114
0.082422291308409584,0.015312035498358103
0.082621991670696587,0.015333809130936904
0.082821692032983535,0.015355426141920476
0.083021392395270538,0.015376885060906809
0.083221092757557485,0.015398184417493868
0.083420793119844489,0.015419322741279634
0.083620493482131436,0.015440298561862081
0.083820193844418439,0.015461110408839183
0.084019894206705387,0.015481756811808908
0.08421959456899239,0.015502236300369249
0.084419294931279337,0.015522547404118155
0.08461899529356634,0.015542688652653628
0.084818695655853288,0.01556265857557362
0.085018396018140291,0.015582455702476121
0.085218096380427238,0.015602078562959096
0.085417796742714241,0.015621525686620528
0.085617497105001189,0.015640795603058383
0.085817197467288192,0.015659886841870647
0.08601689782957514,0.015678797932655288
0.086216598191862143,0.015697527405010282
0.08641629855414909,0.015716073788533597
0.086615998916436093,0.015734435612823224
0.086815699278723041,0.015752611407477121
0.087015399641010044,0.015770599702093276
0.087215100003296991,0.015788399026269655
0.087414800365583994,0.015806007909604236
0.087614500727870942,0.015823424881694994
0.087814201090157945,0.015840648472139902
0.088013901452444893,0.015857677210536936
0.088213601814731896,0.015874509626484075
0.088413302177018843,0.015891144249579284
0.088613002539305846,0.01590757960942055
0.088812702901592794,0.015923814235605838
0.089012403263879741,0.015939846657733125
0.089212103626166744,0.015955675405400389
0.089411803988453692,0.015971299008205604
0.089611504350740695,0.015986715995746744
0.089811204713027643,0.016001924897621783
0.090010905075314646,0.016016924243428703
0.090210605437601593,0.016031712562765463
0.090410305799888596,0.016046288385230052
0.090610006162175544,0.016060650240420443
0.090809706524462547,0.016074796657934608
0.091009406886749494,0.016088726167370518
0.091209107249036497,0.016102437298326156
0.091408807611323445,0.016115928580399487
0.091608507973610448,0.016129198543188498
0.091808208335897395,0.016142245716291154
0.092007908698184399,0.016155068629305436
0.092207609060471346,0.01616766581182931
0.092407309422758349,0.016180035793460765
0.092607009785045297,0.016192177103797761
0.0928067101473323,0.016204088272438286
0.093006410509619247,0.0162157678289803
0.09320611087190625,0.016227214303021795
0.093405811234193198,0.016238426224160732
0.093605511596480201,0.016249402121995094
0.093805211958767148,0.016260140526122849
0.094004912321054152,0.016270639966141979
0.094204612683341099,0.016280898971650457
0.094404313045628102,0.016290916072246257
0.09460401340791505,0.016300689797527346
0.094803713770202053,0.016310218677091717
0.095003414132489,0.016319501240537326
0.095203114494776003,0.016328536017462161
0.095402814857062951,0.016337321537464186
0.095602515219349898,0.016345856330141382
0.095802215581636901,0.01635413892509173
0.096001915943923849,0.016362167851913193
0.096201616306210852,0.01636994164020375
0.0964013166684978,0.016377458819561378
0.096601017030784803,0.016384717919584055
0.09680071739307175,0.016391717469869747
0.097000417755358753,0.01639845600001644
0.097200118117645701,0.016404932039622094
0.097399818479932704,0.016411144118284697
0.097599518842219651,0.016417090765602219
0.097799219204506654,0.016422770511172632
0.097998919566793602,0.016428181884593919
0.098198619929080605,0.016433323415464045
0.098398320291367553,0.01643819363338099
0.098598020653654556,0.01644279106794273
0.098797721015941503,0.016447114248747237
0.098997421378228506,0.016451161705392486
0.099197121740515454,0.016454931967476456
0.099396822102802457,0.016458423564597119
0.099596522465089404,0.016461635026352443
0.099796222827376407,0.016464564882340414
0.099995923189663355,0.016467211662159004
0.10019562355195036,0.016469573895406181
0.10039532391423731,0.016471650111679927
0.10059502427652431,0.016473438840578218
0.10079472463881126,0.016474938611699023
0.10099442500109826,0.016476147954640318
0.10119412536338521,0.016477065399000086
0.10139382572567221,0.016477689474376292
0.10159352608795916,0.016478018710366908
0.1017932264502461,0.016478051636569922
0.10199292681253311,0.016477786782583298
0.10219262717482006,0.016477222678005016
0.10239232753710706,0.016476357852433048
0.10259202789939401,0.016475190835465375
0.10279172826168101,0.016473720156699963
0.10299142862396796,0.01647194434573479
0.10319112898625496,0.016469861932167831
0.10339082934854191,0.016467471445597064
0.10359052971082891,0.016464771415620465
0.10379023007311586,0.016461760371835998
0.10398993043540286,0.016458436843841653
0.10418963079768981,0.016454799361235391
0.10438933115997681,0.016450846453615199
0.10458903152226376,0.016446576650579043
0.10478873188455076,0.016441988481724894
0.10498843224683771,0.016437080476650743
0.10518813260912471,0.016431851164954547
0.10538783297141166,0.016426299076234295
0.10558753333369866,0.016420422740087957
0.10578723369598561,0.016414220686113503
0.10598693405827261,0.016407691443908915
0.10618663442055956,0.016400833543072164
0.10638633478284656,0.016393645513201219
0.10658603514513351,0.01638612588389407
0.10678573550742052,0.01637827318474868
0.10698543586970746,0.016370085945363027
0.10718513623199447,0.016361562695335081
0.10738483659428141,0.01635270196426283
0.10758453695656842,0.016343502281744235
0.10778423731885536,0.01633396217737728
0.10798393768114231,0.016324080180759936
0.10818363804342931,0.016313854821490174
0.10838333840571626,0.016303284629165977
0.10858303876800326,0.016292368133385311
0.10878273913029021,0.01628110386374616
0.10898243949257722,0.01626949034984649
0.10918213985486416,0.016257526121284289
0.10938184021715117,0.016245209707657512
0.10958154057943811,0.01623253963856415
0.10978124094172512,0.016219514443602173
0.10998094130401206,0.016206132652369556
0.11018064166629907,0.016192392794464276
0.11038034202858601,0.016178293399484303
0.11058004239087302,0.016163832997027609
0.11077974275315997,0.016149010116692182
0.11097944311544697,0.016133823288075978
0.11117914347773392,0.016118271040776996
0.11137884384002092,0.016102351904393193
0.11157854420230787,0.01608606440852255
0.11177824456459487,0.016069407082763037
0.11197794492688182,0.016052378456712636
0.11217764528916882,0.016034977059969313
0.11237734565145577,0.016017201422131047
0.11257704601374277,0.015999050072795819
0.11277674637602972,0.015980521541561595
0.11297644673831672,0.015961614358026354
0.11317614710060367,0.01594232705178807
0.11337584746289067,0.015922658152444719
0.11357554782517762,0.015902606189594277
0.11377524818746462,0.015882169692834711
0.11397494854975157,0.015861347191764012
0.11417464891203857,0.015840137215980137
0.11437434927432552,0.015818538295081067
0.11457404963661247,0.015796548958664787
0.11477374999889947,0.015774167736329253
0.11497345036118642,0.015751393157672454
0.11517315072347342,0.01572822375229236
0.11537285108576037,0.015704658049786952
0.11557255144804737,0.015680694579754188
0.11577225181033432,0.015656331871792065
0.11597195217262132,0.01563156845549854
0.11617165253490827,0.015606402860471599
0.11637135289719527,0.015580833616309209
0.11657105325948222,0.015554859252609354
0.11677075362176922,0.015528478298970002
0.11697045398405617,0.015501689284989134
0.11717015434634317,0.015474490740264706
0.11736985470863012,0.015446881194394723
0.11756955507091713,0.015418859176977127
0.11776925543320407,0.015390423217609927
0.11796895579549108,0.01536157184589107
0.11816865615777802,0.015332303591418546
0.11836835652006503,0.01530261698379032
0.11856805688235197,0.015272510552604375
0.11876775724463898,0.015241982827458686
0.11896745760692592,0.015211032337951225
0.11916715796921293,0.01517965761367996
0.11936685833149988,0.015147857184242879
0.11956655869378688,0.015115629579237946
0.11976625905607383,0.015082973328263151
0.11996595941836083,0.015049886960916442
0.12016565978064778,0.015016369006795822
0.12036536014293478,0.014982417995499243
0.12056506050522173,0.014948032456624707
0.12076476086750873,0.014913210919770156
0.12096446122979568,0.014877951914533592
0.12116416159208263,0.014842253970512979
0.12136386195436963,0.014806115617306284
0.12156356231665658,0.014769535384511499
0.12176326267894358,0.014732511801726579
0.12196296304123053,0.014695043398549525
0.12216266340351753,0.01465712870457828
0.12236236376580448,0.014618766249410848
0.12256206412809148,0.014579954562645183
0.12276176449037843,0.014540692173879273
0.12296146485266543,0.014500977612711078
0.12316116521495238,0.014460809408738597
0.12336086557723938,0.014420186091559782
0.12356056593952633,0.014379106190772619
0.12376026630181333,0.014337568235975078
0.12395996666410028,0.014295570756765142
0.12415966702638728,0.014253112282740767
0.12435936738867423,0.014210191343499956
0.12455906775096123,0.01416680646864066
0.12475876811324818,0.014122956187760868
0.12495846847553518,0.014078639030458535
0.12515816883782213,0.01403385352633167
0.12535786920010913,0.013988598204978213
0.12555756956239608,0.01394287159599617
0.12575726992468308,0.013896672228983477
0.12595697028697003,0.013849998633538151
0.12615667064925704,0.013802849339258134
0.12635637101154398,0.01375522287574143
0.12655607137383099,0.013707117772585981
0.12675577173611793,0.013658532559389794
0.12695547209840494,0.013609465765750809
0.12715517246069188,0.013559915921267041
0.12735487282297883,0.013509881555536445
0.12755457318526583,0.013459361198156985
0.12775427354755278,0.013408353378726652
0.12795397390983979,0.013356856626843407
0.12815367427212673,0.013304869472105244
0.12835337463441374,0.013252390444110113
0.12855307499670068,0.01319941807245602
0.12875277535898769,0.013145950886740901
0.12895247572127463,0.013091987416562768
0.12915217608356164,0.013037526191519572
0.12935187644584858,0.0129825657412093
0.12955157680813559,0.012927104595229919
0.12975127717042254,0.012871141283179417
0.12995097753270954,0.012814674334655751
0.13015067789499649,0.012757702279256912
0.13035037825728349,0.012700223646580855
0.13055007861957044,0.012642236966225585
0.13074977898185744,0.012583740767789042
0.13094947934414439,0.012524733580869234
0.13114917970643139,0.012465213935064097
0.13134888006871834,0.012405180359971648
0.13154858043100534,0.012344631385189824
0.13174828079329229,0.012283565540316642
0.13194798115557929,0.012221981354950031
0.13214768151786624,0.012159877358688006
0.13234738188015324,0.012097252081128509
0.13254708224244019,0.012034104051869544
0.13274678260472719,0.011970431800509055
0.13294648296701414,0.011906233856645052
0.13314618332930114,0.011841508749875471
0.13334588369158809,0.011776255009798325
0.13354558405387504,0.011710471166011567
0.13374528441616204,0.011644155748113168
0.13394498477844899,0.011577307285701121
0.13414468514073599,0.011509924308373377
0.13434438550302294,0.011442005345727941
0.13454408586530994,0.011373548927362746
0.13474378622759689,0.011304553582875819
0.13494348658988389,0.011235017617709002
0.13514318695217084,0.011164935983265043
0.13534288731445784,0.011094301049000586
0.13554258767674479,0.011023105117955767
0.13574228803903179,0.010951340493170607
0.13594198840131874,0.010878999477685237
0.13614168876360574,0.01080607437453969
0.13634138912589269,0.010732557486774083
0.1365410894881797,0.01065844111742846
0.13674078985046664,0.010583717569542933
0.13694049021275365,0.010508379146157543
0.13714019057504059,0.010432418150312407
0.1373398909373276,0.010355826885047562
0.13753959129961454,0.010278597653403127
0.13773929166190155,0.010200722758419144
0.13793899202418849,0.010122194503135732
0.1381386923864755,0.010043005190592915
0.13833839274876245,0.0099631471238308331
0.13853809311104945,0.0098826126058895042
0.1387377934733364,0.0098013939398090659
0.1389374938356234,0.0097194834286295322
0.13913719419791035,0.0096368733753910436
0.13933689456019735,0.009553556083133628
0.1395365949224843,0.0094695238548974069
0.1397362952847713,0.0093847689937224133
0.13993599564705825,0.0092992838026487688
0.1401356960093452,0.0092130605847165377
0.1403353963716322,0.0091260916429657668
0.14053509673391915,0.0090383692804365846
0.14073479709620615,0.008949885800169019
0.1409344974584931,0.008860633505203195
0.1411341978207801,0.0087706046985791472
0.14133389818306705,0.0086797916833370008
0.14153359854535405,0.0085881867625167835
0.141733298907641,0.0084957822391586238
0.141932999269928,0.008402570416302553
0.14213269963221495,0.0083085435969886962
0.14233239999450195,0.0082136940842570776
0.1425321003567889,0.0081180141811478309
0.1427318007190759,0.008021496190700984
0.14293150108136285,0.0079241324159566723
0.14313120144364985,0.0078259151599549028
0.1433309018059368,0.0077268367257358229
0.1435306021682238,0.007626889416339452
0.14373030253051075,0.0075260655348059254
0.14393000289279775,0.0074243573841752631
0.1441297032550847,0.0073217572674876049
0.1443294036173717,0.0072182574877829603
0.14452910397965865,0.0071138503481014762
0.14472880434194565,0.0070085281514831671
0.1449285047042326,0.0069022832009681696
0.14512820506651961,0.0067951077995965061
0.14532790542880655,0.0066869942504083155
0.14552760579109356,0.0065779348564436067
0.1457273061533805,0.0064679219207425358
0.14592700651566751,0.0063569477463450985
0.14612670687795445,0.0062450046362914503
0.14632640724024146,0.006132084893621598
0.1465261076025284,0.006018180821375692
0.14672580796481535,0.0059032847225937712
0.14692550832710236,0.005787388900315887
0.1471252086893893,0.0056704856575821748
0.14732490905167631,0.0055525672974326527
0.14752460941396325,0.0054336261229074694
0.14772430977625026,0.005313654437046629
0.1479240101385372,0.0051926445428902828
0.14812371050082421,0.0050705887434784307
0.14832341086311115,0.0049474793418512308
0.14852311122539816,0.0048233086410486847
0.14872281158768511,0.0046980689441109402
0.14892251194997211,0.0045717525540780145
0.14912221231225906,0.0044443517739900483
0.14932191267454606,0.0043158589068870486
0.14952161303683301,0.0041862662558091717
0.14972131339912001,0.0040555661237964141
0.14992101376140696,0.0039237508138889373
0.15012071412369396,0.0037908126291267327
0.15032041448598091,0.0036567438725499651
0.15052011484826791,0.0035215368471986381
0.15071981521055486,0.0033851838561128923
0.15091951557284186,0.0032476772023327435
0.15111921593512881,0.0031090091888983373
0.15131891629741581,0.0029691721188496809
0.15151861665970276,0.0028281582952269253
0.15171831702198976,0.0026859600210700722
0.15191801738427671,0.0025425695994192865
0.15211771774656371,0.0023979793333145545
0.15231741810885066,0.0022521815257960376
0.15251711847113766,0.002105168479903741
0.15271681883342461,0.0019569324986778158
0.15291651919571156,0.001807465885158302
0.15311621955799856,0.0016567609423852377
0.15331591992028551,0.0015048099733987845
0.15351562028257251,0.001351605281238932
0.15371532064485946,0.0011971391689458485
0.15391502100714646,0.001041403939559522
0.15411472136943341,0.00088439189612012255
0.15431442173172041,0.00072609534166763467
0.15451412209400736,0.00056650657924223365
0.15471382245629436,0.0004056179118839022
0.15491352281858131,0.00024342164263280869
0.15511322318086831,7.9910074528937586e-05
0.15531292354315526,-8.4924489387532345e-05
0.15551262390544227,-0.00025108974607662357
0.15571232426772921,-0.00041859339249816427
0.15591202463001622,-0.00058744312561216303
0.15611172499230316,-0.00075764664237845322
0.15631142535459017,-0.00092921163975704692
0.15651112571687711,-0.0011021458147077792
0.15671082607916412,-0.0012764568641906605
0.15691052644145106,-0.0014521524851655136
0.15711022680373807,-0.0016292403745923664
0.15730992716602502,-0.0018077282294310399
0.15750962752831202,-0.0019876237466415481
0.15770932789059897,-0.0021689346231837207
0.15790902825288597,-0.0023516685560175769
0.15810872861517292,-0.0025358332421029379
0.15830842897745992,-0.0027214363783998295
0.15850812933974687,-0.0029084856618680644
0.15870782970203387,-0.0030969887894676754
0.15890753006432082,-0.0032869534581584751
0.15910723042660777,-0.0034783873649004374
0.15930693078889477,-0.0036712982066535397
0.15950663115118172,-0.0038656936803775971
0.15970633151346872,-0.0040615814830326398
0.15990603187575567,-0.0042589693115784762
0.16010573223804267,-0.0044578648629751442
0.16030543260032962,-0.0046582758341824531
0.16050513296261662,-0.0048602099221604304
0.16070483332490357,-0.0050636748238688913
0.16090453368719057,-0.0052686782362678739
0.16110423404947752,-0.0054752278563171778
0.16130393441176452,-0.0056833313809768471
0.16150363477405147,-0.0058929965072066822
0.16170333513633847,-0.0061042309319667256
0.16190303549862542,-0.0063170423522167759
0.16210273586091242,-0.0065314384649168816
0.16230243622319937,-0.0067474269670268396
0.16250213658548637,-0.0069650155555066864
0.16270183694777332,-0.0071842119273162388
0.16290153731006032,-0.0074050237794155288
0.16310123767234727,-0.0076274588087643569
0.16330093803463427,-0.0078515247123227654
0.16350063839692122,-0.0080772291870505608
0.16370033875920822,-0.0083045799299077856
0.16390003912149517,-0.008533584637854235
0.16409973948378218,-0.0087642510078499557
0.16429943984606912,-0.008996586736854743
0.16449914020835613,-0.0092305995218286471
0.16469884057064307,-0.0094662970597314648
0.16489854093293008,-0.0097036870475232448
0.16509824129521702,-0.0099427771821637735
0.16529794165750403,-0.010183575160613112
0.16549764201979097,-0.010426088679831044
0.16569734238207792,-0.010670325436777565
0.16589704274436493,-0.010916293128412656
0.16609674310665187,-0.011163999451696103
0.16629644346893888,-0.011413452103587976
0.16649614383122582,-0.011664658781048044
0.16669584419351283,-0.01191762718103638
0.16689554455579977,-0.012172365000512757
0.16709524491808678,-0.012428879936437244
0.16729494528037372,-0.01268717968576962
0.16749464564266073,-0.012947271945469945
0.16769434600494768,-0.013209164412498002
0.16789404636723468,-0.013472864783813853
0.16809374672952163,-0.01373838075637728
0.16829344709180863,-0.014005720027148342
0.16849314745409558,-0.014274890293086826
0.16869284781638258,-0.014545899251152794
0.16889254817866953,-0.014818754598306018
0.16909224854095653,-0.015093464031506573
0.16929194890324348,-0.015370035247714232
0.16949164926553048,-0.015648475943889066
0.16969134962781743,-0.01592879381699084
0.16989104999010443,-0.016210996563979632
0.17009075035239138,-0.016495091881815215
0.17029045071467838,-0.016781087467457656
0.17049015107696533,-0.017068991017866728
0.17068985143925233,-0.017358810230002512
0.17088955180153928,-0.017650552800824768
0.17108925216382628,-0.017944226427293569
0.17128895252611323,-0.018239838806368695
0.17148865288840023,-0.018537397635010215
0.17168835325068718,-0.018836910610177886
0.17188805361297418,-0.019138385428831804
0.17208775397526113,-0.019441829787931721
0.17228745433754808,-0.019747251384437642
0.17248715469983508,-0.020054657915309575
0.17268685506212203,-0.020364057077507266
0.17288655542440903,-0.020675456567990812
0.17308625578669598,-0.020988864083719961
0.17328595614898298,-0.021304287321654816
0.17348565651126993,-0.021621733978755116
0.17368535687355693,-0.021941211751980952
0.17388505723584388,-0.022262728338292091
0.17408475759813088,-0.02258629143464861
0.17428445796041783,-0.022911908738010266
0.17448415832270484,-0.023239587945337155
0.17468385868499178,-0.023569336753589021
0.17488355904727879,-0.023901162859725968
0.17508325940956573,-0.024235073960707725
0.17528295977185274,-0.024571077753494402
0.17548266013413968,-0.024909181935045745
0.17568236049642669,-0.025249394202321855
0.17588206085871363,-0.025591722252282463
0.17608176122100064,-0.025936173781887686
0.17628146158328759,-0.026282756488097261
0.17648116194557459,-0.026631478067871299
0.17668086230786154,-0.026982346218169515
0.17688056267014854,-0.027335368635952026
0.17708026303243549,-0.027690553018178569
0.17727996339472249,-0.028047907061809259
0.17747966375700944,-0.028407438463803829
0.17767936411929644,-0.028769154921122395
0.17787906448158339,-0.029133064130724671
0.17807876484387039,-0.02949917378957078
0.17827846520615734,-0.029867491594620443
0.17847816556844429,-0.030238025242833692
0.17867786593073129,-0.030610782431170543
0.17887756629301824,-0.030985770856590711
0.17907726665530524,-0.03136299821605433
0.17927696701759219,-0.031742472206521113
0.17947666737987919,-0.032124200524951185
0.17967636774216614,-0.032508190868304268
0.17987606810445314,-0.032894450933540487
0.18007576846674009,-0.033282988417619563
0.18027546882902709,-0.033673811017501609
0.18047516919131404,-0.03406692643014636
0.18067486955360104,-0.034462342352513921
0.18087456991588799,-0.03486006648156402
0.18107427027817499,-0.035260106514256796
0.18127397064046194,-0.035662470147551945
0.18147367100274894,-0.036067165078409617
0.18167337136503589,-0.036474199003789502
0.18187307172732289,-0.036883579620651752
0.18207277208960984,-0.037295314625956061
0.18227247245189684,-0.037709411716662582
0.18247217281418379,-0.038125878589730995
0.18267187317647079,-0.038544722942121468
0.18287157353875774,-0.03896595247079368
0.18307127390104475,-0.039389574872707792
0.18327097426333169,-0.039815597844823483
0.1834706746256187,-0.040244029084100928
0.18367037498790564,-0.040674876287499794
0.18387007535019265,-0.041108147151980259
0.18406977571247959,-0.041543849374501986
0.1842694760747666,-0.041981990652025146
0.18446917643705354,-0.042422578681509421
0.18466887679934049,-0.042865621159914852
0.1848685771616275,-0.043311125784201487
0.18506827752391444,-0.043759100251329001
0.18526797788620145,-0.04420955225825754
0.18546767824848839,-0.04466248950194681
0.1856673786107754,-0.045117919679356973
0.18586707897306234,-0.045575850487447694
0.18606677933534935,-0.046036289623179155
0.18626647969763629,-0.046499244783511015
0.1864661800599233,-0.046964723665403441
0.18666588042221025,-0.04743273396581614
0.18686558078449725,-0.047903283381709245
0.1870652811467842,-0.048376379610042444
0.1872649815090712,-0.048852030347775903
0.18746468187135815,-0.049330243291869316
0.18766438223364515,-0.04981102613928283
0.1878640825959321,-0.05029438658697611
0.1880637829582191,-0.050780332331909352
0.18826348332050605,-0.051268871071042207
0.18846318368279305,-0.051760010501334879
0.18866288404508,-0.052253758319747004
0.188862584407367,-0.052750122223238764
0.18906228476965395,-0.053249109908769854
0.18926198513194095,-0.053750729073300411
0.1894616854942279,-0.054254987413790118
0.1896613858565149,-0.054761892627199181
0.18986108621880185,-0.055271452410487212
0.19006078658108885,-0.055783674460614406
0.1902604869433758,-0.05629856647454045
0.1904601873056628,-0.056816136149225524
0.19065988766794975,-0.057336391181629268
0.19085958803023675,-0.057859339268711889
0.1910592883925237,-0.058384988107433013
0.19125898875481065,-0.058913345394752709
0.19145868911709765,-0.05944441882763106
0.1916583894793846,-0.059978216103027671
0.1918580898416716,-0.06051474491790277
0.19205779020395855,-0.06105401296921599
0.19225749056624555,-0.061596027953927525
0.1924571909285325,-0.062140797568997042
0.1926568912908195,-0.062688329511384727
0.19285659165310645,-0.063238631478050228
0.19305629201539345,-0.063791711165953738
0.1932559923776804,-0.064347576272054882
0.19345569273996741,-0.064906234493313911
0.19365539310225435,-0.065467693526690407
0.19385509346454136,-0.066031961069144621
0.1940547938268283,-0.066599044817636163
0.19425449418911531,-0.06716895246912527
0.19445419455140225,-0.06774169172057154
0.19465389491368926,-0.068317270268935221
0.1948535952759762,-0.068895695811175911
0.19505329563826321,-0.069476976044253833
0.19525299600055016,-0.070061118665128611
0.19545269636283716,-0.070648131370760495
0.19565239672512411,-0.071238021858109069
0.19585209708741111,-0.071830797824134582
0.19605179744969806,-0.072426466965796618
0.19625149781198506,-0.073025036980055469
0.19645119817427201,-0.073626515563870676
0.19665089853655901,-0.074230910414202531
0.19685059889884596,-0.074838229228010575
0.19705029926113296,-0.075448479702255114
0.19724999962341991,-0.076061669533895718
0.19744969998570691,-0.076677806419892622
0.19764940034799386,-0.077296898057205438
0.19784910071028081,-0.077918952142794276
0.19804880107256781,-0.078543976373619179
0.19824850143485476,-0.079171978446639757
0.19844820179714176,-0.079802966058816274
0.19864790215942871,-0.080436946907108273
0.19884760252171571,-0.081073928688476071
0.19904730288400266,-0.081713919099879226
0.19924700324628966,-0.082356925838278
0.19944670360857661,-0.083002956600631964
0.19964640397086361,-0.083652019083901366
0.19984610433315056,-0.084304120985045847
0.20004580469543756,-0.084959270001025614
0.20024550505772451,-0.085617473828800278
0.20044520542001151,-0.086278740165330103
0.20064490578229846,-0.086943076707574632
0.20084460614458546,-0.087610491152494183
0.20104430650687241,-0.088280991197048297
0.20124400686915941,-0.088954584538197226
0.20144370723144636,-0.089631278872900594
0.20164340759373336,-0.090311081898118623
0.20184310795602031,-0.090994001310810924
0.20204280831830732,-0.091680044807937774
0.20224250868059426,-0.092369220086458703
0.20244220904288127,-0.093061534843334015
0.20264190940516821,-0.093756996775523252
0.20284160976745522,-0.094455613579986691
0.20304131012974216,-0.095157392953683959
0.20324101049202917,-0.095862342593575275
0.20344071085431611,-0.096570470196620212
0.20364041121660312,-0.097281783459779086
0.20384011157889007,-0.097996290080011372
0.20403981194117701,-0.098713997754277263
0.20423951230346402,-0.099434914179536801
0.20443921266575096,-0.10015904705274957
0.20463891302803797,-0.10088640407087593
0.20483861339032491,-0.10161699293087531
0.20503831375261192,-0.10235082132970807
0.20523801411489886,-0.10308789696433371
0.20543771447718587,-0.1038282275317126
0.20563741483947282,-0.10457182072880425
0.20583711520175982,-0.10531868425256893
0.20603681556404677,-0.10606882579996621
0.20623651592633377,-0.10682225306795642
0.20643621628862072,-0.10757897375349905
0.20663591665090772,-0.10833899555355446
0.20683561701319467,-0.1091023261650821
0.20703531737548167,-0.10986897328504237
0.20723501773776862,-0.11063894461039475
0.20743471810005562,-0.1114122478380996
0.20763441846234257,-0.11218889066511638
0.20783411882462957,-0.11296888078840546
0.20803381918691652,-0.11375222590492633
0.20823351954920352,-0.11453893371163937
0.20843321991149047,-0.115329011905504
0.20863292027377747,-0.11612246818348067
0.20883262063606442,-0.11691931024252879
0.20903232099835142,-0.11771954577960875
0.20923202136063837,-0.11852318249168003
0.20943172172292537,-0.11933022807570297
0.20963142208521232,-0.12014069022863709
0.20983112244749932,-0.12095457664744273
0.21003082280978627,-0.12177189502907938
0.21023052317207322,-0.12259265307050718
0.21043022353436022,-0.12341685846868626
0.21062992389664717,-0.12424451892057614
0.21082962425893417,-0.1250756421231371
0.21102932462122112,-0.12591023577332869
0.21122902498350812,-0.12674830756811128
0.21142872534579507,-0.12758986520444432
0.21162842570808207,-0.12843491637928822
0.21182812607036902,-0.12928346878960237
0.21202782643265602,-0.13013553013234716
0.21222752679494297,-0.13099110810448217
0.21242722715722998,-0.13185021040296765
0.21262692751951692,-0.13271284472476311
0.21282662788180393,-0.1335790187668289
0.21302632824409087,-0.13444874022612455
0.21322602860637788,-0.1353220167996104
0.21342572896866482,-0.13619885618424593
0.21362542933095183,-0.13707926607699147
0.21382512969323877,-0.13796325417480654
0.21402483005552578,-0.13885082817465158
0.21422453041781273,-0.13974199577348587
0.21442423078009973,-0.14063676466826991
0.21462393114238668,-0.14153514255596314
0.21482363150467368,-0.14243713713352604
0.21502333186696063,-0.14334275609791786
0.21522303222924763,-0.14425200714609918
0.21542273259153458,-0.14516489797502935
0.21562243295382158,-0.14608143628166884
0.21582213331610853,-0.14700162976297698
0.21602183367839553,-0.1479254861159143
0.21622153404068248,-0.14885301303744011
0.21642123440296948,-0.14978421822451493
0.2166209347652564,-0.15071910937409802
