candidate_weighting,metric_weighting,region,v_min_px,v_max_px,sample_count,invalid_count,before_bias_mm,before_mae_mm,before_rmse_mm,before_p95_abs_mm,before_residual_energy,after_bias_mm,after_mae_mm,after_rmse_mm,after_p95_abs_mm,after_residual_energy,explained_fraction
point_equal,point_equal,top_0_299,0,300,1605,0,0.248688937721,0.268909597551,0.349411427421,0.70124943431,195.951794708,0.0260818262671,0.0491761035469,0.060187140789,0.10818694307,5.81409952574,0.970328929447
point_equal,point_equal,middle_300_2699,300,2700,13979,0,-0.0831932681855,0.107613120549,0.13037101474,0.235597199471,237.595492149,-0.00201711045772,0.02276325167,0.0281355084115,0.0561219208961,11.0658719265,0.953425581326
point_equal,point_equal,bottom_2700_2999,2700,3000,1980,0,-0.221416896774,0.288827925514,0.303276070222,0.407948499672,182.113222043,-0.00660262108298,0.032334821918,0.0427250195982,0.0900973862852,3.61434605334,0.980153302364
point_equal,point_equal,bin_0000_0299,0,300,1605,0,0.248688937721,0.268909597551,0.349411427421,0.70124943431,195.951794708,0.0260818262671,0.0491761035469,0.060187140789,0.10818694307,5.81409952574,0.970328929447
point_equal,point_equal,bin_0300_0599,300,600,1900,0,-0.0412066420957,0.119902079311,0.153367432478,0.345094914097,44.6909817554,-0.0125424750902,0.0268977772395,0.0351610399901,0.0701443746463,2.34896759306,0.947439785371
point_equal,point_equal,bin_0600_0899,600,900,1717,0,-0.144169419101,0.163640879425,0.176821257178,0.289794031818,53.6833047516,-0.0223536973565,0.0268338385929,0.0331012307414,0.0672453205763,1.88130226532,0.964955542994
point_equal,point_equal,bin_0900_1199,900,1200,1875,0,-0.0893377504017,0.107646870875,0.133125911501,0.251223241484,33.229703087,-0.00812471602223,0.0241758881819,0.0284345450935,0.0521524137955,1.51598129001,0.954378728993
point_equal,point_equal,bin_1200_1499,1200,1500,1490,0,-0.00755780388122,0.0562040353106,0.0682211100387,0.120331663811,6.93463858382,0.0111152831276,0.0202931227553,0.023962830811,0.0447182587084,0.855583718112,0.876621729053
point_equal,point_equal,bin_1500_1799,1500,1800,1945,0,-0.0885014974293,0.0960128156815,0.114514546284,0.202679244183,25.5059156491,0.00348893860523,0.0187490908124,0.0224574381909,0.0381316793065,0.98093455104,0.961540900372
point_equal,point_equal,bin_1800_2099,1800,2100,1732,0,-0.0755715457546,0.0825489452681,0.0985810627357,0.177092770762,16.8319673109,0.00616749516354,0.0209083739481,0.024714170229,0.040595038734,1.0578886439,0.9371500298
point_equal,point_equal,bin_2100_2399,2100,2400,1561,0,-0.0976729328601,0.099988219028,0.112621270183,0.178994575719,19.7990223266,0.00655326698046,0.0180982876116,0.0220335614187,0.0390948624574,0.757830890741,0.961723822609
point_equal,point_equal,bin_2400_2699,2400,2700,1759,0,-0.115329730335,0.127433352117,0.144876412573,0.242342571352,36.9199586842,0.0028363545529,0.0253153848547,0.0307882327876,0.0491965144056,1.66738297432,0.954837897069
point_equal,point_equal,bin_2700_2999,2700,3000,1980,0,-0.221416896774,0.288827925514,0.303276070222,0.407948499672,182.113222043,-0.00660262108298,0.032334821918,0.0427250195982,0.0900973862852,3.61434605334,0.980153302364
point_equal,point_equal,extrap_top_v_lt_242,0,241.997693497,1141,0,0.283016606051,0.294641525492,0.374683159676,0.722436861786,160.182103435,0.0292597365223,0.0534117556018,0.0637805284935,0.110969890213,4.64153758481,0.971023369744
point_equal,point_equal,extrap_bottom_v_gt_2732,2731.97787458,3000,1784,0,-0.236960483411,0.293069865134,0.308083105562,0.410285227872,169.32871668,-0.00930019529099,0.0314400850185,0.0414426185993,0.0879607189357,3.06400329528,0.981904999014
point_equal,frame_equal,top_0_299,0,300,1605,0,0.266643439221,0.28721257077,0.365154141298,0.708281707276,202.166201471,0.032946463961,0.0493661921706,0.0612068250513,0.108641575822,5.6800975531,0.971903822143
point_equal,frame_equal,middle_300_2699,300,2700,13979,0,-0.0817058447148,0.108067588184,0.13124657233,0.237046762612,241.346218381,3.06082312626e-05,0.0220499048463,0.0273538801952,0.0521112963875,10.4834068126,0.956562788168
point_equal,frame_equal,bottom_2700_2999,2700,3000,1980,0,-0.229949836303,0.295943184205,0.308161049877,0.410228368583,193.435261468,-0.00798994756798,0.0328484205827,0.0436071480923,0.093781842136,3.87342832648,0.97997558306
point_equal,frame_equal,bin_0000_0299,0,300,1605,0,0.266643439221,0.28721257077,0.365154141298,0.708281707276,202.166201471,0.032946463961,0.0493661921706,0.0612068250513,0.108641575822,5.6800975531,0.971903822143
point_equal,frame_equal,bin_0300_0599,300,600,1900,0,-0.0369420322879,0.122858238065,0.157287159175,0.359171347126,46.6654139634,-0.00871728383301,0.0243900253148,0.0327880755794,0.072018261851,2.0278715423,0.956544443302
point_equal,frame_equal,bin_0600_0899,600,900,1717,0,-0.138964654435,0.163921505043,0.177432511513,0.288902696403,53.9115893633,-0.0186876989511,0.0237829598672,0.0291354011784,0.0648862415889,1.45364293041,0.973036540982
point_equal,frame_equal,bin_0900_1199,900,1200,1875,0,-0.0936907138625,0.112612971273,0.1379567258,0.254844200208,36.4385387041,-0.00729424879401,0.0237937783679,0.0281840196795,0.0523065626547,1.52083136973,0.958263107583
point_equal,frame_equal,bin_1200_1499,1200,1500,1490,0,-0.00932976752532,0.0584703925301,0.0697268717622,0.1209337215,7.16401282581,0.0129485263944,0.0205242217382,0.024284747009,0.0447182587084,0.869006768146,0.878698323234
point_equal,frame_equal,bin_1500_1799,1500,1800,1945,0,-0.0874000261735,0.0955023969594,0.114220452595,0.202463873767,25.6238119742,0.00517546245084,0.0185485902733,0.0223591584066,0.0385461299911,0.981899165629,0.961680207199
point_equal,frame_equal,bin_1800_2099,1800,2100,1732,0,-0.075958263494,0.083006489909,0.0998179993596,0.179854957962,17.4203390465,0.00711127022165,0.0207094117558,0.0247821850792,0.0406185340103,1.07378683044,0.938360164657
point_equal,frame_equal,bin_2100_2399,2100,2400,1561,0,-0.0930666137189,0.0954954272722,0.108885450842,0.179099752059,18.0993109585,0.00906635206304,0.0181518790865,0.0224225950247,0.0398017178033,0.767527739827,0.957593538142
point_equal,frame_equal,bin_2400_2699,2400,2700,1759,0,-0.11061886776,0.124046560441,0.142061446516,0.24052023172,36.0232015452,0.00410119760932,0.0258027105725,0.0316570821969,0.049960012066,1.78884046608,0.950341991013
point_equal,frame_equal,bin_2700_2999,2700,3000,1980,0,-0.229949836303,0.295943184205,0.308161049877,0.410228368583,193.435261468,-0.00798994756798,0.0328484205827,0.0436071480923,0.093781842136,3.87342832648,0.97997558306
point_equal,frame_equal,extrap_top_v_lt_242,0,241.997693497,1141,0,0.30313726771,0.315218808272,0.392308392434,0.730880570828,162.075187525,0.0368152758865,0.0537148848753,0.0649525339706,0.112228241626,4.44276695045,0.972588235014
point_equal,frame_equal,extrap_bottom_v_gt_2732,2731.97787458,3000,1784,0,-0.248499816585,0.30080875986,0.313207026879,0.412384234489,181.194136487,-0.0113531116356,0.0318177804664,0.0421095861859,0.0887288794681,3.2752397247,0.981924140658
point_equal,v_region_equal,top_0_299,0,300,1605,0,0.286592086279,0.305866738086,0.379494468127,0.688220936835,252.949792572,0.0359517227656,0.0526466160107,0.0640577960709,0.108113747663,7.20721393349,0.971507334083
point_equal,v_region_equal,middle_300_2699,300,2700,13979,0,-0.0780251129459,0.1073157933,0.130961775974,0.241230912066,240.991945252,0.00143990045948,0.0218662426895,0.0269570468192,0.0499928677151,10.2107593625,0.957630287802
point_equal,v_region_equal,bottom_2700_2999,2700,3000,1980,0,-0.16082211758,0.285722516962,0.302005869544,0.419320640496,160.196932458,0.00257554741271,0.0409456766607,0.0531775765761,0.109765979458,4.96684390815,0.968995386916
point_equal,v_region_equal,bin_0000_0299,0,300,1605,0,0.286592086279,0.305866738086,0.379494468127,0.688220936835,252.949792572,0.0359517227656,0.0526466160107,0.0640577960709,0.108113747663,7.20721393349,0.971507334083
point_equal,v_region_equal,bin_0300_0599,300,600,1900,0,-0.021777677273,0.113925073127,0.148369931403,0.345094914097,38.6647512268,-0.00700598329037,0.0242407631209,0.0325870719301,0.0696807521625,1.86515147016,0.951760934417
point_equal,v_region_equal,bin_0600_0899,600,900,1717,0,-0.131947252677,0.170822249627,0.185203494912,0.304113729188,60.2451075645,-0.0183628589062,0.0247202888579,0.0295801289161,0.0646131892027,1.53682194449,0.974490510406
point_equal,v_region_equal,bin_0900_1199,900,1200,1875,0,-0.0870323329374,0.105988705592,0.133346624065,0.255862191337,31.2311142235,-0.00336075628645,0.0222281681698,0.0261820392629,0.0487621894882,1.20401075969,0.961448357203
point_equal,v_region_equal,bin_1200_1499,1200,1500,1490,0,-0.00496585226374,0.0602185663041,0.071186242252,0.125502174831,8.90052377939,0.0150911413139,0.0221942451529,0.0262337138732,0.0481947024549,1.20876808083,0.864191354263
point_equal,v_region_equal,bin_1500_1799,1500,1800,1945,0,-0.0935593562295,0.0997221105906,0.118154058019,0.20446276614,24.5200139373,0.00286760071599,0.01814138286,0.0219017918275,0.037940428184,0.842524855501,0.965639299486
point_equal,v_region_equal,bin_1800_2099,1800,2100,1732,0,-0.0705829132632,0.0782106456986,0.0954708148369,0.17466533717,16.0090177794,0.00924713549154,0.0204497056994,0.0246697062121,0.0407612309281,1.06893521222,0.933229182018
point_equal,v_region_equal,bin_2100_2399,2100,2400,1561,0,-0.105078562403,0.107941641103,0.123340201836,0.223774725707,26.719771385,0.00566208211635,0.0180389133813,0.0221687048193,0.0389139601189,0.863185367822,0.967694881989
point_equal,v_region_equal,bin_2400_2699,2400,2700,1759,0,-0.10925695652,0.121697354357,0.140560508402,0.242342571352,34.7016453557,0.00738084252105,0.0249164742734,0.0303828309288,0.04865509984,1.62136167174,0.953277095218
point_equal,v_region_equal,bin_2700_2999,2700,3000,1980,0,-0.16082211758,0.285722516962,0.302005869544,0.419320640496,160.196932458,0.00257554741271,0.0409456766607,0.0531775765761,0.109765979458,4.96684390815,0.968995386916
point_equal,v_region_equal,extrap_top_v_lt_242,0,241.997693497,1141,0,0.310697812626,0.322846891336,0.396769748752,0.716922558465,174.002008827,0.0365654234064,0.0555577172975,0.0664239658613,0.110641579617,4.87670809324,0.971973265561
point_equal,v_region_equal,extrap_bottom_v_gt_2732,2731.97787458,3000,1784,0,-0.193657385766,0.289713215891,0.307258672468,0.424236186474,143.907134949,-0.0036608680296,0.038163600973,0.0500245645003,0.104828646865,3.81452670963,0.973493137008
frame_equal,point_equal,top_0_299,0,300,1605,0,0.248688937721,0.268909597551,0.349411427421,0.70124943431,195.951794708,0.0217028686838,0.0477658980998,0.0583895382555,0.103731040118,5.47198777518,0.972074826958
frame_equal,point_equal,middle_300_2699,300,2700,13979,0,-0.0831932681855,0.107613120549,0.13037101474,0.235597199471,237.595492149,-0.00401825158496,0.0233188338287,0.0287048551818,0.0588134395503,11.5182586112,0.951521560839
frame_equal,point_equal,bottom_2700_2999,2700,3000,1980,0,-0.221416896774,0.288827925514,0.303276070222,0.407948499672,182.113222043,-0.00624365273563,0.0321097613585,0.0425992436228,0.0895377959622,3.59309720332,0.980269981701
frame_equal,point_equal,bin_0000_0299,0,300,1605,0,0.248688937721,0.268909597551,0.349411427421,0.70124943431,195.951794708,0.0217028686838,0.0477658980998,0.0583895382555,0.103731040118,5.47198777518,0.972074826958
frame_equal,point_equal,bin_0300_0599,300,600,1900,0,-0.0412066420957,0.119902079311,0.153367432478,0.345094914097,44.6909817554,-0.0163862620946,0.0289954868602,0.0366605799359,0.0709191589859,2.55359643035,0.942861035268
frame_equal,point_equal,bin_0600_0899,600,900,1717,0,-0.144169419101,0.163640879425,0.176821257178,0.289794031818,53.6833047516,-0.0256116669282,0.0289667267269,0.0353885633585,0.0705980781778,2.15028566527,0.959944983357
frame_equal,point_equal,bin_0900_1199,900,1200,1875,0,-0.0893377504017,0.107646870875,0.133125911501,0.251223241484,33.229703087,-0.0108161241897,0.0249643124392,0.0293832519117,0.0547670550638,1.6188290492,0.951283673978
frame_equal,point_equal,bin_1200_1499,1200,1500,1490,0,-0.00755780388122,0.0562040353106,0.0682211100387,0.120331663811,6.93463858382,0.00887415895178,0.0196895911143,0.0230052045114,0.042726471354,0.788566757574,0.886285817488
frame_equal,point_equal,bin_1500_1799,1500,1800,1945,0,-0.0885014974293,0.0960128156815,0.114514546284,0.202679244183,25.5059156491,0.00180688278901,0.0187400636746,0.0222427671793,0.0369883150085,0.962270645541,0.96227264848
frame_equal,point_equal,bin_1800_2099,1800,2100,1732,0,-0.0755715457546,0.0825489452681,0.0985810627357,0.177092770762,16.8319673109,0.00497328605486,0.0207126935739,0.0244360782663,0.0394414268101,1.03421516724,0.938556489082
frame_equal,point_equal,bin_2100_2399,2100,2400,1561,0,-0.0976729328601,0.099988219028,0.112621270183,0.178994575719,19.7990223266,0.00589268641777,0.0180456749774,0.0218552072264,0.0389555936069,0.745611779422,0.962340979917
frame_equal,point_equal,bin_2400_2699,2400,2700,1759,0,-0.115329730335,0.127433352117,0.144876412573,0.242342571352,36.9199586842,0.00265442025976,0.0253030124656,0.030765144189,0.0491401068772,1.66488311657,0.954905607268
frame_equal,point_equal,bin_2700_2999,2700,3000,1980,0,-0.221416896774,0.288827925514,0.303276070222,0.407948499672,182.113222043,-0.00624365273563,0.0321097613585,0.0425992436228,0.0895377959622,3.59309720332,0.980269981701
frame_equal,point_equal,extrap_top_v_lt_242,0,241.997693497,1141,0,0.283016606051,0.294641525492,0.374683159676,0.722436861786,160.182103435,0.0247997855721,0.0518408201594,0.0618341020542,0.106685480791,4.36256349779,0.972764975586
frame_equal,point_equal,extrap_bottom_v_gt_2732,2731.97787458,3000,1784,0,-0.236960483411,0.293069865134,0.308083105562,0.410285227872,169.32871668,-0.00891397944206,0.031188574439,0.0412947378039,0.0874117776956,3.0421755806,0.982033906355
frame_equal,frame_equal,top_0_299,0,300,1605,0,0.266643439221,0.28721257077,0.365154141298,0.708281707276,202.166201471,0.028573575343,0.0474200489518,0.0589310878979,0.104200352616,5.26556535134,0.973954274686
frame_equal,frame_equal,middle_300_2699,300,2700,13979,0,-0.0817058447148,0.108067588184,0.13124657233,0.237046762612,241.346218381,-0.00196978365463,0.0225125621124,0.0277625662976,0.0537230742359,10.7990058263,0.955255127266
frame_equal,frame_equal,bottom_2700_2999,2700,3000,1980,0,-0.229949836303,0.295943184205,0.308161049877,0.410228368583,193.435261468,-0.00762507439165,0.0326016586281,0.0434659934593,0.0931781894977,3.8483926399,0.980105009755
frame_equal,frame_equal,bin_0000_0299,0,300,1605,0,0.266643439221,0.28721257077,0.365154141298,0.708281707276,202.166201471,0.028573575343,0.0474200489518,0.0589310878979,0.104200352616,5.26556535134,0.973954274686
frame_equal,frame_equal,bin_0300_0599,300,600,1900,0,-0.0369420322879,0.122858238065,0.157287159175,0.359171347126,46.6654139634,-0.0125626073602,0.0263328603637,0.0339615619341,0.0709872221875,2.17562428156,0.953378228183
frame_equal,frame_equal,bin_0600_0899,600,900,1717,0,-0.138964654435,0.163921505043,0.177432511513,0.288902696403,53.9115893633,-0.0219446373726,0.0258322059307,0.0313350287601,0.0680761845243,1.68141892347,0.968811549737
frame_equal,frame_equal,bin_0900_1199,900,1200,1875,0,-0.0936907138625,0.112612971273,0.1379567258,0.254844200208,36.4385387041,-0.00998423252219,0.0245013960641,0.0290626120997,0.0550891158111,1.61712833182,0.955620384644
frame_equal,frame_equal,bin_1200_1499,1200,1500,1490,0,-0.00932976752532,0.0584703925301,0.0697268717622,0.1209337215,7.16401282581,0.0107010042506,0.019756819448,0.0231675304393,0.042726471354,0.790888893098,0.889602529709
frame_equal,frame_equal,bin_1500_1799,1500,1800,1945,0,-0.0874000261735,0.0955023969594,0.114220452595,0.202463873767,25.6238119742,0.00349052101116,0.0184391436239,0.0220175103815,0.037049088273,0.952121572054,0.962842313509
frame_equal,frame_equal,bin_1800_2099,1800,2100,1732,0,-0.075958263494,0.083006489909,0.0998179993596,0.179854957962,17.4203390465,0.0059163413708,0.02045205396,0.0244584699384,0.0395525505126,1.04591755261,0.939959977253
frame_equal,frame_equal,bin_2100_2399,2100,2400,1561,0,-0.0930666137189,0.0954954272722,0.108885450842,0.179099752059,18.0993109585,0.00840779901634,0.0180200512804,0.022167315419,0.0392770682413,0.750150729685,0.9585536305
frame_equal,frame_equal,bin_2400_2699,2400,2700,1759,0,-0.11061886776,0.124046560441,0.142061446516,0.24052023172,36.0232015452,0.00391597047121,0.0257749306062,0.031629773491,0.0500371173788,1.78575554199,0.950427628157
frame_equal,frame_equal,bin_2700_2999,2700,3000,1980,0,-0.229949836303,0.295943184205,0.308161049877,0.410228368583,193.435261468,-0.00762507439165,0.0326016586281,0.0434659934593,0.0931781894977,3.8483926399,0.980105009755
frame_equal,frame_equal,extrap_top_v_lt_242,0,241.997693497,1141,0,0.30313726771,0.315218808272,0.392308392434,0.730880570828,162.075187525,0.0323577449871,0.0515650502164,0.0625035274394,0.107573544319,4.1140578163,0.974616362448
frame_equal,frame_equal,extrap_bottom_v_gt_2732,2731.97787458,3000,1784,0,-0.248499816585,0.30080875986,0.313207026879,0.412384234489,181.194136487,-0.0109620165489,0.0315428158417,0.0419430254708,0.0881810959098,3.24938112909,0.982066852758
frame_equal,v_region_equal,top_0_299,0,300,1605,0,0.286592086279,0.305866738086,0.379494468127,0.688220936835,252.949792572,0.0316005320882,0.0505967086212,0.0617147057958,0.103733662852,6.68960930649,0.973553608254
frame_equal,v_region_equal,middle_300_2699,300,2700,13979,0,-0.0780251129459,0.1073157933,0.130961775974,0.241230912066,240.991945252,-0.000531363738861,0.0221780723472,0.0272436575707,0.0502812126936,10.4290377938,0.956724537897
frame_equal,v_region_equal,bottom_2700_2999,2700,3000,1980,0,-0.16082211758,0.285722516962,0.302005869544,0.419320640496,160.196932458,0.00291692974168,0.0407608487189,0.0530895992031,0.109885921915,4.95042313669,0.969097890573
frame_equal,v_region_equal,bin_0000_0299,0,300,1605,0,0.286592086279,0.305866738086,0.379494468127,0.688220936835,252.949792572,0.0316005320882,0.0505967086212,0.0617147057958,0.103733662852,6.68960930649,0.973553608254
frame_equal,v_region_equal,bin_0300_0599,300,600,1900,0,-0.021777677273,0.113925073127,0.148369931403,0.345094914097,38.6647512268,-0.0108630148149,0.0257494074179,0.0335709525491,0.0703655374237,1.97947835302,0.948804058213
frame_equal,v_region_equal,bin_0600_0899,600,900,1717,0,-0.131947252677,0.170822249627,0.185203494912,0.304113729188,60.2451075645,-0.0216204663346,0.0266879779165,0.0317222309442,0.0678050977654,1.76746520773,0.970662095576
frame_equal,v_region_equal,bin_0900_1199,900,1200,1875,0,-0.0870323329374,0.105988705592,0.133346624065,0.255862191337,31.2311142235,-0.00604949199233,0.0226912345402,0.0267441002902,0.0507552454825,1.25625965574,0.959775381475
frame_equal,v_region_equal,bin_1200_1499,1200,1500,1490,0,-0.00496585226374,0.0602185663041,0.071186242252,0.125502174831,8.90052377939,0.0128423400104,0.0213095579988,0.0250123752929,0.0458336490982,1.09883706721,0.876542426665
frame_equal,v_region_equal,bin_1500_1799,1500,1800,1945,0,-0.0935593562295,0.0997221105906,0.118154058019,0.20446276614,24.5200139373,0.00118897470938,0.0181261833762,0.0217303630593,0.036581928685,0.82938732325,0.966175087609
frame_equal,v_region_equal,bin_1800_2099,1800,2100,1732,0,-0.0705829132632,0.0782106456986,0.0954708148369,0.17466533717,16.0090177794,0.008045938875,0.0200902467162,0.0242229741699,0.0397365664732,1.03057205172,0.935625528941
frame_equal,v_region_equal,bin_2100_2399,2100,2400,1561,0,-0.105078562403,0.107941641103,0.123340201836,0.223774725707,26.719771385,0.00501450329078,0.0179192006979,0.0220256524831,0.0391113683358,0.852081220738,0.968110459911
frame_equal,v_region_equal,bin_2400_2699,2400,2700,1759,0,-0.10925695652,0.121697354357,0.140560508402,0.242342571352,34.7016453557,0.00719030634542,0.0248507701142,0.0303227619083,0.0487422192969,1.61495691436,0.953461661607
frame_equal,v_region_equal,bin_2700_2999,2700,3000,1980,0,-0.16082211758,0.285722516962,0.302005869544,0.419320640496,160.196932458,0.00291692974168,0.0407608487189,0.0530895992031,0.109885921915,4.95042313669,0.969097890573
frame_equal,v_region_equal,extrap_top_v_lt_242,0,241.997693497,1141,0,0.310697812626,0.322846891336,0.396769748752,0.716922558465,174.002008827,0.0321150671448,0.0535301063421,0.0640796089524,0.10603151364,4.53854726728,0.973916696147
frame_equal,v_region_equal,extrap_bottom_v_gt_2732,2731.97787458,3000,1784,0,-0.193657385766,0.289713215891,0.307258672468,0.424236186474,143.907134949,-0.00328344290916,0.0379440922871,0.0499047448043,0.104968192302,3.79627535404,0.973619964324
v_region_equal,point_equal,top_0_299,0,300,1605,0,0.248688937721,0.268909597551,0.349411427421,0.70124943431,195.951794708,0.0166111209495,0.0460401657479,0.0559332061887,0.0967262277053,5.02128030504,0.974374920564
v_region_equal,point_equal,middle_300_2699,300,2700,13979,0,-0.0831932681855,0.107613120549,0.13037101474,0.235597199471,237.595492149,-0.00622601141828,0.0236994910804,0.0290435378163,0.0608866809355,11.7916651755,0.950370837978
v_region_equal,point_equal,bottom_2700_2999,2700,3000,1980,0,-0.221416896774,0.288827925514,0.303276070222,0.407948499672,182.113222043,-0.0133510335255,0.0352620826123,0.0440084848518,0.0958425381097,3.83475854312,0.978942997658
v_region_equal,point_equal,bin_0000_0299,0,300,1605,0,0.248688937721,0.268909597551,0.349411427421,0.70124943431,195.951794708,0.0166111209495,0.0460401657479,0.0559332061887,0.0967262277053,5.02128030504,0.974374920564
v_region_equal,point_equal,bin_0300_0599,300,600,1900,0,-0.0412066420957,0.119902079311,0.153367432478,0.345094914097,44.6909817554,-0.0197745636753,0.0308302196504,0.0379166963878,0.0713393688739,2.73158414343,0.938878403738
v_region_equal,point_equal,bin_0600_0899,600,900,1717,0,-0.144169419101,0.163640879425,0.176821257178,0.289794031818,53.6833047516,-0.027841087128,0.0303404896796,0.0369300170385,0.0730882791314,2.34168951408,0.956379557389
v_region_equal,point_equal,bin_0900_1199,900,1200,1875,0,-0.0893377504017,0.107646870875,0.133125911501,0.251223241484,33.229703087,-0.0124928895651,0.0253144807494,0.029918899891,0.0563255154394,1.67838857004,0.949491316078
v_region_equal,point_equal,bin_1200_1499,1200,1500,1490,0,-0.00755780388122,0.0562040353106,0.0682211100387,0.120331663811,6.93463858382,0.00739559540705,0.0193083615953,0.0223858137837,0.041269391345,0.746675741552,0.892326653722
v_region_equal,point_equal,bin_1500_1799,1500,1800,1945,0,-0.0885014974293,0.0960128156815,0.114514546284,0.202679244183,25.5059156491,0.00092823000758,0.0186329329706,0.0220461025911,0.0364591176769,0.945329593745,0.962936849367
v_region_equal,point_equal,bin_1800_2099,1800,2100,1732,0,-0.0755715457546,0.0825489452681,0.0985810627357,0.177092770762,16.8319673109,0.00370438236632,0.0205229603919,0.0240972663454,0.0385714138989,1.0057347209,0.940248534095
v_region_equal,point_equal,bin_2100_2399,2100,2400,1561,0,-0.0976729328601,0.099988219028,0.112621270183,0.178994575719,19.7990223266,0.00349573159806,0.017842183529,0.021227740471,0.0372574656037,0.703413083149,0.964472332444
v_region_equal,point_equal,bin_2400_2699,2400,2700,1759,0,-0.115329730335,0.127433352117,0.144876412573,0.242342571352,36.9199586842,-0.00166691296416,0.0254409135869,0.0305236635351,0.0518894229266,1.63884980862,0.955610735574
v_region_equal,point_equal,bin_2700_2999,2700,3000,1980,0,-0.221416896774,0.288827925514,0.303276070222,0.407948499672,182.113222043,-0.0133510335255,0.0352620826123,0.0440084848518,0.0958425381097,3.83475854312,0.978942997658
v_region_equal,point_equal,extrap_top_v_lt_242,0,241.997693497,1141,0,0.283016606051,0.294641525492,0.374683159676,0.722436861786,160.182103435,0.0194940840175,0.0498346155851,0.0591633260964,0.099497962614,3.99384133562,0.975066869207
v_region_equal,point_equal,extrap_bottom_v_gt_2732,2731.97787458,3000,1784,0,-0.236960483411,0.293069865134,0.308083105562,0.410285227872,169.32871668,-0.0161408326399,0.0348508757386,0.0432382249118,0.0947142324731,3.33526666285,0.980303006317
v_region_equal,frame_equal,top_0_299,0,300,1605,0,0.266643439221,0.28721257077,0.365154141298,0.708281707276,202.166201471,0.023434129211,0.0451141915036,0.0558434771093,0.0973352591521,4.72825612819,0.976612034584
v_region_equal,frame_equal,middle_300_2699,300,2700,13979,0,-0.0817058447148,0.108067588184,0.13124657233,0.237046762612,241.346218381,-0.00417323922587,0.0227594041564,0.027910174284,0.0552367411872,10.9141433844,0.954778063408
v_region_equal,frame_equal,bottom_2700_2999,2700,3000,1980,0,-0.229949836303,0.295943184205,0.308161049877,0.410228368583,193.435261468,-0.0147381043086,0.0361478870596,0.0451021067447,0.0970931911433,4.1435617154,0.978579077651
v_region_equal,frame_equal,bin_0000_0299,0,300,1605,0,0.266643439221,0.28721257077,0.365154141298,0.708281707276,202.166201471,0.023434129211,0.0451141915036,0.0558434771093,0.0973352591521,4.72825612819,0.976612034584
v_region_equal,frame_equal,bin_0300_0599,300,600,1900,0,-0.0369420322879,0.122858238065,0.157287159175,0.359171347126,46.6654139634,-0.0159547570499,0.0280432498048,0.0349005173029,0.0706869728835,2.29758884537,0.950764631657
v_region_equal,frame_equal,bin_0600_0899,600,900,1717,0,-0.138964654435,0.163921505043,0.177432511513,0.288902696403,53.9115893633,-0.0241799032138,0.0271238770259,0.0327886324419,0.070320743294,1.84103626041,0.965850825729
v_region_equal,frame_equal,bin_0900_1199,900,1200,1875,0,-0.0936907138625,0.112612971273,0.1379567258,0.254844200208,36.4385387041,-0.0116350050465,0.0247706758799,0.0295101822136,0.0565451155144,1.6673200679,0.954242949163
v_region_equal,frame_equal,bin_1200_1499,1200,1500,1490,0,-0.00932976752532,0.0584703925301,0.0697268717622,0.1209337215,7.16401282581,0.00923378346719,0.0192435706103,0.0224143972477,0.041269391345,0.740304042956,0.896663495592
v_region_equal,frame_equal,bin_1500_1799,1500,1800,1945,0,-0.0874000261735,0.0955023969594,0.114220452595,0.202463873767,25.6238119742,0.00261493385446,0.0182631451994,0.0217302754776,0.0363252537034,0.927441337889,0.963805489253
v_region_equal,frame_equal,bin_1800_2099,1800,2100,1732,0,-0.075958263494,0.083006489909,0.0998179993596,0.179854957962,17.4203390465,0.00465502273429,0.0201911863511,0.0240571851232,0.0386890483972,1.01187881015,0.941913942808
v_region_equal,frame_equal,bin_2100_2399,2100,2400,1561,0,-0.0930666137189,0.0954954272722,0.108885450842,0.179099752059,18.0993109585,0.00599373637643,0.0175581425594,0.0212795928844,0.0378621987319,0.691271996668,0.961806723015
v_region_equal,frame_equal,bin_2400_2699,2400,2700,1759,0,-0.11061886776,0.124046560441,0.142061446516,0.24052023172,36.0232015452,-0.000405204321935,0.0256449023098,0.0311977117579,0.052981202587,1.73730202305,0.951772692361
v_region_equal,frame_equal,bin_2700_2999,2700,3000,1980,0,-0.229949836303,0.295943184205,0.308161049877,0.410228368583,193.435261468,-0.0147381043086,0.0361478870596,0.0451021067447,0.0970931911433,4.1435617154,0.978579077651
v_region_equal,frame_equal,extrap_top_v_lt_242,0,241.997693497,1141,0,0.30313726771,0.315218808272,0.392308392434,0.730880570828,162.075187525,0.0269943075703,0.048916628079,0.0591629063167,0.100078324023,3.68604247442,0.97725720679
v_region_equal,frame_equal,extrap_bottom_v_gt_2732,2731.97787458,3000,1784,0,-0.248499816585,0.30080875986,0.313207026879,0.412384234489,181.194136487,-0.0181759950917,0.0356790675551,0.0442170809597,0.0952091762951,3.61128100151,0.980069548212
v_region_equal,v_region_equal,top_0_299,0,300,1605,0,0.286592086279,0.305866738086,0.379494468127,0.688220936835,252.949792572,0.026398866652,0.0481287392894,0.0584798514086,0.0969717726195,6.00670010169,0.97625338989
v_region_equal,v_region_equal,middle_300_2699,300,2700,13979,0,-0.0780251129459,0.1073157933,0.130961775974,0.241230912066,240.991945252,-0.00274426851837,0.0222389122252,0.0272718816763,0.0511936788156,10.4506577055,0.956634825722
v_region_equal,v_region_equal,bottom_2700_2999,2700,3000,1980,0,-0.16082211758,0.285722516962,0.302005869544,0.419320640496,160.196932458,-0.0043310818649,0.0424962790871,0.0530113967063,0.103430504673,4.93584964867,0.969188862902
v_region_equal,v_region_equal,bin_0000_0299,0,300,1605,0,0.286592086279,0.305866738086,0.379494468127,0.688220936835,252.949792572,0.026398866652,0.0481287392894,0.0584798514086,0.0969717726195,6.00670010169,0.97625338989
v_region_equal,v_region_equal,bin_0300_0599,300,600,1900,0,-0.021777677273,0.113925073127,0.148369931403,0.345094914097,38.6647512268,-0.0143314880256,0.0271570054817,0.0344117924321,0.0706869728835,2.07987874951,0.946207367602
v_region_equal,v_region_equal,bin_0600_0899,600,900,1717,0,-0.131947252677,0.170822249627,0.185203494912,0.304113729188,60.2451075645,-0.0238878215007,0.0278553688579,0.0330962522688,0.0700119448067,1.92389366618,0.96806556177
v_region_equal,v_region_equal,bin_0900_1199,900,1200,1875,0,-0.0870323329374,0.105988705592,0.133346624065,0.255862191337,31.2311142235,-0.0077116195311,0.0228206606224,0.0270248465192,0.0522348730232,1.28277326733,0.958926432847
v_region_equal,v_region_equal,bin_1200_1499,1200,1500,1490,0,-0.00496585226374,0.0602185663041,0.071186242252,0.125502174831,8.90052377939,0.0113629772285,0.0206902779925,0.0241577954398,0.0439759552464,1.02503342501,0.884834482732
v_region_equal,v_region_equal,bin_1500_1799,1500,1800,1945,0,-0.0935593562295,0.0997221105906,0.118154058019,0.20446276614,24.5200139373,0.000330818258756,0.0180033437,0.0215445789844,0.0360911752989,0.815266227181,0.966750988427
v_region_equal,v_region_equal,bin_1800_2099,1800,2100,1732,0,-0.0705829132632,0.0782106456986,0.0954708148369,0.17466533717,16.0090177794,0.00677517185576,0.0197644498378,0.0237276347124,0.0387355530488,0.988854339986,0.938231417217
v_region_equal,v_region_equal,bin_2100_2399,2100,2400,1561,0,-0.105078562403,0.107941641103,0.123340201836,0.223774725707,26.719771385,0.00260974463052,0.0174545435822,0.0214697058592,0.0393690051912,0.809609540868,0.969699982488
v_region_equal,v_region_equal,bin_2400_2699,2400,2700,1759,0,-0.10925695652,0.121697354357,0.140560508402,0.242342571352,34.7016453557,0.00289806893699,0.0241656477268,0.0294695038381,0.0507686309683,1.52534848941,0.956043914524
v_region_equal,v_region_equal,bin_2700_2999,2700,3000,1980,0,-0.16082211758,0.285722516962,0.302005869544,0.419320640496,160.196932458,-0.0043310818649,0.0424962790871,0.0530113967063,0.103430504673,4.93584964867,0.969188862902
v_region_equal,v_region_equal,extrap_top_v_lt_242,0,241.997693497,1141,0,0.310697812626,0.322846891336,0.396769748752,0.716922558465,174.002008827,0.0267209228073,0.0509840775839,0.0608373207889,0.0989007620356,4.09088543339,0.976489435605
v_region_equal,v_region_equal,extrap_bottom_v_gt_2732,2731.97787458,3000,1784,0,-0.193657385766,0.289713215891,0.307258672468,0.424236186474,143.907134949,-0.0106412408083,0.0404975466545,0.0507535495001,0.100974342103,3.92651144956,0.972714963362
