record_type,frame,region,model,step_px,n_total,n_valid,valid_fraction,median_u_base,median_u_top,delta_u,median_Zg_base,median_Zg_top,delta_Zg,G_mm_per_px,gain_ratio_vs_M0,median_dZg_du,p95_abs_dZg_du,rms_dZg_du,derivative_ratio_vs_M0
median_height_gain,frame_061303_measure,all,M0,,245,245,1.0,2102.377071,1928.1477195,-174.2293514999999,-0.012463101375146834,49.84649181332969,49.85895491470484,-0.28616851572626595,1.0,,,,
median_height_gain,frame_061303_measure,all,M1_point_equal,,245,245,1.0,2102.377071,1928.1477195,-174.2293514999999,0.04412894135487022,9.46722823550732,9.42309929415245,-0.05408445369867807,0.18899512254664824,,,,
median_height_gain,frame_061303_measure,all,M2_frame_equal,,245,245,1.0,2102.377071,1928.1477195,-174.2293514999999,0.04390858203976222,9.465170372619298,9.421261790579536,-0.05407390723473789,0.18895826851358521,,,,
median_height_gain,frame_061303_measure,all,M3_v_region_equal,,245,245,1.0,2102.377071,1928.1477195,-174.2293514999999,0.03976580786741124,9.257871427101747,9.218105619234336,-0.05290787998619361,0.1848836509911613,,,,
median_height_gain,frame_062878_measure,all,M0,,207,207,1.0,2104.9471165,1934.852477,-170.09463950000008,-0.02634248419570895,49.87036446195441,49.89670694615012,-0.2933467338701764,1.0,,,,
median_height_gain,frame_062878_measure,all,M1_point_equal,,207,207,1.0,2104.9471165,1934.852477,-170.09463950000008,0.029251536611923257,9.444441137110516,9.415189600498593,-0.055352653253358926,0.18869360678771288,,,,
median_height_gain,frame_062878_measure,all,M2_frame_equal,,207,207,1.0,2104.9471165,1934.852477,-170.09463950000008,0.02846887891081451,9.44115340448593,9.412684525575116,-0.05533792571737754,0.18864340157224285,,,,
median_height_gain,frame_062878_measure,all,M3_v_region_equal,,207,207,1.0,2104.9471165,1934.852477,-170.09463950000008,0.026192007477618517,9.237816122414984,9.211624114937365,-0.05415587547035755,0.18461386890479164,,,,
median_height_gain,frame_063995_measure,all,M0,,235,235,1.0,2114.0293685,1944.779844,-169.24952450000023,0.01943950010934259,49.89112360534284,49.8716841052335,-0.29466365859854116,1.0,,,,
median_height_gain,frame_063995_measure,all,M1_point_equal,,235,235,1.0,2114.0293685,1944.779844,-169.24952450000023,-0.0017325865961765885,9.417654848904135,9.419387435500312,-0.055653848737993346,0.18887245547242004,,,,
median_height_gain,frame_063995_measure,all,M2_frame_equal,,235,235,1.0,2114.0293685,1944.779844,-169.24952450000023,-0.0037592747672761107,9.413236994071326,9.416996268838602,-0.055639720682574736,0.1888245090935357,,,,
median_height_gain,frame_063995_measure,all,M3_v_region_equal,,235,235,1.0,2114.0293685,1944.779844,-169.24952450000023,-0.005282466283972553,9.208323661881423,9.213606128165395,-0.05443800303359424,0.1847462401454882,,,,
median_height_gain,frame_065292_measure,all,M0,,221,221,1.0,2125.97572,1958.1891235,-167.78659649999986,-0.13745078296449265,49.90102049870046,50.038471281664954,-0.29822686868593223,1.0,,,,
median_height_gain,frame_065292_measure,all,M1_point_equal,,221,221,1.0,2125.97572,1958.1891235,-167.78659649999986,-0.07515492652169087,9.368259365256165,9.443414291777856,-0.056282292440313395,0.18872307746216263,,,,
median_height_gain,frame_065292_measure,all,M2_frame_equal,,221,221,1.0,2125.97572,1958.1891235,-167.78659649999986,-0.0785924365362689,9.362354888969094,9.440947325505363,-0.056267589440646235,0.1886737760704673,,,,
median_height_gain,frame_065292_measure,all,M3_v_region_equal,,221,221,1.0,2125.97572,1958.1891235,-167.78659649999986,-0.0813682455569733,9.153583862673543,9.234952108230516,-0.05503986790882026,0.18455703924780728,,,,
local_dZg_du,ALL_GAUGE,v0_999,M0,0.5,221,221,1.0,,,,,,,,,-0.3142345682008454,0.3143207236486205,0.3001850002467552,1.0
local_dZg_du,ALL_GAUGE,v0_999,M1_point_equal,0.5,221,221,1.0,,,,,,,,,-0.05596829186083596,0.05598780566936057,0.055450431296303906,0.17810991381783117
local_dZg_du,ALL_GAUGE,v0_999,M2_frame_equal,0.5,221,221,1.0,,,,,,,,,-0.05595577543147101,0.055975356027943235,0.05543823932874502,0.17807008233322838
local_dZg_du,ALL_GAUGE,v0_999,M3_v_region_equal,0.5,221,221,1.0,,,,,,,,,-0.05472682821914532,0.054745093289170654,0.054229747984979995,0.17415915929455048
local_dZg_du,ALL_GAUGE,v0_999,M0,1.0,221,221,1.0,,,,,,,,,-0.3142346156477629,0.3143207711258924,0.3001850438262656,1.0
local_dZg_du,ALL_GAUGE,v0_999,M1_point_equal,1.0,221,221,1.0,,,,,,,,,-0.05596829221531152,0.05598780599996189,0.055450431624360585,0.17810988805271674
local_dZg_du,ALL_GAUGE,v0_999,M2_frame_equal,1.0,221,221,1.0,,,,,,,,,-0.05595577578895927,0.05597535636155726,0.05543823965789582,0.17807005658371564
local_dZg_du,ALL_GAUGE,v0_999,M3_v_region_equal,1.0,221,221,1.0,,,,,,,,,-0.05472682855850053,0.05474509362028357,0.05422974829661159,0.1741591340778504
local_dZg_du,ALL_GAUGE,v1000_1999,M0,0.5,235,235,1.0,,,,,,,,,-0.3134501900073019,0.31350471777225264,0.3000847947997015,1.0
local_dZg_du,ALL_GAUGE,v1000_1999,M1_point_equal,0.5,235,235,1.0,,,,,,,,,-0.05582666570535366,0.05583949933452459,0.05532459745723141,0.17810378645504463
local_dZg_du,ALL_GAUGE,v1000_1999,M2_frame_equal,0.5,235,235,1.0,,,,,,,,,-0.05581354362902857,0.05582646777227183,0.055311794244440105,0.17806192310085497
local_dZg_du,ALL_GAUGE,v1000_1999,M3_v_region_equal,0.5,235,235,1.0,,,,,,,,,-0.05459627767106667,0.05460770423472923,0.05411406543010157,0.17417848006343475
local_dZg_du,ALL_GAUGE,v1000_1999,M0,1.0,235,235,1.0,,,,,,,,,-0.3134502371720487,0.3135047649583953,0.3000848382998787,1.0
local_dZg_du,ALL_GAUGE,v1000_1999,M1_point_equal,1.0,235,235,1.0,,,,,,,,,-0.055826666042094075,0.0558394996772563,0.055324597787712655,0.17810376073013326
local_dZg_du,ALL_GAUGE,v1000_1999,M2_frame_equal,1.0,235,235,1.0,,,,,,,,,-0.0558135439553098,0.055826468105186676,0.05531179457810715,0.17806189734887481
local_dZg_du,ALL_GAUGE,v1000_1999,M3_v_region_equal,1.0,235,235,1.0,,,,,,,,,-0.05459627798472866,0.05460770457989952,0.05411406574606192,0.17417845485553576
local_dZg_du,ALL_GAUGE,v2000_2999,M0,0.5,452,452,1.0,,,,,,,,,-0.31348612598839054,0.3136268770707943,0.2995301994318074,1.0
local_dZg_du,ALL_GAUGE,v2000_2999,M1_point_equal,0.5,452,452,1.0,,,,,,,,,-0.055773260152534476,0.0557758078447705,0.05523928049197113,0.17791300963220283
local_dZg_du,ALL_GAUGE,v2000_2999,M2_frame_equal,0.5,452,452,1.0,,,,,,,,,-0.055759201138471326,0.05576198978866387,0.05522553052352906,0.17786816230756022
local_dZg_du,ALL_GAUGE,v2000_2999,M3_v_region_equal,0.5,452,452,1.0,,,,,,,,,-0.05455401615660094,0.05455683435236551,0.0540424077901378,0.17402370195681724
local_dZg_du,ALL_GAUGE,v2000_2999,M0,1.0,452,452,1.0,,,,,,,,,-0.31348617312880833,0.31362692423613225,0.29953024273179385,1.0
local_dZg_du,ALL_GAUGE,v2000_2999,M1_point_equal,1.0,452,452,1.0,,,,,,,,,-0.05577326049129283,0.05577580818823833,0.05523928081757251,0.17791298395918775
local_dZg_du,ALL_GAUGE,v2000_2999,M2_frame_equal,1.0,452,452,1.0,,,,,,,,,-0.05575920147893498,0.05576199011853191,0.05522553084995018,0.17786813664672887
local_dZg_du,ALL_GAUGE,v2000_2999,M3_v_region_equal,1.0,452,452,1.0,,,,,,,,,-0.05455401648256952,0.05455683466595644,0.05404240809910755,0.1740236768278575
