u,v,Xc_mm,Yc_mm,Zc_mm,Xg_mm,Yg_mm,Zg_mm
2115.467170,1176.000000,4.386948,-32.606241,712.196260,4.364014,32.603945,0.609948
2116.126257,1177.000000,4.452162,-32.519051,712.409526,4.438743,32.518503,0.399109
2116.185250,1178.000000,4.458016,-32.423113,712.431937,4.445630,32.422752,0.376199
2116.257737,1179.000000,4.465206,-32.327364,712.458643,4.454044,32.327225,0.349061
2116.310329,1180.000000,4.470427,-32.231321,712.479017,4.460207,32.231352,0.328156
2116.305622,1181.000000,4.469978,-32.134451,712.481158,4.459890,32.134502,0.325205
2116.272824,1182.000000,4.466749,-32.037178,712.474360,4.456395,32.037177,0.331057
2116.257368,1183.000000,4.465236,-31.940154,712.473078,4.454862,31.940146,0.331476
2116.246468,1184.000000,4.464173,-31.843195,712.473245,4.453844,31.843192,0.330469
2116.216104,1185.000000,4.461185,-31.745960,712.467217,4.450624,31.745911,0.335562
2116.180402,1186.000000,4.457669,-31.648652,712.459489,4.446801,31.648543,0.342328
2116.166498,1187.000000,4.456309,-31.551653,712.458697,4.445443,31.551540,0.342266
2116.158182,1188.000000,4.455503,-31.454733,712.459681,4.444717,31.454632,0.340454
2116.114806,1189.000000,4.451227,-31.357321,712.449509,4.440026,31.357140,0.349628
2116.056605,1190.000000,4.445485,-31.259706,712.434618,4.433658,31.259406,0.363448
2116.014998,1191.000000,4.441385,-31.162325,712.425007,4.429167,31.161950,0.372070
2115.979387,1192.000000,4.437878,-31.065031,712.417302,4.425354,31.064595,0.378814
2115.940075,1193.000000,4.434004,-30.967687,712.408419,4.421123,30.967182,0.386719
2115.887245,1194.000000,4.428794,-30.870159,712.395234,4.415364,30.869550,0.398859
2115.809039,1195.000000,4.421074,-30.772287,712.373976,4.406735,30.771507,0.418949
2115.744161,1196.000000,4.414672,-30.674602,712.356958,4.399613,30.673686,0.434864
2115.730608,1197.000000,4.413348,-30.577624,712.356265,4.398295,30.576706,0.434704
2115.738476,1198.000000,4.414143,-30.480938,712.362385,4.399399,30.480073,0.427835
2115.761473,1199.000000,4.416434,-30.384455,712.373316,4.402213,30.383683,0.416229
2115.793288,1200.000000,4.419598,-30.288089,712.387052,4.406024,30.287432,0.401861
2115.810607,1201.000000,4.421328,-30.191523,712.396175,4.408196,30.190945,0.392035
2115.813624,1202.000000,4.421643,-30.094763,712.400748,4.408751,30.094225,0.386691
2115.844327,1203.000000,4.424698,-29.998373,712.414127,4.412437,29.997948,0.372674
2115.913493,1204.000000,4.431558,-29.902493,712.439743,4.420472,29.902280,0.346608
2116.004908,1205.000000,4.440620,-29.806903,712.472439,4.431024,29.806961,0.313570
2116.062920,1206.000000,4.446377,-29.710860,712.494507,4.437799,29.711102,0.290997
2116.081122,1207.000000,4.448195,-29.614285,712.503907,4.440071,29.614607,0.280899
2116.089425,1208.000000,4.449034,-29.517576,712.510155,4.441224,29.517953,0.273904
2116.074396,1209.000000,4.447564,-29.420560,712.508978,4.439738,29.420930,0.274221
2116.012059,1210.000000,4.441412,-29.322923,712.492744,4.432901,29.323164,0.289364
2115.895476,1211.000000,4.429892,-29.224583,712.459250,4.419930,29.224553,0.321503
2115.761640,1212.000000,4.416668,-29.126028,712.420269,4.405009,29.125682,0.359046
2115.670495,1213.000000,4.407667,-29.028038,712.394872,4.394917,29.027487,0.383213
2115.636426,1214.000000,4.404314,-28.930792,712.387632,4.391278,28.930185,0.389500
2115.637682,1215.000000,4.404455,-28.834003,712.391628,4.391633,28.833432,0.384723
2115.648661,1216.000000,4.405557,-28.737338,712.398716,4.393088,28.736829,0.376901
2115.645478,1217.000000,4.405259,-28.640490,712.401298,4.392941,28.640005,0.373517
2115.600146,1218.000000,4.400792,-28.543104,712.390470,4.388029,28.542533,0.383337
2115.509056,1219.000000,4.391798,-28.445139,712.365085,4.377943,28.444364,0.407492
2115.524000,1220.000000,4.393293,-28.348524,712.373429,4.379846,28.347821,0.398434
2115.516626,1221.000000,4.392580,-28.251625,712.374673,4.379225,28.250935,0.396367
2115.627652,1222.000000,4.403580,-28.156216,712.413580,4.391991,28.155847,0.357212
2115.668583,1223.000000,4.407646,-28.059917,712.430190,4.396832,28.059688,0.340015
2115.603590,1224.000000,4.401233,-27.962290,712.413098,4.389696,27.961924,0.356003
2115.461172,1225.000000,4.387162,-27.863704,712.371377,4.373807,27.863001,0.396245
2115.339005,1226.000000,4.375095,-27.765382,712.336101,4.360209,27.764392,0.430141
2115.212997,1227.000000,4.362650,-27.667021,712.299605,4.346178,27.665737,0.465237
2115.194877,1228.000000,4.360875,-27.569999,712.297422,4.344343,27.568700,0.466545
2115.236825,1229.000000,4.365040,-27.473715,712.314342,4.349296,27.472558,0.449042
2115.316487,1230.000000,4.372935,-27.377888,712.343257,4.358513,27.376970,0.419727
2115.445908,1231.000000,4.385753,-27.282660,712.388002,4.373357,27.282111,0.374824
2115.523545,1232.000000,4.393450,-27.186790,712.416276,4.382347,27.186477,0.346140
2115.530207,1233.000000,4.394126,-27.090054,712.421970,4.383312,27.089790,0.339691
2115.508139,1234.000000,4.391960,-26.992970,712.418523,4.381030,26.992681,0.342243
2115.491680,1235.000000,4.390348,-26.895955,712.416859,4.379381,26.895656,0.343040
2115.488272,1236.000000,4.390028,-26.799096,712.419347,4.379208,26.798820,0.339749
2115.485543,1237.000000,4.389775,-26.702245,712.422048,4.379112,26.701994,0.336247
2115.438552,1238.000000,4.385144,-26.604867,712.410667,4.374011,26.604526,0.346613
2115.418602,1239.000000,4.383187,-26.507812,712.407888,4.371968,26.507452,0.348508
2115.410668,1240.000000,4.382420,-26.410900,712.408931,4.371283,26.410552,0.346640
2115.348666,1241.000000,4.376304,-26.313352,712.392771,4.364485,26.312875,0.361711
2115.270465,1242.000000,4.368586,-26.215619,712.371459,4.355857,26.214971,0.381857
2115.246123,1243.000000,4.366195,-26.118520,712.367278,4.353317,26.117841,0.385132
2115.295267,1244.000000,4.371073,-26.022276,712.386472,4.359084,26.021758,0.365390
2115.374245,1245.000000,4.378902,-25.926373,712.415156,4.368225,25.926093,0.336301
2115.421210,1246.000000,4.383564,-25.830093,712.433657,4.373747,25.829967,0.317241
2115.378516,1247.000000,4.379358,-25.732778,712.423632,4.369131,25.732573,0.326272
2115.229745,1248.000000,4.364660,-25.634250,712.379861,4.352524,25.633690,0.368534
2115.090960,1249.000000,4.350952,-25.535848,712.339271,4.337048,25.534959,0.407663
2115.065932,1250.000000,4.348493,-25.438750,712.334864,4.334431,25.437829,0.411162
2115.081890,1251.000000,4.350088,-25.342118,712.343492,4.336446,25.341270,0.401825
2115.103609,1252.000000,4.352253,-25.245548,712.353951,4.339112,25.244789,0.390683
2115.124241,1253.000000,4.354311,-25.148963,712.364063,4.341656,25.148290,0.379884
2115.139398,1254.000000,4.355827,-25.052314,712.372433,4.343580,25.051713,0.370800
2115.134956,1255.000000,4.355404,-24.955444,712.374568,4.343290,24.954864,0.367857
2115.080512,1256.000000,4.350037,-24.858019,712.360796,4.337347,24.857329,0.380577
2114.985614,1257.000000,4.340670,-24.760150,712.334157,4.326832,24.759245,0.405969
2114.923261,1258.000000,4.334521,-24.662646,712.317869,4.319996,24.661612,0.421168
2114.908046,1259.000000,4.333033,-24.565665,712.316572,4.318487,24.564623,0.421604
2114.939605,1260.000000,4.336171,-24.469195,712.330151,4.322265,24.468268,0.407391
2115.012033,1261.000000,4.343350,-24.373167,712.356727,4.330662,24.372460,0.380378
2115.118697,1262.000000,4.353916,-24.277503,712.394195,4.342930,24.277106,0.342640
2115.204553,1263.000000,4.362425,-24.181603,712.425046,4.352846,24.181462,0.311418
2115.181154,1264.000000,4.360127,-24.084521,712.421139,4.350412,24.084351,0.314424
2115.102336,1265.000000,4.352349,-23.986845,712.399601,4.341713,23.986502,0.334793
2115.009803,1266.000000,4.343215,-23.889029,712.373701,4.331464,23.888477,0.359458
2114.920658,1267.000000,4.334417,-23.791256,712.348878,4.321599,23.790504,0.383062
2114.862575,1268.000000,4.328690,-23.693819,712.333936,4.315245,23.692948,0.396936
2114.840817,1269.000000,4.326556,-23.596768,712.330545,4.312997,23.595873,0.399433
2114.856616,1270.000000,4.328135,-23.500113,712.339099,4.314993,23.499291,0.390169
2114.961300,1271.000000,4.338504,-23.404385,712.375924,4.327035,23.403868,0.353063
2115.184689,1272.000000,4.360615,-23.309883,712.450517,4.352498,23.309980,0.278765
2115.548006,1273.000000,4.396574,-23.216813,712.569655,4.393790,23.217888,0.160600
2115.889016,1274.000000,4.430338,-23.123481,712.681730,4.432572,23.125476,0.049390
2116.164559,1275.000000,4.457631,-23.029446,712.772990,4.463958,23.032191,-0.041323
2116.280799,1276.000000,4.469157,-22.933754,712.813534,4.477323,22.936834,-0.082091
2116.232769,1277.000000,4.464420,-22.836374,712.801762,4.472099,22.839361,-0.071340
2116.161338,1278.000000,4.457366,-22.738760,712.782538,4.464227,22.741593,-0.053249
2116.126405,1279.000000,4.453925,-22.641520,712.774935,4.460485,22.644294,-0.046604
2116.143520,1280.000000,4.455637,-22.544807,712.783906,4.462632,22.547658,-0.056279
2116.200293,1281.000000,4.461276,-22.448489,712.805506,4.469268,22.451520,-0.078392
2116.269894,1282.000000,4.468185,-22.352294,712.831191,4.477355,22.355538,-0.104528
2116.316972,1283.000000,4.472864,-22.255868,712.849703,4.482894,22.259266,-0.123600
2116.301669,1284.000000,4.471367,-22.158818,712.848346,4.481373,22.162209,-0.123104
2116.240439,1285.000000,4.465322,-22.061317,712.832359,4.474654,22.064580,-0.108201
2116.177396,1286.000000,4.459098,-21.963802,712.815794,4.467731,21.966933,-0.092730
2116.122365,1287.000000,4.453668,-21.866370,712.801781,4.461714,21.869389,-0.079771
2116.078651,1288.000000,4.449358,-21.769051,712.791370,4.456978,21.771989,-0.070360
2116.051988,1289.000000,4.446736,-21.671901,712.786389,4.454172,21.674802,-0.066296
2116.033799,1290.000000,4.444954,-21.574834,712.784105,4.452324,21.577719,-0.064887
2116.016363,1291.000000,4.443245,-21.477775,712.782060,4.450562,21.480647,-0.063714
2116.000923,1292.000000,4.441735,-21.380736,712.780649,4.449025,21.383599,-0.063166
2115.989754,1293.000000,4.440647,-21.283737,712.780597,4.447972,21.286603,-0.063956
2115.978936,1294.000000,4.439594,-21.186742,712.780656,4.446958,21.189612,-0.064855
2115.962643,1295.000000,4.437999,-21.089696,712.778970,4.445325,21.092555,-0.064035
2115.939506,1296.000000,4.435727,-20.992585,712.775103,4.442917,20.995416,-0.061068
2115.911731,1297.000000,4.432995,-20.895433,712.769758,4.439984,20.898223,-0.056645
2115.889370,1298.000000,4.430800,-20.798332,712.766136,4.437665,20.801096,-0.053919
2115.888489,1299.000000,4.430731,-20.701431,712.769353,4.437775,20.704225,-0.057928
2115.898131,1300.000000,4.431703,-20.604626,712.775919,4.439076,20.607477,-0.065236
2115.889367,1301.000000,4.430854,-20.507651,712.776623,4.438294,20.510510,-0.066770
2115.859132,1302.000000,4.427879,-20.410480,712.770489,4.435083,20.413292,-0.061570
2115.838098,1303.000000,4.425815,-20.313394,712.767284,4.432913,20.316183,-0.059254
2115.836113,1304.000000,4.425636,-20.216480,712.770143,4.432899,20.219296,-0.062911
2115.839804,1305.000000,4.426019,-20.119618,712.774808,4.433526,20.122475,-0.068346
2115.834954,1306.000000,4.425557,-20.022677,712.776752,4.433187,20.025554,-0.071102
2115.808544,1307.000000,4.422961,-19.925544,712.771830,4.430408,19.928384,-0.067095
2115.778942,1308.000000,4.420049,-19.828384,712.765890,4.427269,19.831179,-0.062086
2115.757602,1309.000000,4.417955,-19.731299,712.762580,4.425064,19.734069,-0.059666
2115.723938,1310.000000,4.414641,-19.634106,712.755344,4.421465,19.636821,-0.053381
2115.666140,1311.000000,4.408938,-19.536705,712.740423,4.415136,19.539301,-0.039527
2115.603875,1312.000000,4.402794,-19.439269,712.724078,4.408302,19.441734,-0.024271
2115.559796,1313.000000,4.398450,-19.341995,712.713524,4.403525,19.344377,-0.014718
2115.526264,1314.000000,4.395149,-19.244814,712.706326,4.399941,19.247140,-0.008470
2115.494252,1315.000000,4.391999,-19.147648,712.699612,4.396529,19.149923,-0.002698
2115.561228,1316.000000,4.398645,-19.051327,712.724411,4.404314,19.053808,-0.027962
2115.500611,1317.000000,4.392665,-18.953919,712.708587,4.397667,18.956273,-0.013218
2115.528190,1318.000000,4.395412,-18.857258,712.720841,4.400995,18.859716,-0.026127
2115.534069,1319.000000,4.396012,-18.760412,712.726185,4.401869,18.762917,-0.032230
2115.530005,1320.000000,4.395628,-18.663481,712.728362,4.401619,18.666007,-0.035215
2115.548507,1321.000000,4.397477,-18.566737,712.737724,4.403921,18.569343,-0.045275
2115.588924,1322.000000,4.401495,-18.470172,712.754062,4.408702,18.472915,-0.062206
2115.629904,1323.000000,4.405569,-18.373607,712.770578,4.413546,18.376488,-0.079312
2115.630799,1324.000000,4.405676,-18.276709,712.774330,4.413856,18.279625,-0.083848
2115.568311,1325.000000,4.399509,-18.179296,712.757898,4.406996,18.182080,-0.068505
2115.483985,1326.000000,4.391182,-18.081711,712.734511,4.397666,18.084307,-0.046313
2115.512938,1327.000000,4.394065,-17.985043,712.747193,4.401150,17.987746,-0.059643
2115.507862,1328.000000,4.393581,-17.888099,712.749038,4.400784,17.890821,-0.062301
2115.522073,1329.000000,4.395006,-17.791309,712.757024,4.402600,17.794098,-0.071006
2115.514421,1330.000000,4.394267,-17.694343,712.758046,4.401943,17.697144,-0.072853
2115.475982,1331.000000,4.390481,-17.597135,712.749265,4.397803,17.599867,-0.065045
2115.436548,1332.000000,4.386596,-17.499921,712.740165,4.393551,17.502583,-0.056923
2115.400184,1333.000000,4.383016,-17.402734,712.732042,4.389646,17.405332,-0.049764
2115.368892,1334.000000,4.379937,-17.305588,712.725533,4.386315,17.308137,-0.044194
2115.356762,1335.000000,4.378755,-17.208592,712.725124,4.385151,17.211140,-0.044631
2115.365578,1336.000000,4.379646,-17.111755,712.731382,4.386357,17.114358,-0.051635
2115.360579,1337.000000,4.379169,-17.014812,712.733241,4.385999,17.017434,-0.054305
2115.323829,1338.000000,4.375551,-16.917629,712.724989,4.382051,16.920186,-0.047019
2115.280209,1339.000000,4.371253,-16.820396,712.714549,4.377325,16.822871,-0.037577
2115.252019,1340.000000,4.368482,-16.723281,712.709021,4.374345,16.725714,-0.032973
2115.243192,1341.000000,4.367626,-16.626312,712.709656,4.373554,16.628753,-0.034438
2115.253119,1342.000000,4.368627,-16.529481,712.716260,4.374885,16.531980,-0.041783
2115.285838,1343.000000,4.371883,-16.432816,712.730120,4.378794,16.435431,-0.056273
2115.309675,1344.000000,4.374260,-16.336082,712.741152,4.381698,16.338791,-0.067978
2115.271624,1345.000000,4.370513,-16.238896,712.732477,4.377602,16.241537,-0.060274
2115.200813,1346.000000,4.363524,-16.141476,712.713371,4.369800,16.143964,-0.042297
2115.144550,1347.000000,4.357975,-16.044166,712.698897,4.363645,16.046539,-0.028882
2115.128337,1348.000000,4.356389,-15.947145,712.697171,4.362019,15.949507,-0.028023
2115.147005,1349.000000,4.358255,-15.850371,712.706550,4.364338,15.852813,-0.038100
2115.175689,1350.000000,4.361111,-15.753666,712.719117,4.367789,15.756214,-0.051316
2115.201607,1351.000000,4.363694,-15.656938,712.730802,4.370928,15.659585,-0.063664
2115.218166,1352.000000,4.365351,-15.560141,712.739506,4.373008,15.562863,-0.073077
2115.212204,1353.000000,4.364779,-15.463187,712.741039,4.372542,15.465924,-0.075426
2115.182807,1354.000000,4.361889,-15.366071,712.735108,4.369424,15.368763,-0.070425
2115.142721,1355.000000,4.357941,-15.268884,712.725774,4.365098,15.271503,-0.062072
2115.106897,1356.000000,4.354414,-15.171729,712.717795,4.361253,15.174285,-0.055053
2115.074076,1357.000000,4.351185,-15.074595,712.710771,4.357748,15.077098,-0.048976
2115.033604,1358.000000,4.347199,-14.977413,712.701310,4.353378,14.979841,-0.040498
2114.989494,1359.000000,4.342854,-14.880209,712.690691,4.348597,14.882553,-0.030878
2114.976960,1360.000000,4.341632,-14.783216,712.690122,4.347387,14.785560,-0.031158
2115.000355,1361.000000,4.343965,-14.686460,712.700991,4.350239,14.688895,-0.042702
2115.028838,1362.000000,4.346801,-14.589734,712.713478,4.353668,14.592274,-0.055841
2115.038535,1363.000000,4.347779,-14.492882,712.719984,4.354971,14.495479,-0.063088
2115.038044,1364.000000,4.347749,-14.395963,712.723245,4.355123,14.398591,-0.067139
2115.040011,1365.000000,4.347962,-14.299060,712.727287,4.355552,14.301723,-0.071960
2115.029672,1366.000000,4.346957,-14.202077,712.727410,4.354589,14.204744,-0.072921
2114.997239,1367.000000,4.343767,-14.104954,712.720497,4.351128,14.107569,-0.066952
2114.954167,1368.000000,4.339524,-14.007767,712.710196,4.346464,14.010301,-0.057647
2114.937684,1369.000000,4.337911,-13.910748,712.708360,4.344806,13.913270,-0.056677
2114.942875,1370.000000,4.338443,-13.813864,712.713422,4.345600,13.816430,-0.062503
2114.936099,1371.000000,4.337792,-13.716904,712.714673,4.345040,13.719484,-0.064575
2114.914760,1372.000000,4.335699,-13.619856,712.711287,4.342834,13.622411,-0.062079
2114.900254,1373.000000,4.334282,-13.522850,712.710074,4.341400,13.525399,-0.061724
2114.894227,1374.000000,4.333704,-13.425895,712.711560,4.340924,13.428459,-0.064027
2114.882055,1375.000000,4.332519,-13.328903,712.711089,4.339754,13.331467,-0.064402
2114.882699,1376.000000,4.332601,-13.231987,712.714696,4.340033,13.234584,-0.068795
2114.915463,1377.000000,4.335861,-13.135259,712.728529,4.343945,13.137972,-0.083258
2114.959083,1378.000000,4.340195,-13.038590,712.745817,4.349084,13.041448,-0.101125
2114.956515,1379.000000,4.339959,-12.941649,712.748399,4.349000,12.944531,-0.104507
2114.915648,1380.000000,4.335935,-12.844488,712.738784,4.344585,12.847295,-0.095877
2114.868653,1381.000000,4.331304,-12.747295,712.727218,4.339476,12.750010,-0.085325
2114.824328,1382.000000,4.326937,-12.650120,712.716501,4.334669,12.652750,-0.075609
2114.783796,1383.000000,4.322946,-12.552968,712.706990,4.330292,12.555524,-0.067081
2114.749227,1384.000000,4.319544,-12.455853,712.699377,4.326589,12.458350,-0.060422
2114.725186,1385.000000,4.317185,-12.358798,712.695115,4.324076,12.361263,-0.057063
2114.717211,1386.000000,4.316414,-12.261832,712.695966,4.323380,12.264308,-0.058741
2114.739946,1387.000000,4.318682,-12.165033,712.706592,4.326157,12.167599,-0.070046
2114.783681,1388.000000,4.323027,-12.068345,712.723904,4.331308,12.071055,-0.087936
2114.778628,1389.000000,4.322546,-11.971390,712.725682,4.330943,11.974118,-0.090526
2114.704008,1390.000000,4.315183,-11.874066,712.705310,4.322710,11.876631,-0.071301
2114.633367,1391.000000,4.308213,-11.776769,712.686205,4.314928,11.779180,-0.053323
2114.636463,1392.000000,4.308538,-11.679861,712.690573,4.315484,11.682312,-0.058464
2114.695454,1393.000000,4.314392,-11.583242,712.712735,4.322360,11.585877,-0.081131
2114.748433,1394.000000,4.319652,-11.486585,712.732983,4.328556,11.489390,-0.101913
2114.769313,1395.000000,4.321736,-11.389760,712.743010,4.331123,11.392650,-0.112628
2114.756058,1396.000000,4.320444,-11.292760,712.742168,4.329829,11.295646,-0.112638
2114.708618,1397.000000,4.315769,-11.195589,712.730440,4.324670,11.198383,-0.101926
2114.647757,1398.000000,4.309767,-11.098355,712.714438,4.317993,11.101021,-0.087005
2114.607512,1399.000000,4.305805,-11.001227,712.705000,4.313648,11.003818,-0.078548
2114.585691,1400.000000,4.303665,-10.904190,712.701426,4.311385,10.906756,-0.075866
2114.544448,1401.000000,4.299604,-10.807061,712.691667,4.306927,10.809550,-0.067094
2114.498641,1402.000000,4.295091,-10.709913,712.680455,4.301953,10.712314,-0.056890
2114.499089,1403.000000,4.295154,-10.612987,712.683966,4.302209,10.615420,-0.061187
2114.517884,1404.000000,4.297032,-10.516147,712.693317,4.304539,10.518659,-0.071236
2114.511907,1405.000000,4.296460,-10.419188,712.694782,4.304068,10.421716,-0.073517
2114.480429,1406.000000,4.293365,-10.322112,712.688126,4.300714,10.324588,-0.067801
2114.489908,1407.000000,4.294321,-10.225225,712.694508,4.301990,10.227756,-0.074925
2114.431077,1408.000000,4.288521,-10.128026,712.679142,4.295543,10.130435,-0.060630
2114.388962,1409.000000,4.284374,-10.030907,712.669096,4.290987,10.033237,-0.051575
2114.383097,1410.000000,4.283813,-9.933951,712.670590,4.290528,9.936297,-0.053884
2114.437905,1411.000000,4.289252,-9.837262,712.691396,4.296929,9.839781,-0.075216
2114.515428,1412.000000,4.296939,-9.740666,712.719435,4.305899,9.743418,-0.103671
2114.460715,1413.000000,4.291546,-9.643492,712.705373,4.299917,9.646132,-0.090660
2114.492077,1414.000000,4.294667,-9.546690,712.718713,4.303668,9.549442,-0.104638
2114.406441,1415.000000,4.286215,-9.449389,712.694804,4.294190,9.451950,-0.081928
2114.351903,1416.000000,4.280840,-9.352226,712.680795,4.288228,9.354674,-0.068969
2114.322130,1417.000000,4.277914,-9.255168,712.674669,4.285067,9.257570,-0.063773
2114.296160,1418.000000,4.275364,-9.158128,712.669752,4.282335,9.160493,-0.059769
2114.283178,1419.000000,4.274099,-9.061142,712.668969,4.281071,9.063503,-0.059836
2114.302898,1420.000000,4.276068,-8.964286,712.678594,4.283505,8.966730,-0.070156
2114.349048,1421.000000,4.280651,-8.867533,712.696633,4.288927,8.870128,-0.088762
2114.398770,1422.000000,4.285588,-8.770789,712.715809,4.294753,8.773544,-0.108487
2114.425231,1423.000000,4.288224,-8.673950,712.727578,4.297949,8.676804,-0.120918
2114.418066,1424.000000,4.287535,-8.576978,712.728640,4.297343,8.579845,-0.122803
2114.399751,1425.000000,4.285742,-8.479964,712.726151,4.295476,8.482813,-0.121190
2114.372631,1426.000000,4.283078,-8.382918,712.720858,4.292614,8.385727,-0.116815
2114.330451,1427.000000,4.278925,-8.285817,712.710769,4.288049,8.288547,-0.107716
2114.282884,1428.000000,4.274239,-8.188700,712.698964,4.282874,8.191336,-0.096927
2114.249812,1429.000000,4.270987,-8.091638,712.691772,4.279339,8.094219,-0.090682
2114.238431,1430.000000,4.269881,-7.994655,712.691485,4.278256,7.997237,-0.091238
2114.228782,1431.000000,4.268945,-7.897679,712.691748,4.277369,7.900266,-0.092336
2114.203674,1432.000000,4.266481,-7.800648,712.687088,4.274734,7.803201,-0.088584
2114.178800,1433.000000,4.264040,-7.703620,712.682502,4.272126,7.706138,-0.084905
2114.186051,1434.000000,4.264776,-7.606702,712.688141,4.273149,7.609270,-0.091298
2114.217892,1435.000000,4.267944,-7.509865,712.701607,4.276952,7.512546,-0.105400
2114.209699,1436.000000,4.267153,-7.412892,712.702328,4.276230,7.415582,-0.106949
2114.096734,1437.000000,4.256000,-7.315576,712.669693,4.263662,7.318002,-0.075643
2113.985356,1438.000000,4.245005,-7.218275,712.637566,4.251276,7.220441,-0.044836
2113.957944,1439.000000,4.242313,-7.121249,712.632165,4.248380,7.123374,-0.040355
2113.838642,1450.000000,4.230725,-6.054552,712.630677,4.237128,6.056701,-0.048109
2111.137144,1644.000000,3.967616,12.754300,712.389919,3.970396,-12.753492,0.026832
2111.224328,1645.000000,3.976244,12.851806,712.420722,3.980431,-12.850742,-0.004350
2111.426122,1646.000000,3.996191,12.949983,712.487990,4.003405,-12.948366,-0.071459
2111.492174,1647.000000,4.002735,13.047388,712.512075,4.011056,-13.045570,-0.096022
2111.491115,1648.000000,4.002650,13.144405,712.514804,4.011130,-13.142561,-0.099546
2111.470753,1649.000000,4.000660,13.241308,712.511390,4.009024,-13.239490,-0.097016
2111.500930,1650.000000,4.003661,13.338512,712.524057,4.012625,-13.336587,-0.110330
2111.448933,1651.000000,3.998546,13.435227,712.510574,4.006947,-13.433408,-0.097881
2111.421410,1652.000000,3.995848,13.532085,712.504878,4.004033,-13.530310,-0.093104
2111.435500,1653.000000,3.997260,13.629196,712.512422,4.005816,-13.627356,-0.101370
2111.473657,1654.000000,4.001049,13.726456,712.527623,4.010318,-13.724488,-0.117181
2111.501232,1655.000000,4.003793,13.823656,712.539456,4.013625,-13.821587,-0.129674
2111.486660,1656.000000,4.002375,13.920596,712.537876,4.012172,-13.918538,-0.128951
2111.430502,1657.000000,3.996849,14.017276,712.523061,4.006024,-14.015335,-0.115190
2111.374731,1658.000000,3.991362,14.113954,712.508368,3.999920,-14.112130,-0.101549
2111.356149,1659.000000,3.989547,14.210864,712.505508,3.998015,-14.209061,-0.099565
2111.381497,1660.000000,3.992071,14.308054,712.516626,4.001069,-14.306157,-0.111353
2111.435770,1661.000000,3.997452,14.405434,712.536947,4.007390,-14.403367,-0.132209
2111.466300,1662.000000,4.000488,14.502666,712.549712,4.011030,-14.500491,-0.145620
2111.439387,1663.000000,3.997850,14.599526,712.544196,4.008184,-14.597393,-0.141019
2111.397367,1664.000000,3.993721,14.696286,712.533871,4.003632,-14.694234,-0.131681
2111.366359,1665.000000,3.990679,14.793116,712.527050,4.000323,-14.791117,-0.125794
2111.338453,1666.000000,3.987944,14.889965,712.521214,3.997365,-14.888010,-0.120879
2111.302938,1667.000000,3.984457,14.986761,712.512956,3.993547,-14.984871,-0.113577
2111.264046,1668.000000,3.980637,15.083532,712.503622,3.989349,-15.081715,-0.105216
2111.231161,1669.000000,3.977410,15.180342,712.496199,3.985828,-15.178583,-0.098736
2111.209178,1670.000000,3.975260,15.277224,712.492244,3.983539,-15.275494,-0.095673
2111.200644,1671.000000,3.974438,15.374198,712.492566,3.982767,-15.372462,-0.096825
2111.203453,1672.000000,3.974736,15.471250,712.496497,3.983277,-15.469478,-0.101532
2111.213115,1673.000000,3.975711,15.568351,712.502607,3.984560,-15.566526,-0.108386
2111.228155,1674.000000,3.977217,15.665492,712.510428,3.986450,-15.663599,-0.116925
2111.240073,1675.000000,3.978414,15.762612,712.517253,3.987987,-15.760661,-0.124484
2111.233986,1676.000000,3.977834,15.859607,712.518348,3.987492,-15.857644,-0.126397
2111.219596,1677.000000,3.976434,15.956544,712.516800,3.986060,-15.954590,-0.125706
2111.226176,1678.000000,3.977104,16.053630,712.521924,3.986994,-16.051631,-0.131588
2111.251636,1679.000000,3.979639,16.150854,712.533054,3.990061,-16.148761,-0.143389
2111.254117,1680.000000,3.979905,16.247915,712.536871,3.990533,-16.245786,-0.147983
2111.222592,1681.000000,3.976812,16.344728,712.529865,3.987165,-16.342654,-0.141915
2111.177352,1682.000000,3.972366,16.441438,712.518494,3.982249,-16.439454,-0.131545
2111.133496,1683.000000,3.968056,16.538156,712.507563,3.977490,-16.536258,-0.121609
2111.103927,1684.000000,3.965157,16.634978,712.501176,3.974343,-16.633129,-0.116150
2111.097623,1685.000000,3.964555,16.731971,712.502191,3.973823,-16.730110,-0.117984
2111.107290,1686.000000,3.965530,16.829085,712.508287,3.975106,-16.827171,-0.124824
2111.104162,1687.000000,3.965242,16.926104,712.510310,3.974944,-16.924170,-0.127651
2111.070964,1688.000000,3.961985,17.022895,712.502764,3.971388,-17.021020,-0.121050
2111.027931,1689.000000,3.957757,17.119609,712.492087,3.966721,-17.117818,-0.111364
2110.994339,1690.000000,3.954461,17.216392,712.484413,3.963120,-17.214661,-0.104637
2110.974545,1691.000000,3.952527,17.313280,712.481129,3.961077,-17.311573,-0.102235
2110.960395,1692.000000,3.951151,17.410212,712.479638,3.959671,-17.408513,-0.101601
2110.953494,1693.000000,3.950490,17.507200,712.480454,3.959083,-17.505491,-0.103237
2110.963745,1694.000000,3.951523,17.604323,712.486725,3.960431,-17.602559,-0.110250
2110.987268,1695.000000,3.953867,17.701553,712.497219,3.963278,-17.699700,-0.121423
2111.012002,1696.000000,3.956330,17.798795,712.508096,3.966261,-17.796850,-0.132974
2111.023225,1697.000000,3.957459,17.895932,712.514674,3.967719,-17.893931,-0.140289
2111.006005,1698.000000,3.955779,17.992843,712.512200,3.965966,-17.990858,-0.138685
2110.953865,1699.000000,3.950652,18.089471,712.498612,3.960271,-18.087594,-0.126131
2110.888849,1700.000000,3.944253,18.185991,712.480927,3.953122,-18.184255,-0.109540
2110.862870,1701.000000,3.941709,18.282825,712.475663,3.950381,-18.281129,-0.105186
2110.888709,1702.000000,3.944281,18.380083,712.486884,3.953488,-18.378292,-0.117076
2110.920320,1703.000000,3.947423,18.477392,712.499942,3.957247,-18.475491,-0.130775
2110.914746,1704.000000,3.946894,18.574396,712.501166,3.956809,-18.572482,-0.132815
2110.872294,1705.000000,3.942723,18.671092,712.490654,3.952207,-18.669261,-0.123291
2110.820300,1706.000000,3.937611,18.767706,712.477105,3.946528,-18.765983,-0.110775
2110.778351,1707.000000,3.933490,18.864401,712.466752,3.941984,-18.862759,-0.101408
2110.756382,1708.000000,3.931342,18.961263,712.462755,3.939695,-18.959651,-0.098303
2110.754334,1709.000000,3.931161,19.058293,712.465094,3.939654,-19.056658,-0.101441
2110.747591,1710.000000,3.930516,19.155284,712.465939,3.939083,-19.153639,-0.103107
2110.716560,1711.000000,3.927473,19.252066,712.459054,3.935771,-19.250475,-0.097157
2110.669312,1712.000000,3.922830,19.348707,712.447009,3.930628,-19.347210,-0.086123
2110.622947,1713.000000,3.918274,19.445352,712.435245,3.925585,-19.443948,-0.075365
2110.573486,1714.000000,3.913412,19.541966,712.422494,3.920193,-19.540664,-0.063635
2110.585166,1715.000000,3.914586,19.639114,712.429193,3.921701,-19.637754,-0.071069
2110.529232,1716.000000,3.909086,19.735668,712.414381,3.915578,-19.734425,-0.057308
2110.528922,1717.000000,3.909076,19.832710,712.417264,3.915733,-19.831441,-0.060981
2110.508023,1718.000000,3.907034,19.929571,712.413595,3.913565,-19.928328,-0.058199
2110.590777,1719.000000,3.915224,20.027357,712.442901,3.923094,-20.025872,-0.087908
2110.649198,1720.000000,3.921012,20.124933,712.464466,3.929878,-20.123268,-0.109989
2110.674161,1721.000000,3.923498,20.222213,712.475385,3.932886,-20.220455,-0.121582
2110.672639,1722.000000,3.923368,20.319255,712.477876,3.932903,-20.317474,-0.124869
2110.655141,1723.000000,3.921662,20.416153,712.475283,3.931118,-20.414389,-0.123147
2110.638936,1724.000000,3.920083,20.513062,712.473100,3.929479,-20.511312,-0.121830
2110.620607,1725.000000,3.918295,20.609950,712.470240,3.927600,-20.608221,-0.119845
2110.587988,1726.000000,3.915096,20.706706,712.462831,3.924108,-20.705035,-0.113378
2110.552165,1727.000000,3.911580,20.803430,712.454403,3.920254,-20.801824,-0.105907
2110.530550,1728.000000,3.909468,20.900285,712.450494,3.918004,-20.898708,-0.102888
2110.522596,1729.000000,3.908704,20.997267,712.450930,3.917296,-20.995683,-0.104151
2110.526955,1730.000000,3.909155,21.094365,712.455282,3.917977,-21.092742,-0.109272
2110.536779,1731.000000,3.910146,21.191516,712.461372,3.919275,-21.189840,-0.116106
2110.531713,1732.000000,3.909667,21.288527,712.462723,3.918893,-21.286837,-0.118270
2110.508637,1733.000000,3.907410,21.385367,712.458343,3.916477,-21.383709,-0.114788
2110.484243,1734.000000,3.905023,21.482193,712.453542,3.913913,-21.480571,-0.110890
2110.511102,1735.000000,3.907696,21.579512,712.465047,3.917134,-21.577793,-0.123059
2110.478972,1736.000000,3.904545,21.676263,712.457782,3.913697,-21.674600,-0.116734
2110.408260,1737.000000,3.897586,21.772637,712.438241,3.905905,-21.771131,-0.098313
2110.319481,1738.000000,3.888844,21.868829,712.412952,3.896075,-21.867526,-0.074228
2110.265248,1739.000000,3.883513,21.965353,712.398653,3.890144,-21.964165,-0.060972
2110.271828,1740.000000,3.884183,22.062473,712.403699,3.891075,-22.061240,-0.066777
2110.309193,1741.000000,3.887892,22.159899,712.418538,3.895481,-22.158542,-0.082231
2110.332236,1742.000000,3.890188,22.257187,712.428819,3.898270,-22.255742,-0.093194
2110.324431,1743.000000,3.889439,22.354170,712.429285,3.897578,-22.352718,-0.094486
2110.304058,1744.000000,3.887449,22.451027,712.425752,3.895468,-22.449601,-0.091837
2110.294731,1745.000000,3.886550,22.547995,712.425732,3.894604,-22.546565,-0.092650
2110.310423,1746.000000,3.888120,22.645215,712.433670,3.896563,-22.643718,-0.101305
2110.320064,1747.000000,3.889092,22.742377,712.439681,3.897840,-22.740827,-0.108061
2110.304475,1748.000000,3.887575,22.839283,712.437665,3.896269,-22.837746,-0.106907
2110.274780,1749.000000,3.884665,22.936044,712.431159,3.893106,-22.934557,-0.101329
2110.244006,1750.000000,3.881649,23.032792,712.424309,3.889822,-23.031358,-0.095413
2110.205568,1751.000000,3.877876,23.129459,712.415020,3.885673,-23.128098,-0.087092
2110.140986,1752.000000,3.871524,23.225852,712.397413,3.878573,-23.224632,-0.070576
2110.071752,1753.000000,3.864712,23.322193,712.378325,3.870949,-23.321125,-0.052601
2110.031796,1754.000000,3.860790,23.418834,712.368551,3.866629,-23.417844,-0.043802
2110.029624,1755.000000,3.860597,23.515870,712.370794,3.866572,-23.514858,-0.046845
2110.054938,1756.000000,3.863116,23.613197,712.381779,3.869617,-23.612092,-0.058502
2110.093252,1757.000000,3.866919,23.710665,712.396899,3.874128,-23.709432,-0.074233
2110.135041,1758.000000,3.871064,23.808174,712.413124,3.879031,-23.806805,-0.091053
2110.172527,1759.000000,3.874785,23.905641,712.427980,3.883450,-23.904148,-0.106524
2110.175053,1760.000000,3.875056,24.002738,712.431712,3.883923,-24.001211,-0.111034
2110.128113,1761.000000,3.870444,24.099303,712.419705,3.878813,-24.097871,-0.100035
2110.062866,1762.000000,3.864026,24.195667,712.401874,3.871639,-24.194378,-0.083298
2110.008504,1763.000000,3.858683,24.292145,712.387505,3.865693,-24.290970,-0.069971
2109.991495,1764.000000,3.857026,24.389026,712.385017,3.863961,-24.387868,-0.068353
2110.007667,1765.000000,3.858643,24.486269,712.393084,3.865973,-24.485042,-0.077134
2110.026835,1766.000000,3.860556,24.583548,712.402103,3.868324,-24.582243,-0.086853
2110.039412,1767.000000,3.861818,24.680756,712.409024,3.869931,-24.679392,-0.094505
2110.045943,1768.000000,3.862484,24.777900,712.414020,3.870855,-24.776491,-0.100260
2110.043557,1769.000000,3.862270,24.874946,712.416178,3.870774,-24.873516,-0.103220
2110.027316,1770.000000,3.860689,24.971838,712.413928,3.869129,-24.970424,-0.101834
2110.000838,1771.000000,3.858097,25.068615,712.408419,3.866328,-25.067242,-0.097239
2109.981922,1772.000000,3.856252,25.165475,712.405315,3.864381,-25.164125,-0.095012
2109.983408,1773.000000,3.856420,25.262565,712.408700,3.864736,-25.261184,-0.099180
2109.984000,1774.000000,3.856499,25.359647,712.411799,3.864990,-25.358237,-0.103067
2109.965147,1775.000000,3.854660,25.456507,712.408711,3.863050,-25.455120,-0.100856
2109.942819,1776.000000,3.852478,25.553328,712.404517,3.860718,-25.551971,-0.097555
2109.924807,1777.000000,3.850722,25.650197,712.401694,3.858873,-25.648860,-0.095606
2109.898239,1778.000000,3.848122,25.746967,712.396148,3.856062,-25.745672,-0.090974
2109.853291,1779.000000,3.843708,25.843523,712.384754,3.851178,-25.842319,-0.080579
2109.804297,1780.000000,3.838894,25.940030,712.372072,3.845837,-25.938926,-0.068915
2109.767929,1781.000000,3.835327,26.036680,712.363406,3.841921,-26.035643,-0.061207
2109.752978,1782.000000,3.833873,26.133578,712.361551,3.840421,-26.132553,-0.060211
2109.757787,1783.000000,3.834369,26.230707,712.365980,3.841150,-26.229643,-0.065408
2109.769664,1784.000000,3.835563,26.327920,712.372657,3.842677,-26.326798,-0.072820
2109.767036,1785.000000,3.835325,26.424964,712.374719,3.842567,-26.423823,-0.075683
2109.739521,1786.000000,3.832631,26.521715,712.368862,3.839649,-26.520617,-0.070744
2109.708559,1787.000000,3.829598,26.618422,712.361908,3.836343,-26.617379,-0.064724
2109.706657,1788.000000,3.829431,26.715475,712.364197,3.836315,-26.714409,-0.067811
2109.737143,1789.000000,3.832461,26.812916,712.376787,3.839941,-26.811744,-0.081050
2109.753048,1790.000000,3.834052,26.910186,712.384738,3.841922,-26.908946,-0.089717
2109.708932,1791.000000,3.829720,27.006734,712.373595,3.837131,-27.005582,-0.079568
2109.629727,1792.000000,3.821927,27.102854,712.351288,3.828382,-27.101881,-0.058419
2109.576793,1793.000000,3.816726,27.199287,712.337338,3.822597,-27.198425,-0.045505
2109.576151,1794.000000,3.816684,27.296355,712.340020,3.822710,-27.295468,-0.048979
2109.582383,1795.000000,3.817320,27.393507,712.344887,3.823600,-27.392577,-0.054608
2109.578285,1796.000000,3.816937,27.490534,712.346467,3.823323,-27.489588,-0.056997
2109.581186,1797.000000,3.817245,27.587648,712.350273,3.823837,-27.586667,-0.061578
2109.613587,1798.000000,3.820463,27.685128,712.363461,3.827678,-27.684036,-0.075406
2109.661235,1799.000000,3.825186,27.782801,712.381499,3.833240,-27.781558,-0.094012
2109.691721,1800.000000,3.828216,27.880265,712.394076,3.836865,-27.878916,-0.107238
2109.705814,1801.000000,3.829628,27.977528,712.401438,3.838642,-27.976115,-0.115324
2109.709306,1802.000000,3.829995,28.074660,712.405426,3.839222,-28.073212,-0.120086
2109.688401,1803.000000,3.827953,28.171486,712.401651,3.837049,-28.170065,-0.117198
2109.628665,1804.000000,3.822081,28.267821,712.385521,3.830495,-28.266529,-0.102135
2109.541948,1805.000000,3.813546,28.363810,712.360808,3.820898,-28.362717,-0.078615
2109.536094,1806.000000,3.812990,28.460820,712.361818,3.820423,-28.459716,-0.080441
2109.504759,1807.000000,3.809920,28.557506,712.354721,3.817074,-28.556456,-0.074279
2109.496636,1808.000000,3.809140,28.654487,712.355006,3.816343,-28.653432,-0.075392
2109.501398,1809.000000,3.809632,28.751634,712.359389,3.817066,-28.750540,-0.080543
2109.503704,1810.000000,3.809881,28.848750,712.362989,3.817512,-28.847623,-0.084923
2109.488041,1811.000000,3.808357,28.945636,712.360872,3.815930,-28.944523,-0.083668
2109.453659,1812.000000,3.804987,29.042278,712.352800,3.812237,-29.041227,-0.076545
2109.429719,1813.000000,3.802646,29.139054,712.348047,3.809722,-29.138039,-0.072694
2109.443771,1814.000000,3.804054,29.236324,712.355379,3.811492,-29.235247,-0.080750
2109.472801,1815.000000,3.806940,29.333794,712.367475,3.814953,-29.332614,-0.093501
2109.479949,1816.000000,3.807667,29.430979,712.372608,3.815944,-29.429754,-0.099391
2109.460558,1817.000000,3.805776,29.527815,712.369298,3.813942,-29.526614,-0.096961
2109.431084,1818.000000,3.802890,29.624518,712.362779,3.810802,-29.623366,-0.091369
2109.397317,1819.000000,3.799580,29.721161,712.354893,3.807178,-29.720071,-0.084429
2109.362733,1820.000000,3.796190,29.817792,712.346746,3.803462,-29.816766,-0.077233
2109.338149,1821.000000,3.793786,29.914555,712.341780,3.800874,-29.913565,-0.073170
2109.326445,1822.000000,3.792653,30.011489,712.340909,3.799739,-30.010503,-0.073144
2109.329394,1823.000000,3.792966,30.108619,712.344698,3.800256,-30.107600,-0.077709
2109.338431,1824.000000,3.793879,30.205834,712.350422,3.801461,-30.204764,-0.084181
2109.342108,1825.000000,3.794264,30.302977,712.354440,3.802060,-30.301871,-0.088972
2109.327185,1826.000000,3.792813,30.399869,712.352540,3.800562,-30.398776,-0.087931
2109.291260,1827.000000,3.789291,30.496475,712.343959,3.796694,-30.495448,-0.080306
2109.265891,1828.000000,3.786810,30.593222,712.338733,3.794017,-30.592235,-0.075988
2109.287260,1829.000000,3.788940,30.690609,712.348374,3.796612,-30.689540,-0.086320
2109.320226,1830.000000,3.792214,30.788159,712.361703,3.800515,-30.786977,-0.100287
2109.302670,1831.000000,3.790504,30.885015,712.358960,3.798720,-30.883853,-0.098414
2109.232164,1832.000000,3.783570,30.981138,712.339372,3.790951,-30.980132,-0.079943
2109.153999,1833.000000,3.775881,31.077149,712.317347,3.782319,-31.076321,-0.059070
2109.129944,1834.000000,3.773530,31.173908,712.312533,3.779790,-31.173116,-0.055157
2109.146051,1835.000000,3.775140,31.271226,712.320492,3.781791,-31.270366,-0.063832
2109.137325,1836.000000,3.774302,31.368200,712.320551,3.780991,-31.367335,-0.064722
2109.099387,1837.000000,3.770581,31.464762,712.311317,3.776896,-31.463970,-0.056453
2109.064110,1838.000000,3.767123,31.561360,712.302929,3.773102,-31.560634,-0.049019
2109.051620,1839.000000,3.765913,31.658278,712.301788,3.771877,-31.657558,-0.048725
2109.040950,1840.000000,3.764882,31.755222,712.301224,3.770858,-31.754503,-0.049000
2108.999678,1841.000000,3.760833,31.851730,712.290925,3.766387,-31.851092,-0.039683
2108.929801,1842.000000,3.753963,31.947827,712.271528,3.758691,-31.947345,-0.021399
2108.865883,1843.000000,3.747681,32.044005,712.254026,3.751666,-32.043663,-0.004983
2108.844693,1844.000000,3.745613,32.140791,712.250111,3.749461,-32.140478,-0.001956
2108.850088,1845.000000,3.746167,32.237960,712.254650,3.750253,-32.237606,-0.007260
2108.856797,1846.000000,3.746850,32.335148,712.259606,3.751193,-32.334751,-0.012975
2108.868718,1847.000000,3.748048,32.432414,712.266218,3.752721,-32.431959,-0.020322
2108.900379,1848.000000,3.751192,32.529969,712.279107,3.756475,-32.529405,-0.033854
2108.946296,1849.000000,3.755743,32.627735,712.296530,3.761837,-32.627025,-0.051855
2108.978303,1850.000000,3.758922,32.725303,712.309528,3.765631,-32.724483,-0.065494
2107.764648,1983.000000,3.642228,45.623243,712.287376,3.652789,-45.622173,-0.154049
2107.625047,1984.000000,3.628489,45.717563,712.245624,3.637228,-45.716832,-0.113726
2106.896060,2057.000000,3.558335,52.795974,712.204255,3.567886,-52.795344,-0.133416
2106.809513,2058.000000,3.549829,52.891131,712.179291,3.558307,-52.890703,-0.109637
2106.651836,2059.000000,3.534316,52.984598,712.131707,3.540712,-52.984556,-0.063561
2106.487107,2060.000000,3.518110,53.077885,712.081886,3.522326,-53.078248,-0.015280
2106.447924,2061.000000,3.514273,53.174142,712.071987,3.518085,-53.174582,-0.006350
2106.472633,2062.000000,3.516730,53.271917,712.082403,3.521043,-53.272268,-0.017444
2106.497963,2063.000000,3.519249,53.369709,712.093015,3.524070,-53.369970,-0.028733
2106.509173,2064.000000,3.520377,53.467168,712.099137,3.525506,-53.467375,-0.035594
2106.501335,2065.000000,3.519628,53.564172,712.099200,3.524797,-53.564376,-0.036484
2106.497430,2066.000000,3.519267,53.661271,712.100512,3.524530,-53.661461,-0.038605
2106.520616,2067.000000,3.521575,53.759021,712.110439,3.527316,-53.759127,-0.049217
2106.543177,2068.000000,3.523821,53.856759,712.120165,3.530031,-53.856782,-0.059632
2106.536264,2069.000000,3.523164,53.953790,712.120518,3.529426,-53.953806,-0.060807
2106.505804,2070.000000,3.520186,54.050252,712.113381,3.526167,-54.050324,-0.054600
2106.524791,2071.000000,3.522080,54.147908,712.121968,3.528480,-54.147907,-0.063891
2106.504825,2072.000000,3.520137,54.244624,712.118166,3.526403,-54.244650,-0.060971
2106.511676,2073.000000,3.520835,54.341989,712.122891,3.527348,-54.341973,-0.066456
2106.522201,2074.000000,3.521896,54.439445,712.128783,3.528707,-54.439378,-0.073091
2106.504215,2075.000000,3.520147,54.536209,712.125607,3.526854,-54.536164,-0.070788
2106.449122,2076.000000,3.514743,54.632066,712.110629,3.520819,-54.632141,-0.056851
2106.396283,2077.000000,3.509561,54.727974,712.096367,3.515039,-54.728163,-0.043621
2106.375980,2078.000000,3.507584,54.824676,712.092451,3.512925,-54.824893,-0.040587
2106.383156,2079.000000,3.508315,54.922051,712.097271,3.513906,-54.922226,-0.046166
2106.387997,2080.000000,3.508815,55.019370,712.101349,3.514624,-55.019508,-0.051013
2106.379266,2081.000000,3.507979,55.116357,712.101108,3.513813,-55.116493,-0.051603
2106.371367,2082.000000,3.507224,55.213364,712.101132,3.513096,-55.213497,-0.052454
2106.370373,2083.000000,3.507150,55.310542,712.103350,3.513157,-55.310653,-0.055467
2106.359759,2084.000000,3.506128,55.407482,712.102507,3.512133,-55.407598,-0.055464
2106.332244,2085.000000,3.503441,55.504004,712.096289,3.509206,-55.504167,-0.050162
2106.312423,2086.000000,3.501512,55.600715,712.092516,3.507146,-55.600905,-0.047270
2106.317664,2087.000000,3.502052,55.698049,712.096712,3.507909,-55.698202,-0.052233
2106.321537,2088.000000,3.502457,55.795350,712.100472,3.508517,-55.795469,-0.056766
2106.301035,2089.000000,3.500461,55.892044,712.096479,3.506380,-55.892192,-0.053657
2106.267316,2090.000000,3.497163,55.988406,712.088282,3.502754,-55.988619,-0.046404
2106.231186,2091.000000,3.493628,56.084706,712.079317,3.498856,-56.084989,-0.038394
2106.207354,2092.000000,3.491303,56.181313,712.074261,3.496343,-56.181633,-0.034238
2106.206460,2093.000000,3.491239,56.278495,712.076499,3.496414,-56.278794,-0.037271
2106.226748,2094.000000,3.493261,56.376211,712.085471,3.498872,-56.376433,-0.046942
2106.264749,2095.000000,3.497029,56.474377,712.100075,3.503325,-56.474476,-0.062165
2106.305619,2096.000000,3.501079,56.572620,712.115591,3.508102,-56.572589,-0.078287
2106.284995,2097.000000,3.499071,56.669310,712.111549,3.505950,-56.669309,-0.075130
2106.238562,2098.000000,3.494520,56.765344,712.099299,3.500891,-56.765441,-0.063881
2106.211769,2099.000000,3.491904,56.861875,712.093293,3.498045,-56.862017,-0.058788
2106.213612,2100.000000,3.492110,56.959133,712.096393,3.498424,-56.959246,-0.062670
2106.255143,2101.000000,3.496225,57.057404,712.112113,3.503275,-57.057385,-0.078993
2106.288509,2102.000000,3.499536,57.155471,712.125236,3.507206,-57.155341,-0.092756
2106.263685,2103.000000,3.497114,57.252053,712.119851,3.504581,-57.251964,-0.088275
2106.213504,2104.000000,3.492194,57.347984,712.106401,3.499099,-57.348002,-0.075844
2106.168427,2105.000000,3.487777,57.444043,712.094574,3.494192,-57.444155,-0.065012
2106.130562,2106.000000,3.484071,57.540284,712.085038,3.490098,-57.540471,-0.056439
2106.095055,2107.000000,3.480597,57.636583,712.076252,3.486270,-57.636839,-0.048605
2106.064404,2108.000000,3.477602,57.733006,712.069009,3.482989,-57.733318,-0.042292
2106.044368,2109.000000,3.475652,57.829701,712.065141,3.480903,-57.830041,-0.039305
2106.029338,2110.000000,3.474195,57.926525,712.062863,3.479381,-57.926880,-0.037887
2106.020353,2111.000000,3.473334,58.023505,712.062506,3.478540,-58.023860,-0.038361
2106.032559,2112.000000,3.474560,58.121036,712.068886,3.480087,-58.121335,-0.045478
2106.049077,2113.000000,3.476211,58.218681,712.076636,3.482119,-58.218913,-0.053945
2106.049957,2114.000000,3.476322,58.315920,712.079413,3.482389,-58.316127,-0.057508
2106.028000,2115.000000,3.474183,58.412565,712.074926,3.480087,-58.412805,-0.053912
2105.981611,2116.000000,3.469637,58.508570,712.062669,3.475032,-58.508907,-0.042656
2105.930487,2117.000000,3.464626,58.604448,712.048905,3.469444,-58.604895,-0.029915
2105.906493,2118.000000,3.462286,58.701034,712.043767,3.466913,-58.701519,-0.025677
2105.907758,2119.000000,3.462435,58.798282,712.046660,3.467226,-58.798741,-0.029355
2105.916487,2120.000000,3.463318,58.895728,712.051925,3.468380,-58.896140,-0.035372
2105.931239,2121.000000,3.464795,58.993334,712.059104,3.470213,-58.993684,-0.043275
2105.949986,2122.000000,3.466666,59.091048,712.067552,3.472496,-59.091326,-0.052430
2105.938023,2123.000000,3.465511,59.187952,712.066234,3.471319,-59.188237,-0.051957
2105.863787,2124.000000,3.458223,59.283207,712.045112,3.463127,-59.283662,-0.031962
2105.774672,2125.000000,3.449470,59.378061,712.019259,3.453261,-59.378725,-0.007304
2105.718941,2126.000000,3.444006,59.473796,712.004021,3.447154,-59.474581,0.006891
2105.722881,2127.000000,3.444418,59.571115,712.007755,3.447769,-59.571866,0.002384
2105.768487,2128.000000,3.448933,59.669546,712.024735,3.453076,-59.670155,-0.015181
2105.810766,2129.000000,3.453121,59.767893,712.040657,3.458008,-59.768369,-0.031703
2105.833693,2130.000000,3.455403,59.865727,712.050424,3.460761,-59.866119,-0.042158
2105.843202,2131.000000,3.456363,59.963205,712.055924,3.462003,-59.963549,-0.048407
2105.850294,2132.000000,3.457086,60.060619,712.060655,3.462972,-60.060921,-0.053896
2105.861646,2133.000000,3.458228,60.158150,712.066738,3.464421,-60.158399,-0.060720
2105.872035,2134.000000,3.459275,60.255656,712.072515,3.465761,-60.255854,-0.067241
2105.866470,2135.000000,3.458751,60.352734,712.073217,3.465305,-60.352924,-0.068759
2105.831675,2136.000000,3.455348,60.449023,712.064622,3.461556,-60.449280,-0.061113
2105.776342,2137.000000,3.449922,60.544755,712.049495,3.455493,-60.545132,-0.047027
2105.736910,2138.000000,3.446062,60.640913,712.039424,3.451222,-60.641369,-0.037925
2105.736234,2139.000000,3.446020,60.738120,712.041675,3.451316,-60.738555,-0.040971
2105.760557,2140.000000,3.448439,60.836008,712.051875,3.454225,-60.836356,-0.051853
2105.773804,2141.000000,3.449768,60.933598,712.058552,3.455887,-60.933887,-0.059261
2105.768335,2142.000000,3.449254,61.030679,712.059276,3.455441,-61.030959,-0.060801
2105.767550,2143.000000,3.449200,61.127888,712.061488,3.455523,-61.128147,-0.063808
2105.777958,2144.000000,3.450250,61.225404,712.067259,3.456865,-61.225613,-0.070323
2105.779363,2145.000000,3.450412,61.322676,712.070165,3.457193,-61.322858,-0.074015
2105.758545,2146.000000,3.448386,61.419339,712.066003,3.455018,-61.419552,-0.070738
2105.732149,2147.000000,3.445810,61.515847,712.060066,3.452214,-61.516105,-0.065711
2105.715313,2148.000000,3.444176,61.612618,712.057168,3.450488,-61.612896,-0.063681
2105.710905,2149.000000,3.443766,61.709730,712.058221,3.450161,-61.709997,-0.065545
2105.697797,2150.000000,3.442499,61.806603,712.056506,3.448854,-61.806880,-0.064681
2105.664028,2151.000000,3.439197,61.902904,712.048219,3.445220,-61.903246,-0.057338
2105.629762,2152.000000,3.435847,61.999189,712.039774,3.441530,-61.999597,-0.049839
2105.622448,2153.000000,3.435151,62.096220,712.039898,3.440875,-62.096624,-0.050787
2105.652800,2154.000000,3.438164,62.194298,712.051999,3.444463,-62.194599,-0.063542
2105.695355,2155.000000,3.442379,62.292719,712.067979,3.449426,-62.292886,-0.080122
2105.695082,2156.000000,3.442377,62.389951,712.070339,3.449565,-62.390096,-0.083275
2105.618456,2157.000000,3.434854,62.485052,712.048416,3.441103,-62.485373,-0.062488
2105.555383,2158.000000,3.428667,62.580526,712.030803,3.434168,-62.580988,-0.045951
2105.560638,2159.000000,3.429208,62.677910,712.034916,3.434929,-62.678335,-0.050832
2105.543418,2160.000000,3.427537,62.774664,712.031882,3.433159,-62.775110,-0.048667
2105.496351,2161.000000,3.422926,62.870579,712.019355,3.428027,-62.871125,-0.037144
2105.520005,2162.000000,3.425279,62.968481,712.029316,3.430860,-62.968942,-0.047790
2105.468705,2163.000000,3.420252,63.064274,712.015441,3.425251,-63.064845,-0.034938
2105.446328,2164.000000,3.418072,63.160879,712.010762,3.422900,-63.161485,-0.031151
2105.461303,2165.000000,3.419571,63.258539,712.017959,3.424755,-63.259083,-0.039072
2105.490049,2166.000000,3.422426,63.356591,712.029534,3.428161,-63.357037,-0.051309
2105.477563,2167.000000,3.421221,63.453477,712.027997,3.426924,-63.453933,-0.050619
2105.411478,2168.000000,3.414737,63.548842,712.009414,3.419650,-63.549446,-0.033126
2105.333791,2169.000000,3.407112,63.643872,711.987143,3.411070,-63.644655,-0.011996
2105.291003,2170.000000,3.402923,63.739890,711.975967,3.406420,-63.740761,-0.001805
2105.306770,2171.000000,3.404499,63.837575,711.983408,3.408364,-63.838382,-0.009966
2105.362404,2172.000000,3.410002,63.936401,712.003525,3.414797,-63.937041,-0.030623
2105.424856,2173.000000,3.416176,64.035428,712.025809,3.421999,-64.035882,-0.053418
2105.481298,2174.000000,3.421758,64.134289,712.046183,3.428525,-64.134573,-0.074329
2105.457042,2175.000000,3.419394,64.230841,712.040893,3.425961,-64.231165,-0.069939
2105.504160,2176.000000,3.424059,64.329442,712.058300,3.431437,-64.329620,-0.087926
2105.517378,2177.000000,3.425385,64.427073,712.064925,3.433094,-64.427194,-0.095283
2105.492948,2178.000000,3.423003,64.523620,712.059576,3.430511,-64.523781,-0.090835
2105.520626,2179.000000,3.425753,64.621671,712.070797,3.433796,-64.621737,-0.102724
2105.458828,2180.000000,3.419692,64.717137,712.053561,3.427004,-64.717341,-0.086558
2105.416670,2181.000000,3.415564,64.813168,712.042571,3.422424,-64.813459,-0.076549
2105.394776,2182.000000,3.413432,64.909784,712.038023,3.420126,-64.910109,-0.072891
2105.387139,2183.000000,3.412705,65.006813,712.038009,3.419434,-65.007134,-0.073703
2105.369555,2184.000000,3.410998,65.103553,712.034830,3.417622,-65.103897,-0.071394
2105.319882,2185.000000,3.406130,65.199357,712.021445,3.412195,-65.199808,-0.059025
2105.276298,2186.000000,3.401863,65.295336,712.009996,3.407455,-65.295877,-0.048563
2105.256286,2187.000000,3.399917,65.392000,712.006041,3.405369,-65.392571,-0.045490
2105.242910,2188.000000,3.398624,65.488858,712.004196,3.404030,-65.489440,-0.044496
2105.233574,2189.000000,3.397729,65.585834,712.003634,3.403147,-65.586418,-0.044768
2105.239123,2190.000000,3.398300,65.683247,712.007804,3.403939,-65.683793,-0.049704
2105.263378,2191.000000,3.400713,65.781211,712.017921,3.406838,-65.781671,-0.060504
2105.291735,2192.000000,3.403530,65.879299,712.029342,3.410200,-65.879662,-0.072589
2105.292007,2193.000000,3.403581,65.976562,712.031831,3.410398,-65.976902,-0.075868
2105.243152,2194.000000,3.398794,66.072376,712.018695,3.405063,-66.072820,-0.063744
2105.173010,2195.000000,3.391912,66.167557,711.998790,3.397332,-66.168161,-0.044946
2105.127082,2196.000000,3.387414,66.263451,711.986584,3.392327,-66.264151,-0.033738
2105.123239,2197.000000,3.387060,66.360588,711.987759,3.392062,-66.361276,-0.035722
2105.140024,2198.000000,3.388738,66.458339,711.995492,3.394119,-66.458960,-0.044171
2105.162721,2199.000000,3.390997,66.556268,712.005104,3.396842,-66.556807,-0.054473
2105.177760,2200.000000,3.392502,66.653972,712.012280,3.398703,-66.654449,-0.062373
2105.158531,2201.000000,3.390633,66.750656,712.008558,3.396705,-66.751160,-0.059529
2105.137097,2202.000000,3.388547,66.847274,712.004133,3.394458,-66.847811,-0.055992
2105.141913,2203.000000,3.389046,66.944675,712.008055,3.395168,-66.945177,-0.060683
2105.155020,2204.000000,3.390361,67.042326,712.014612,3.396811,-67.042771,-0.067973
2105.145588,2205.000000,3.389457,67.139304,712.014000,3.395916,-67.139750,-0.068195
2105.108837,2206.000000,3.385863,67.235460,712.004699,3.391944,-67.235980,-0.059852
2105.067080,2207.000000,3.381776,67.331464,711.993806,3.387409,-67.332069,-0.049938
2105.037001,2208.000000,3.378839,67.427817,711.986625,3.384188,-67.428478,-0.043684
2105.011489,2209.000000,3.376351,67.524306,711.980896,3.381482,-67.525010,-0.038860
2104.983409,2210.000000,3.373611,67.620716,711.974348,3.378487,-67.621471,-0.033231
2104.950456,2211.000000,3.370391,67.716977,711.966251,3.374943,-67.717795,-0.026072
2104.910363,2212.000000,3.366469,67.813019,711.955881,3.370596,-67.813919,-0.016675
2104.870297,2213.000000,3.362549,67.909060,711.945520,3.366251,-67.910042,-0.007285
2104.848782,2214.000000,3.360455,68.005662,711.941055,3.363995,-68.006677,-0.003709
2104.859928,2215.000000,3.361577,68.103257,711.946975,3.365416,-68.104220,-0.010369
2104.900430,2216.000000,3.365589,68.201749,711.962227,3.370143,-68.202584,-0.026232
2104.953390,2217.000000,3.370827,68.300625,711.981440,3.376273,-68.301299,-0.045999
2104.994892,2218.000000,3.374938,68.399156,711.997010,3.381113,-68.399700,-0.062174
2105.019058,2219.000000,3.377342,68.497161,712.007066,3.384001,-68.497619,-0.072913
2105.034214,2220.000000,3.378859,68.594894,712.014256,3.385874,-68.595290,-0.080827
2105.031489,2221.000000,3.378616,68.692079,712.015758,3.385733,-68.692460,-0.083133
2105.000159,2222.000000,3.375555,68.788386,712.008162,3.382371,-68.788826,-0.076469
2104.952342,2223.000000,3.370872,68.884184,711.995322,3.377153,-68.884725,-0.064636
2104.902095,2224.000000,3.365950,68.979904,711.981709,3.371661,-68.980553,-0.052039
2104.845989,2225.000000,3.360450,69.075439,711.966231,3.365509,-69.076212,-0.037606
2104.786619,2226.000000,3.354630,69.170870,711.949716,3.358991,-69.171774,-0.022148
2104.747363,2227.000000,3.350790,69.266919,711.939595,3.354737,-69.267903,-0.012995
2104.754440,2228.000000,3.351512,69.364401,711.944205,3.355699,-69.365344,-0.018365
2104.796159,2229.000000,3.355643,69.462960,711.959829,3.360562,-69.463772,-0.034594
2104.844629,2230.000000,3.360440,69.561733,711.977599,3.366186,-69.562397,-0.052938
2104.872987,2231.000000,3.363256,69.659886,711.988974,3.369545,-69.660453,-0.064978
2104.865654,2232.000000,3.362559,69.756929,711.988998,3.368885,-69.757493,-0.065826
2104.826885,2233.000000,3.358767,69.852992,711.979024,3.364685,-69.853634,-0.056817
2104.773204,2234.000000,3.353507,69.948586,711.964306,3.358807,-69.949345,-0.043133
2104.724830,2235.000000,3.348769,70.044342,711.951276,3.353526,-70.045205,-0.031111
2104.687190,2236.000000,3.345089,70.140432,711.941658,3.349453,-70.141370,-0.022453
2104.660475,2237.000000,3.342484,70.236862,711.935513,3.346611,-70.237847,-0.017220
2104.646860,2238.000000,3.341168,70.333702,711.933532,3.345243,-70.334701,-0.016091
2104.647336,2239.000000,3.341240,70.430986,711.936030,3.345462,-70.431960,-0.019379
2104.661958,2240.000000,3.342704,70.528716,711.943025,3.347274,-70.529630,-0.027100
2104.672684,2241.000000,3.343784,70.626325,711.948780,3.348647,-70.627189,-0.033599
2104.686197,2242.000000,3.345139,70.724025,711.955421,3.350334,-70.724831,-0.040971
2104.719221,2243.000000,3.348415,70.822343,711.968264,3.354217,-70.823041,-0.054459
2104.749140,2244.000000,3.351385,70.920568,711.980120,3.357751,-70.921165,-0.066972
2104.747556,2245.000000,3.351254,71.017796,711.981956,3.357738,-71.018375,-0.069607
2104.717414,2246.000000,3.348312,71.114117,711.974710,3.354509,-71.114752,-0.063288
2104.682750,2247.000000,3.344924,71.210293,711.966024,3.350771,-71.210996,-0.055549
2104.633617,2248.000000,3.340112,71.306005,711.952737,3.345404,-71.306814,-0.043274
2104.553573,2249.000000,3.332257,71.400728,711.929620,3.336557,-71.401723,-0.021307
2104.491009,2250.000000,3.326124,71.496004,711.912061,3.329679,-71.497139,-0.004819
2104.507444,2251.000000,3.327766,71.593802,711.919619,3.331694,-71.594872,-0.013096
2104.574669,2252.000000,3.334408,71.693229,711.943326,3.339427,-71.694102,-0.037294
2104.624433,2253.000000,3.339332,71.792104,711.961481,3.345195,-71.792824,-0.056018
2104.619202,2254.000000,3.338842,71.889216,711.962146,3.344770,-71.889928,-0.057499
2104.574547,2255.000000,3.334471,71.985062,711.950275,3.339908,-71.985868,-0.046619
2104.528041,2256.000000,3.329918,72.080844,711.937813,3.334836,-72.081749,-0.035157
2104.484753,2257.000000,3.325681,72.176727,711.926374,3.330127,-72.177723,-0.024704
2104.500882,2258.000000,3.327294,72.274527,711.933827,3.332108,-72.275458,-0.032877
2104.426591,2259.000000,3.320006,72.369404,711.912528,3.323908,-72.370506,-0.012702
2104.386345,2260.000000,3.316070,72.465379,711.902054,3.319542,-72.466563,-0.003199
2104.384639,2261.000000,3.315927,72.562600,711.903832,3.319514,-72.563767,-0.005776
2104.367664,2262.000000,3.314281,72.659327,711.900754,3.317768,-72.660515,-0.003566
2104.211820,2263.000000,3.298968,72.751538,711.853525,3.300389,-72.753110,0.042174
2102.191483,2468.000000,3.105451,92.626830,711.661526,3.105754,-92.629307,0.062802
2102.172957,2469.000000,3.103656,92.723423,711.657713,3.103825,-92.725929,0.065742
2102.251729,2470.000000,3.111428,92.824051,711.684832,3.112840,-92.826332,0.038176
2102.396401,2471.000000,3.125681,92.927425,711.732905,3.129270,-92.929308,-0.010054
2102.432531,2472.000000,3.129261,93.026299,711.746467,3.133489,-93.028069,-0.024251
2102.422861,2473.000000,3.128336,93.123272,711.745465,3.132556,-93.125046,-0.024084
2102.443898,2474.000000,3.130432,93.221523,711.754226,3.135078,-93.223223,-0.033545
2102.470251,2475.000000,3.133050,93.319999,711.764676,3.138197,-93.321610,-0.044673
2102.467812,2476.000000,3.132836,93.417277,711.765970,3.138077,-93.418873,-0.046770
2102.434645,2477.000000,3.129601,93.513270,711.757490,3.134500,-93.514933,-0.039229
2102.398008,2478.000000,3.126024,93.609116,711.747906,3.130533,-93.610854,-0.030598
2102.377367,2479.000000,3.124020,93.705630,711.743408,3.128365,-93.707401,-0.026984
2102.375962,2480.000000,3.123908,93.802949,711.745026,3.128362,-93.804704,-0.029400
2102.385471,2481.000000,3.124870,93.900727,711.750113,3.129586,-93.902437,-0.035239
2102.396336,2482.000000,3.125965,93.998564,711.755630,3.130963,-94.000225,-0.041501
2102.405052,2483.000000,3.126848,94.096312,711.760463,3.132098,-94.097931,-0.047088
2102.408329,2484.000000,3.127197,94.193832,711.763565,3.132621,-94.195423,-0.050969
2102.415759,2485.000000,3.127954,94.291529,711.767986,3.133611,-94.293080,-0.056151
2102.428616,2486.000000,3.129245,94.389457,711.774133,3.135212,-94.390954,-0.063034
2102.403176,2487.000000,3.126770,94.485768,711.768099,3.132504,-94.487312,-0.057904
2102.333025,2488.000000,3.119897,94.580189,711.747845,3.124765,-94.581894,-0.038752
2102.260588,2489.000000,3.112799,94.674507,711.726864,3.116770,-94.676381,-0.018881
2102.200414,2490.000000,3.106908,94.769339,711.709783,3.110155,-94.771350,-0.002857
2102.164769,2491.000000,3.103429,94.865207,711.700500,3.106299,-94.867291,0.005477
2102.167593,2492.000000,3.103733,94.962706,711.703448,3.106771,-94.964763,0.001748
2102.199928,2493.000000,3.106939,95.061460,711.715779,3.110562,-95.063412,-0.011234
2102.216652,2494.000000,3.108610,95.159553,711.723145,3.112597,-95.161442,-0.019319
2102.174826,2495.000000,3.104524,95.255156,711.711892,3.108045,-95.257134,-0.009042
2102.114523,2496.000000,3.098620,95.349968,711.694762,3.101416,-95.352083,0.007030
2102.101390,2497.000000,3.097355,95.446789,711.692631,3.100092,-95.448918,0.008310
2102.127136,2498.000000,3.099913,95.545269,711.702861,3.103142,-95.547311,-0.002599
2102.148404,2499.000000,3.102031,95.643562,711.711666,3.105688,-95.645528,-0.012104
2102.127592,2500.000000,3.100011,95.740056,711.707089,3.103500,-95.742057,-0.008412
2102.079581,2501.000000,3.095316,95.835384,711.693862,3.098253,-95.837490,0.003812
2102.063955,2502.000000,3.093806,95.932097,711.690933,3.096649,-95.934224,0.005880
2102.097122,2503.000000,3.097094,96.030904,711.703516,3.100533,-96.032925,-0.007351
2102.130527,2504.000000,3.100406,96.129726,711.716176,3.104444,-96.131639,-0.020657
2102.131073,2505.000000,3.100486,96.227137,711.718385,3.104659,-96.229029,-0.023657
2102.114136,2506.000000,3.098847,96.323797,711.715033,3.102907,-96.325713,-0.021172
2102.096912,2507.000000,3.097180,96.420443,711.711589,3.101122,-96.422385,-0.018596
2102.074590,2508.000000,3.095011,96.516870,711.706523,3.098765,-96.518849,-0.014421
2102.034080,2509.000000,3.091054,96.612509,711.695672,3.094361,-96.614574,-0.004541
2101.986875,2510.000000,3.086439,96.707857,711.682691,3.089204,-96.710024,0.007440
2101.961299,2511.000000,3.083951,96.804137,711.676587,3.086480,-96.806351,0.012639
2101.963295,2512.000000,3.084174,96.901610,711.679249,3.086858,-96.903799,0.009193
2101.976776,2513.000000,3.085526,96.999581,711.685562,3.088527,-97.001716,0.002147
2101.989045,2514.000000,3.086759,97.097503,711.691488,3.090060,-97.099586,-0.004519
2101.998184,2515.000000,3.087684,97.195290,711.696418,3.091241,-97.197329,-0.010202
2102.011585,2516.000000,3.089028,97.293264,711.702702,3.092901,-97.295248,-0.017220
2102.039331,2517.000000,3.091783,97.391865,711.713547,3.096175,-97.393757,-0.028736
2102.077036,2518.000000,3.095518,97.490902,711.727558,3.100569,-97.492677,-0.043376
2102.100510,2519.000000,3.097853,97.589324,711.737043,3.103363,-97.591017,-0.053551
2102.107610,2520.000000,3.098578,97.687033,711.741319,3.104315,-97.688688,-0.058590
2102.129646,2521.000000,3.100772,97.785396,711.750345,3.106946,-97.786974,-0.068312
2102.181825,2522.000000,3.105930,97.885082,711.768957,3.112970,-97.886504,-0.087489
2102.232176,2523.000000,3.110909,97.984692,711.786987,3.118787,-97.985964,-0.106092
2102.220919,2524.000000,3.109829,98.081607,711.785421,3.117673,-98.082888,-0.105368
2102.164936,2525.000000,3.104350,98.176558,711.769628,3.111527,-98.177965,-0.090613
2102.108401,2526.000000,3.098816,98.271481,711.753658,3.105319,-98.273016,-0.075684
2102.069845,2527.000000,3.095051,98.367191,711.743406,3.101134,-98.368806,-0.066394
2102.052950,2528.000000,3.093416,98.463852,711.740042,3.099385,-98.465491,-0.063897
2102.062808,2529.000000,3.094413,98.561690,711.745186,3.100647,-98.563285,-0.069790
2102.089306,2530.000000,3.097045,98.660265,711.755621,3.103780,-98.661770,-0.080902
2102.105488,2531.000000,3.098664,98.758387,711.762774,3.105753,-98.759830,-0.088778
2102.086232,2532.000000,3.096797,98.854945,711.758654,3.103739,-98.856419,-0.085536
2102.027080,2533.000000,3.091006,98.949737,711.741845,3.097236,-98.951346,-0.069778
2101.945797,2534.000000,3.083039,99.043546,711.717996,3.088244,-99.045346,-0.047078
2101.873388,2535.000000,3.075946,99.137741,711.696970,3.080251,-99.139711,-0.027161
2101.838527,2536.000000,3.072545,99.233597,711.687884,3.076482,-99.235638,-0.019020
2101.831944,2537.000000,3.071924,99.330706,711.687790,3.075893,-99.332745,-0.019748
2101.840285,2538.000000,3.072771,99.428479,711.692439,3.076983,-99.430476,-0.025154
2101.853382,2539.000000,3.074086,99.526465,711.698601,3.078608,-99.528408,-0.032052
2101.853517,2540.000000,3.074126,99.623875,711.700639,3.078775,-99.625799,-0.034883
2101.843951,2541.000000,3.073212,99.720854,711.699591,3.077851,-99.722783,-0.034670
2101.834345,2542.000000,3.072294,99.817832,711.698530,3.076922,-99.819766,-0.034443
2101.807647,2543.000000,3.069696,99.914045,711.692031,3.074071,-99.916029,-0.028854
2101.765944,2544.000000,3.065622,100.009587,711.680760,3.069531,-100.011660,-0.018559
2101.745302,2545.000000,3.063619,100.106068,711.676185,3.067361,-100.108175,-0.014867
2101.751834,2546.000000,3.064288,100.203765,711.680251,3.068247,-100.205836,-0.019697
2101.771404,2547.000000,3.066239,100.302048,711.688462,3.070600,-100.304049,-0.028616
2101.776174,2548.000000,3.066735,100.399670,711.691965,3.071288,-100.401638,-0.032891
2101.749511,2549.000000,3.064140,100.495881,711.685471,3.068440,-100.497899,-0.027307
2101.717954,2550.000000,3.061064,100.591870,711.677419,3.065042,-100.593951,-0.020186
2101.719474,2551.000000,3.061241,100.689346,711.679885,3.065364,-100.691403,-0.023439
2101.755863,2552.000000,3.064845,100.788394,711.693439,3.069609,-100.790337,-0.037627
2101.790095,2553.000000,3.068238,100.887348,711.706306,3.073611,-100.889183,-0.051138
2101.805100,2554.000000,3.069741,100.985439,711.713058,3.075450,-100.987215,-0.058618
2101.822882,2555.000000,3.071516,101.083657,711.720692,3.077601,-101.085367,-0.066967
2101.847158,2556.000000,3.073931,101.182171,711.730390,3.080483,-101.183799,-0.077353
2101.859912,2557.000000,3.075212,101.280167,711.736423,3.082069,-101.281742,-0.084124
2101.843369,2558.000000,3.073612,101.376836,711.733137,3.080359,-101.378435,-0.081702
2101.804392,2559.000000,3.069806,101.472488,711.722714,3.076126,-101.474169,-0.072243
2101.752551,2560.000000,3.064735,101.567552,711.708199,3.070445,-101.569349,-0.058747
2101.700089,2561.000000,3.059604,101.662585,711.693486,3.064694,-101.664499,-0.045056
2101.666530,2562.000000,3.056331,101.758474,711.684783,3.061070,-101.760456,-0.037293
2101.651122,2563.000000,3.054843,101.855188,711.681852,3.059488,-101.857190,-0.035222
2101.636646,2564.000000,3.053446,101.951943,711.679216,3.058010,-101.953964,-0.033443
2101.617034,2565.000000,3.051545,102.048463,711.674946,3.055955,-102.050516,-0.030052
2101.592091,2566.000000,3.049120,102.144740,711.668980,3.053300,-102.146838,-0.024987
2101.559982,2567.000000,3.045989,102.240687,711.660733,3.049839,-102.242849,-0.017673
2101.527265,2568.000000,3.042800,102.336605,711.652292,3.046310,-102.338833,-0.010168
2101.502807,2569.000000,3.040422,102.432898,711.646477,3.043710,-102.435171,-0.005253
2101.572524,2570.000000,3.047304,102.533507,711.670608,3.051702,-102.535579,-0.029874
2101.571727,2571.000000,3.047252,102.630888,711.672314,3.051762,-102.632942,-0.032377
2101.575828,2572.000000,3.047682,102.728494,711.675578,3.052374,-102.730519,-0.036415
2101.553854,2573.000000,3.045549,102.824903,711.670547,3.050053,-102.826966,-0.032274
2101.520506,2574.000000,3.042297,102.920788,711.661898,3.046452,-102.922918,-0.024563
2101.517453,2575.000000,3.042024,103.018065,711.662882,3.046259,-103.020184,-0.026354
2101.518733,2576.000000,3.042177,103.115543,711.665244,3.046553,-103.117639,-0.029503
2101.624274,2577.000000,3.052581,103.217833,711.700763,3.058575,-103.219635,-0.065356
2101.656224,2578.000000,3.055750,103.316733,711.712877,3.062319,-103.318433,-0.078125
2101.632827,2579.000000,3.053476,103.413079,711.707387,3.059837,-103.414820,-0.073529
2101.598074,2580.000000,3.050086,103.508898,711.698283,3.056078,-103.510710,-0.065371
2101.580095,2581.000000,3.048346,103.605491,711.694514,3.054206,-103.607332,-0.062473
2101.577648,2582.000000,3.048132,103.702804,711.695683,3.054080,-103.704632,-0.064447
2101.582499,2583.000000,3.048636,103.800456,711.699173,3.054776,-103.802252,-0.068708
2101.594767,2584.000000,3.049870,103.898454,711.705020,3.056306,-103.900199,-0.075296
2101.610532,2585.000000,3.051447,103.996617,711.711979,3.058229,-103.998301,-0.082979
2101.599658,2586.000000,3.050405,104.093541,711.710463,3.057156,-104.095235,-0.082304
2101.550901,2587.000000,3.045638,104.188701,711.696898,3.051821,-104.190503,-0.069744
2101.540990,2588.000000,3.044690,104.285669,711.695686,3.050856,-104.287477,-0.069369
2101.479823,2589.000000,3.038703,104.380245,711.678172,3.044125,-104.382193,-0.052914
2101.453315,2590.000000,3.036124,104.476435,711.671680,3.041293,-104.478433,-0.047331
2101.477293,2591.000000,3.038509,104.574984,711.681243,3.044140,-104.576900,-0.057583
2101.523122,2592.000000,3.043042,104.674558,711.697756,3.049445,-104.676336,-0.074690
2101.531329,2593.000000,3.043876,104.772375,711.702301,3.050517,-104.774113,-0.079993
2101.494143,2594.000000,3.040247,104.868066,711.692408,3.046484,-104.869881,-0.071055
2101.450063,2595.000000,3.035940,104.963430,711.680321,3.041675,-104.965341,-0.059953
2101.425274,2596.000000,3.033530,105.059697,711.674369,3.039036,-105.061654,-0.054902
2101.429419,2597.000000,3.033965,105.157324,711.677617,3.039652,-105.159250,-0.058926
2101.471298,2598.000000,3.038110,105.256727,711.692867,3.044512,-105.258525,-0.074787
2101.542294,2599.000000,3.045118,105.357506,711.717378,3.052647,-105.359100,-0.099783
2101.520146,2600.000000,3.042967,105.453901,711.712260,3.050305,-105.455534,-0.095555
2101.514852,2601.000000,3.042474,105.551090,711.712503,3.049859,-105.552717,-0.096614
2101.460492,2602.000000,3.037156,105.645961,711.697137,3.043893,-105.647711,-0.082278
2101.467256,2603.000000,3.037849,105.743719,711.701212,3.044803,-105.745432,-0.087117
2101.404535,2604.000000,3.031709,105.838189,711.683185,3.037897,-105.840047,-0.070156
2101.349178,2605.000000,3.026294,105.933004,711.667500,3.031819,-105.934988,-0.055505
2101.338070,2606.000000,3.025229,106.029913,711.665888,3.030719,-106.031906,-0.054734
2101.388791,2607.000000,3.030243,106.129755,711.683939,3.036573,-106.131597,-0.073359
2101.482359,2608.000000,3.039470,106.231638,711.715620,3.047247,-106.233217,-0.105427
2101.514751,2609.000000,3.042683,106.330621,711.727842,3.051040,-106.332097,-0.118301
2101.538236,2610.000000,3.045020,106.429184,711.737229,3.053830,-106.430580,-0.128380
2101.481322,2611.000000,3.039450,106.523921,711.721039,3.047577,-106.525446,-0.113231
2101.459616,2612.000000,3.037344,106.620332,711.716048,3.045284,-106.621895,-0.109128
2101.389925,2613.000000,3.030518,106.714452,711.695793,3.037593,-106.716177,-0.089969
2101.355122,2614.000000,3.027124,106.810233,711.686634,3.033827,-106.812030,-0.081755
2101.356096,2615.000000,3.027247,106.907722,711.688855,3.034085,-106.909498,-0.084764
2101.383801,2616.000000,3.029998,107.006491,711.699576,3.037350,-107.008176,-0.096160
2101.427609,2617.000000,3.034333,107.106034,711.715420,3.042426,-107.107586,-0.112606
2101.456093,2618.000000,3.037161,107.204847,711.726388,3.045779,-107.206306,-0.124245
2101.447672,2619.000000,3.036361,107.301893,711.725616,3.044980,-107.303355,-0.124302
2101.420724,2620.000000,3.033738,107.398050,711.718948,3.042097,-107.399563,-0.118545
2101.381507,2621.000000,3.029910,107.493615,711.708377,3.037834,-107.495211,-0.108937
2101.326096,2622.000000,3.024489,107.588398,711.692654,3.031749,-107.590120,-0.094248
2101.266505,2623.000000,3.018657,107.682976,711.675600,3.025195,-107.684835,-0.078247
2101.214961,2624.000000,3.013617,107.777938,711.661105,3.019545,-107.779912,-0.064769
2101.190484,2625.000000,3.011238,107.874201,711.655219,3.016940,-107.876220,-0.059783
2101.198346,2626.000000,3.012038,107.972025,711.659617,3.017973,-107.974004,-0.064941
2101.227352,2627.000000,3.014918,108.070871,711.670740,3.021383,-108.072757,-0.076731
2101.254178,2628.000000,3.017582,108.169616,711.681169,3.024549,-108.171412,-0.087837
2101.264925,2629.000000,3.018667,108.267585,711.686482,3.025905,-108.269335,-0.093897
2101.259901,2630.000000,3.018200,108.364792,711.686777,3.025488,-108.366536,-0.095007
2101.242139,2631.000000,3.016481,108.461381,711.683020,3.023638,-108.463153,-0.092121
2101.214537,2632.000000,3.013795,108.557492,711.676131,3.020681,-108.559317,-0.086145
2101.188748,2633.000000,3.011287,108.653689,711.669818,3.017928,-108.655562,-0.080738
2101.187187,2634.000000,3.011161,108.751063,711.671210,3.017901,-108.752922,-0.082930
2101.209856,2635.000000,3.013417,108.849617,711.680309,3.020598,-108.851398,-0.092724
2101.233278,2636.000000,3.015747,108.948211,711.689646,3.023380,-108.949912,-0.102754
2101.247779,2637.000000,3.017201,109.046372,711.696145,3.025159,-109.048016,-0.109983
2101.264169,2638.000000,3.018840,109.144627,711.703243,3.027150,-109.146211,-0.117804
2101.259439,2639.000000,3.018402,109.241853,711.703622,3.026766,-109.243430,-0.118997
2101.191914,2640.000000,3.011791,109.336010,711.684024,3.019318,-109.337744,-0.100485
2101.110138,2641.000000,3.003778,109.429464,711.659893,3.010267,-109.431392,-0.077502
2101.040787,2642.000000,2.996988,109.523520,711.639714,3.002615,-109.525610,-0.058417
2101.000501,2643.000000,2.993055,109.618996,711.628779,2.998231,-109.621173,-0.048450
2100.990297,2644.000000,2.992080,109.715945,711.627411,2.997231,-109.718129,-0.047920
2100.988399,2645.000000,2.991921,109.813301,711.628684,2.997165,-109.815472,-0.049994
2100.984570,2646.000000,2.991572,109.910563,711.629341,2.996881,-109.912726,-0.051462
2100.989100,2647.000000,2.992044,110.008237,711.632656,2.997538,-110.010369,-0.055551
2101.009263,2648.000000,2.994054,110.106682,711.640942,2.999953,-110.108742,-0.064543
2101.027689,2649.000000,2.995893,110.205043,711.648674,3.002172,-110.207037,-0.072990
2101.036669,2650.000000,2.996803,110.302941,711.653401,3.003329,-110.304893,-0.078471
2101.056338,2651.000000,2.998765,110.401368,711.661528,3.005688,-110.403251,-0.087306
2101.097412,2652.000000,3.002831,110.500856,711.676462,3.010455,-110.502613,-0.102857
2101.122044,2653.000000,3.005280,110.599534,711.686166,3.013372,-110.601209,-0.113247
2101.100844,2654.000000,3.003223,110.695947,711.681288,3.011135,-110.697658,-0.109255
2101.048415,2655.000000,2.998096,110.790812,711.666475,3.005385,-110.792641,-0.095463
2100.991491,2656.000000,2.992528,110.885450,711.650232,2.999129,-110.887409,-0.080260
2100.956738,2657.000000,2.989139,110.981184,711.641041,2.995367,-110.983215,-0.072012
2100.959815,2658.000000,2.989469,111.078795,711.643881,2.995860,-111.080800,-0.075633
2100.994721,2659.000000,2.992928,111.177990,711.656845,2.999932,-111.179885,-0.089240
2101.031818,2660.000000,2.996603,111.277297,711.670506,3.004251,-111.279077,-0.103534
2101.037764,2661.000000,2.997215,111.375057,711.674256,3.005067,-111.376802,-0.108052
2101.023263,2662.000000,2.995817,111.471799,711.671501,3.003582,-111.473564,-0.106153
2101.021972,2663.000000,2.995718,111.569199,711.672947,3.003584,-111.570949,-0.108398
2101.041034,2664.000000,2.997620,111.667616,711.680866,3.005874,-111.669298,-0.117029
2101.036189,2665.000000,2.997171,111.764841,711.681179,3.005476,-111.766517,-0.118157
2100.983899,2666.000000,2.992058,111.859693,711.666398,2.999741,-111.861487,-0.104395
2100.920293,2667.000000,2.985832,111.953975,711.648016,2.992733,-111.955916,-0.087082
2100.881665,2668.000000,2.982063,112.049504,711.637579,2.988535,-112.051527,-0.077606
2100.886297,2669.000000,2.982546,112.147199,711.640902,2.989202,-112.149192,-0.081703
2100.913691,2670.000000,2.985267,112.246038,711.651465,2.992429,-112.247941,-0.092941
2100.913377,2671.000000,2.985263,112.343489,711.653212,2.992540,-112.345374,-0.095483
2100.889061,2672.000000,2.982901,112.439733,711.647323,2.989951,-112.441663,-0.090493
2100.877802,2673.000000,2.981822,112.536633,711.645587,2.988831,-112.538574,-0.089599
2100.914194,2674.000000,2.985427,112.635932,711.659007,2.993070,-112.637761,-0.103656
2100.971351,2675.000000,2.991074,112.736283,711.679033,2.999645,-112.737944,-0.124229
2100.952745,2676.000000,2.989273,112.832817,711.674956,2.997698,-112.834508,-0.121026
2099.999491,2882.000000,2.901440,132.870443,711.727562,2.919652,-132.871032,-0.341344
2099.959389,2883.000000,2.897527,132.965629,711.716409,2.915278,-132.966307,-0.331156
2099.914383,2884.000000,2.893131,133.060520,711.703694,2.910352,-133.061299,-0.319427
2099.876158,2885.000000,2.889403,133.155813,711.693137,2.906190,-133.156675,-0.309827
2099.871947,2886.000000,2.889018,133.253131,711.693408,2.905853,-133.253987,-0.310911
2099.882928,2887.000000,2.890127,133.351356,711.698515,2.907226,-133.352167,-0.316766
2099.855019,2888.000000,2.887413,133.447260,711.691239,2.904223,-133.448127,-0.310404
2099.786587,2889.000000,2.880715,133.540740,711.671061,2.896663,-133.541770,-0.291311
2099.719736,2890.000000,2.874173,133.634310,711.651387,2.889281,-133.635497,-0.272714
2099.693400,2891.000000,2.871613,133.730299,711.644609,2.886455,-133.731539,-0.266843
2099.695697,2892.000000,2.871868,133.828002,711.646945,2.886851,-133.829219,-0.269965
2099.678374,2893.000000,2.870195,133.924529,711.643035,2.885039,-133.925775,-0.266922
2099.616920,2894.000000,2.864183,134.018409,711.625075,2.878264,-134.019799,-0.250018
2099.540325,2895.000000,2.856684,134.111375,711.602295,2.869787,-134.112948,-0.228357
2099.565099,2896.000000,2.859149,134.210424,711.611781,2.872710,-134.211916,-0.238533
2099.543971,2897.000000,2.857101,134.306716,711.606656,2.870470,-134.308247,-0.234292
2099.594281,2898.000000,2.862075,134.407304,711.624269,2.876265,-134.408688,-0.252487
2099.631007,2899.000000,2.865715,134.507080,711.637558,2.880532,-134.508351,-0.266415
2099.688691,2900.000000,2.871414,134.608121,711.657519,2.887156,-134.609226,-0.286926
2099.762482,2901.000000,2.878697,134.710140,711.682608,2.895593,-134.711036,-0.312497
2099.792698,2902.000000,2.881697,134.809537,711.693824,2.899128,-134.810338,-0.324380
2099.725782,2903.000000,2.875148,134.903073,711.674112,2.891738,-134.904032,-0.305746
2099.608138,2904.000000,2.863613,134.993539,711.638250,2.878642,-134.994789,-0.271178
2099.501880,2905.000000,2.853199,135.084685,711.606015,2.866828,-135.086195,-0.240188
2099.522987,2906.000000,2.855303,135.183526,711.614324,2.869338,-135.184965,-0.249202
2099.505333,2907.000000,2.853597,135.280024,711.610293,2.867489,-135.281493,-0.246041
2099.514163,2908.000000,2.854494,135.378126,711.614692,2.868618,-135.379555,-0.251197
2099.546071,2909.000000,2.857660,135.477627,711.626437,2.872343,-135.478957,-0.263601
2099.512538,2910.000000,2.854393,135.573162,711.617347,2.868708,-135.574563,-0.255449
2099.531975,2911.000000,2.856333,135.671911,711.625120,2.871030,-135.673245,-0.263934
2099.537596,2912.000000,2.856915,135.769822,711.628493,2.871798,-135.771126,-0.268078
2099.546252,2913.000000,2.857795,135.867920,711.632831,2.872907,-135.869184,-0.273174
2099.563882,2914.000000,2.859557,135.966564,711.640025,2.875026,-135.967766,-0.281089
2099.599948,2915.000000,2.863132,136.066334,711.653089,2.879219,-136.067426,-0.294794
2099.659826,2916.000000,2.869047,136.167558,711.673733,2.886090,-136.168478,-0.315980
2099.721002,2917.000000,2.875091,136.268868,711.694790,2.893107,-136.269612,-0.337573
2099.750334,2918.000000,2.878004,136.368240,711.705709,2.896543,-136.368891,-0.349162
2099.723079,2919.000000,2.875354,136.464159,711.698607,2.893612,-136.464865,-0.342970
2099.677661,2920.000000,2.870919,136.558966,711.685720,2.888639,-136.559774,-0.331071
2099.651877,2921.000000,2.868414,136.654971,711.679085,2.885875,-136.655830,-0.325340
2099.627603,2922.000000,2.866057,136.751066,711.672929,2.883280,-136.751973,-0.320082
2099.581477,2923.000000,2.861552,136.845822,711.659815,2.878227,-136.846833,-0.307958
2099.526339,2924.000000,2.856162,136.940022,711.643831,2.872161,-136.941160,-0.293001
2099.489172,2925.000000,2.852538,137.035320,711.633568,2.868116,-137.036539,-0.283690
2099.478237,2926.000000,2.851493,137.132225,711.631655,2.867022,-137.133457,-0.282619
2099.481644,2927.000000,2.851857,137.230011,711.634307,2.867541,-137.231217,-0.286052
2099.488168,2928.000000,2.852528,137.327989,711.637951,2.868410,-137.329163,-0.290462
2099.493462,2929.000000,2.853078,137.425893,711.641202,2.869141,-137.427036,-0.294486
2099.485085,2930.000000,2.852284,137.522956,711.640099,2.868334,-137.524106,-0.294214
2099.503330,2931.000000,2.854107,137.621659,711.647472,2.870521,-137.622745,-0.302304
2099.425499,2932.000000,2.846486,137.714442,711.624254,2.861902,-137.715715,-0.280210
2099.399516,2933.000000,2.843962,137.810417,711.617544,2.859115,-137.811742,-0.274404
2099.399150,2934.000000,2.843955,137.907972,711.618987,2.859209,-137.909281,-0.276644
2099.402245,2935.000000,2.844289,138.005741,711.621531,2.859693,-138.007026,-0.279970
2099.409807,2936.000000,2.845062,138.103787,711.625497,2.860678,-138.105036,-0.284699
2099.387262,2937.000000,2.842876,138.199972,711.619876,2.858277,-138.201264,-0.279968
2099.375445,2938.000000,2.841744,138.296819,711.617670,2.857083,-138.298126,-0.278607
2099.409296,2939.000000,2.845100,138.396495,711.630002,2.861026,-138.397698,-0.291591
2099.457705,2940.000000,2.849888,138.497077,711.646969,2.866605,-138.498138,-0.309149
2099.485521,2941.000000,2.852652,138.596386,711.657379,2.869869,-138.597358,-0.320236
2099.491740,2942.000000,2.853293,138.694358,711.660911,2.870703,-138.695298,-0.324537
2099.444715,2943.000000,2.848700,138.789023,711.647489,2.865549,-138.790070,-0.312108
2099.349954,2944.000000,2.839416,138.880718,711.618867,2.855025,-138.881996,-0.284681
2099.273684,2945.000000,2.831949,138.973555,711.596133,2.846582,-138.975016,-0.263064
2099.237201,2946.000000,2.828393,139.068863,711.586066,2.842614,-139.070403,-0.253945
2099.233285,2947.000000,2.828038,139.166196,711.586365,2.842308,-139.167731,-0.255056
2099.243935,2948.000000,2.829114,139.264438,711.591300,2.843641,-139.265929,-0.260742
2099.246864,2949.000000,2.829432,139.362200,711.593777,2.844104,-139.363667,-0.264001
2099.234351,2950.000000,2.828231,139.458999,711.591336,2.842832,-139.460482,-0.262408
2099.230953,2951.000000,2.827927,139.556366,711.591796,2.842584,-139.557843,-0.263677
2099.272624,2952.000000,2.832052,139.656551,711.606604,2.847405,-139.657903,-0.279104
2099.336823,2953.000000,2.838392,139.758149,711.628584,2.854759,-139.759318,-0.301608
2099.391449,2954.000000,2.843791,139.859155,711.647517,2.861037,-139.860166,-0.321105
2099.410632,2955.000000,2.845706,139.957946,711.655163,2.863329,-139.958890,-0.329466
2099.407675,2956.000000,2.845445,140.055351,711.655758,2.863131,-140.056287,-0.330868
2099.415007,2957.000000,2.846196,140.153401,711.659629,2.864090,-140.154303,-0.335504
2099.428137,2958.000000,2.847516,140.251817,711.665345,2.865701,-140.252669,-0.341959
2099.417283,2959.000000,2.846479,140.348728,711.663423,2.864614,-140.349592,-0.340877
2099.374175,2960.000000,2.842271,140.443611,711.651229,2.859900,-140.444572,-0.329660
2099.326134,2961.000000,2.837579,140.538181,711.637463,2.854630,-140.539251,-0.316892
2099.291370,2962.000000,2.834192,140.633582,711.627924,2.850854,-140.634727,-0.308294
2099.268947,2963.000000,2.832017,140.729759,711.622314,2.848466,-140.730946,-0.303574
2099.250813,2964.000000,2.830265,140.826204,711.618068,2.846561,-140.827424,-0.300200
2099.230535,2965.000000,2.828302,140.922514,711.613139,2.844414,-140.923770,-0.296151
2099.213262,2966.000000,2.826634,141.019011,711.609165,2.842605,-141.020297,-0.293045
2099.218815,2967.000000,2.827209,141.116950,711.612458,2.843364,-141.118205,-0.297109
2099.255781,2968.000000,2.830872,141.216875,711.625752,2.847655,-141.218018,-0.311043
2099.299000,2969.000000,2.835150,141.317200,711.641037,2.852649,-141.318215,-0.326941
2099.306016,2970.000000,2.835869,141.415237,711.644793,2.853572,-141.416218,-0.331463
2099.274954,2971.000000,2.832846,141.510864,711.636424,2.850212,-141.511910,-0.324019
2099.241833,2972.000000,2.829620,141.606358,711.627397,2.846621,-141.607475,-0.315926
2099.220426,2973.000000,2.827546,141.702592,711.622099,2.844346,-141.703749,-0.311514
2099.213050,2974.000000,2.826851,141.799716,711.621268,2.843650,-141.800877,-0.311509
2099.214698,2975.000000,2.827043,141.897413,711.623310,2.843969,-141.898554,-0.314339
2099.203219,2976.000000,2.825944,141.994277,711.621170,2.842811,-141.995431,-0.313042
2099.170969,2977.000000,2.822804,142.089818,711.612415,2.839318,-142.091041,-0.305218
2099.143787,2978.000000,2.820163,142.185680,711.605274,2.836394,-142.186959,-0.298986
2099.148374,2979.000000,2.820643,142.283564,711.608246,2.837043,-142.284815,-0.302735
2099.189286,2980.000000,2.824694,142.383764,711.622785,2.841778,-142.384892,-0.317896
2099.244993,2981.000000,2.830199,142.484911,711.642035,2.848176,-142.485879,-0.337707
2099.250013,2982.000000,2.830723,142.582829,711.645143,2.848874,-142.583768,-0.341589
2099.164629,2983.000000,2.822360,142.674974,711.619461,2.839404,-142.676120,-0.317062
2099.064999,2984.000000,2.812598,142.766202,711.589245,2.828332,-142.767592,-0.288059
2099.010918,2985.000000,2.807313,142.860335,711.573531,2.822383,-142.861850,-0.273368
2098.998149,2986.000000,2.806088,142.957107,711.570970,2.821080,-142.958640,-0.271656
2099.005886,2987.000000,2.806878,143.055192,711.574937,2.822083,-143.056689,-0.276386
2099.028045,2988.000000,2.809086,143.154202,711.583495,2.824708,-143.155626,-0.285645
2099.056657,2989.000000,2.811927,143.253629,711.594107,2.828059,-143.254963,-0.296932
2099.076867,2990.000000,2.813944,143.352519,711.602043,2.830464,-143.353785,-0.305578
2099.063834,2991.000000,2.812693,143.449277,711.599393,2.829131,-143.450561,-0.303777
2099.020351,2992.000000,2.808449,143.544078,711.587045,2.824374,-143.545460,-0.292408
2098.970181,2993.000000,2.803548,143.638446,711.572568,2.818864,-143.639943,-0.278937
2098.927042,2994.000000,2.799339,143.733262,711.560329,2.814146,-143.734857,-0.267674
2098.908907,2995.000000,2.797586,143.829685,711.556050,2.812239,-143.831311,-0.264267
2098.938033,2996.000000,2.800479,143.929152,711.566818,2.815647,-143.930687,-0.275707
2099.003575,2997.000000,2.806950,144.030970,711.589180,2.823150,-144.032318,-0.298589
2099.059917,2998.000000,2.812517,144.132200,711.608613,2.829619,-144.133386,-0.318580
2099.083178,2999.000000,2.814833,144.231301,711.617512,2.832367,-144.232411,-0.328176
