column_u_px,bias_mm
0,9.9953257789999999
1,9.9941347480000005
2,9.9955715215000005
3,9.9995065449999991
4,10.0054250085
5,10.012316879499998
6,10.018496236499999
7,10.0209368315
8,10.016788514
9,10.007043055
10,9.9938051035000015
11,9.9795543035000005
12,9.9663590814999985
13,9.9545255504999997
14,9.9458247699999998
15,9.9383889790000008
16,9.9328686294999997
17,9.9282273639999996
18,9.9218400140000007
19,9.914782304500001
20,9.905607464500001
21,9.8952028275000004
22,9.8838240940000013
23,9.8726251080000011
24,9.8627557500000016
25,9.8532226380000001
26,9.84544
27,9.8387024825000005
28,9.832250299
29,9.8249904569999984
30,9.8166198615000013
31,9.8071877865000001
32,9.7982841250000003
33,9.7907838589999994
34,9.7840861409999995
35,9.7768381509999998
36,9.7683649179999996
37,9.7578678475
38,9.7450024210000006
39,9.7300691450000016
40,9.7140201610000005
41,9.6981826939999998
42,9.6839942000000008
43,9.6731597004999994
44,9.6663493729999992
45,9.6627982140000004
46,9.661891421
47,9.6621202040000007
48,9.6616888825
49,9.6581340880000006
50,9.6503030820000006
51,9.6363738869999995
52,9.6182033460000014
53,9.5985487075000009
54,9.5827257995000004
55,9.5604531454999986
56,9.5380906289999992
57,9.5182999455000008
58,9.5022613705000012
59,9.4906284310000011
60,9.4836223719999992
61,9.4799394600000007
62,9.4775259485000003
63,9.4746372480000005
64,9.4719652525000004
65,9.4698975290000007
66,9.4686928590000008
67,9.4683097429999989
68,9.4678934550000005
69,9.4674560149999998
70,9.4660829379999996
71,9.4626606019999997
72,9.457968750500001
73,9.4515286419999995
74,9.4437579110000005
75,9.4347849279999991
76,9.4246100450000014
77,9.4134221220000001
78,9.4012890005000003
79,9.3892260835000005
80,9.3780801724999989
81,9.3680342490000008
82,9.3595704990000002
83,9.3521511485000008
84,9.3459921384999998
85,9.3403234270000013
86,9.3335039389999999
87,9.3249791369999997
88,9.3149050620000011
89,9.3034476814999998
90,9.2913532105000005
91,9.2797858765000001
92,9.2685283719999987
93,9.257126972
94,9.2469910459999998
95,9.2393481860000009
96,9.2359582875000008
97,9.2355751425000001
98,9.2371258800000007
99,9.2387467950000008
100,9.2389602649999993
101,9.236614359499999
102,9.231500003499999
103,9.2232730780000001
104,9.2141516139999986
105,9.2039408139999992
106,9.1938860349999985
107,9.1830442525000002
108,9.1716633554999998
109,9.1606156984999991
110,9.1493968265000003
111,9.1388489330000002
112,9.1293816905000007
113,9.1215705324999998
114,9.1159061425000001
115,9.1113383984999992
116,9.1083178324999992
117,9.1069523560000007
118,9.1064878974999992
119,9.1058274505000014
120,9.1043612950000004
121,9.1001119875000001
122,9.0921631549999997
123,9.0799739079999995
124,9.0649418789999991
125,9.0490327575000009
126,9.0345866199999989
127,9.0235128615000004
128,9.0165380385000002
129,9.0137879900000009
130,9.0140349069999992
131,9.0154975704999991
132,9.0164133419999999
133,9.015641875
134,9.0138616280000008
135,9.0103935785000004
136,9.0050709065000003
137,8.9993695549999995
138,8.9931636770000001
139,8.9860998540000008
140,8.9782981095000007
141,8.9700683959999985
142,8.961408045999999
143,8.9526968909999987
144,8.946025864500001
145,8.9409514884999997
146,8.9359797585000003
147,8.9312460444999999
148,8.9252327109999996
149,8.9179735220000005
150,8.9094897255000003
151,8.9002386139999992
152,8.8903935260000004
153,8.8802838580000003
154,8.8708558719999999
155,8.8605047745000007
156,8.8491196055000003
157,8.8363534275000006
158,8.8228447900000013
159,8.8076520500000015
160,8.7920503104999987
161,8.7770010589999998
162,8.7633370779999993
163,8.7514588419999999
164,8.7415951675000017
165,8.7333292
166,8.7256600975000005
167,8.7194572719999996
168,8.7137517730000003
169,8.7086454089999989
170,8.704977745499999
171,8.7018364235000014
172,8.6981973329999995
173,8.6923054244999989
174,8.683581169
175,8.6712624809999994
176,8.6554539550000005
177,8.6371814340000004
178,8.6179888615000007
179,8.6003827440000009
180,8.5842991449999992
181,8.5775742635000007
182,8.5682751989999986
183,8.5580169125000012
184,8.5490136650000004
185,8.5410069575000005
186,8.5336668390000003
187,8.5258788289999998
188,8.5175603644999995
189,8.5090075339999984
190,8.5003216315000003
191,8.4919923799999992
192,8.4843319040000011
193,8.4763390015000013
194,8.4659795854999995
195,8.452661312
196,8.4373810645000002
197,8.421493667
198,8.4078117259999985
199,8.3988387445000008
200,8.3945430420000005
201,8.394363877
202,8.3949524840000009
203,8.3950344120000011
204,8.392532104499999
205,8.3865573844999997
206,8.3781750680000009
207,8.3685300305000005
208,8.3586134755000003
209,8.3481613350000003
210,8.3370953930000002
211,8.3237045890000001
212,8.3072332505000013
213,8.2878097359999998
214,8.2667122339999999
215,8.2451121060000006
216,8.2257555800000013
217,8.2106072579999996
218,8.2001963264999986
219,8.1934627185000011
220,8.1885908814999997
221,8.1835689330000001
222,8.1767606740000005
223,8.1674721414999993
224,8.1562634339999995
225,8.1438366795000015
226,8.1324602314999996
227,8.1219378899999999
228,8.1139342029999995
229,8.1081013955000003
230,8.1024442709999995
231,8.0940235909999991
232,8.0819391835000012
233,8.0664858280000011
234,8.0488491764999992
235,8.0313373904999992
236,8.0169337934999998
237,8.0080920135000007
238,8.004408269999999
239,8.0046979795000013
240,8.0081427170000001
241,8.0127346875000001
242,8.0149628239999995
243,8.0146334249999995
244,8.0092491569999993
245,8.001635800999999
246,7.9911458574999994
247,7.9776368150000003
248,7.9614128374999993
249,7.9438693335000004
250,7.9262871619999995
251,7.9101477234999997
252,7.8957294344999998
253,7.8844730475000002
254,7.8762208435000005
255,7.8700595660000001
256,7.8645223815000005
257,7.8583631650000001
258,7.8502599085
259,7.8400898634999994
260,7.8282179640000003
261,7.8179500549999998
262,7.8078463920000001
263,7.799135616
264,7.7903202140000003
265,7.7796793214999997
266,7.7665982880000008
267,7.7531182209999994
268,7.7411750289999999
269,7.7326955645000002
270,7.7277317405000003
271,7.7246853904999995
272,7.7217320019999995
273,7.7160191974999996
274,7.7063548110000006
275,7.6930022195000003
276,7.6774379115000002
277,7.6680508300000003
278,7.6536384665000003
279,7.6429594679999999
280,7.6358320800000001
281,7.6305537054999997
282,7.6250781889999999
283,7.6180544359999995
284,7.608682097
285,7.5972886605000003
286,7.5853404750000006
287,7.5740148225000006
288,7.5643583630000002
289,7.5572819204999995
290,7.5520128404999998
291,7.5474229674999993
292,7.5422383850000001
293,7.5358743060000002
294,7.5271072290000003
295,7.515800638
296,7.5024827209999998
297,7.4877272169999998
298,7.4736369869999999
299,7.4591055470000001
300,7.4446678859999995
301,7.4300135550000004
302,7.4152388499999997
303,7.4013073445000002
304,7.3888825545000003
305,7.3792694525
306,7.3724769869999998
307,7.3686403039999995
308,7.3663979360000003
309,7.3672677689999997
310,7.3687926844999998
311,7.3707403715000002
312,7.3727707334999995
313,7.3750042909999998
314,7.3752682695000003
315,7.3741808795000008
316,7.3721494889999999
317,7.3683245080000006
318,7.3635970215000004
319,7.3580968875000003
320,7.3500437660000006
321,7.3394613225000001
322,7.3259147929999999
323,7.3093356119999999
324,7.2891834640000006
325,7.2657211425000003
326,7.2425977590000006
327,7.2209710860000005
328,7.2015431699999999
329,7.1853524145000005
330,7.1749714969999996
331,7.168936467
332,7.1662904395
333,7.165818765
334,7.1656406700000002
335,7.1647219609999997
336,7.1609073824999996
337,7.1552522869999997
338,7.1485510474999998
339,7.1407673035000006
340,7.1317928219999995
341,7.1213966610000003
342,7.1107961095000007
343,7.0998851995000001
344,7.0891080254999999
345,7.0802305864999999
346,7.0737137109999999
347,7.0695899534999995
348,7.0663266855
349,7.0616357609999998
350,7.057499301
351,7.0513805515000003
352,7.0442285555000002
353,7.0359469025000001
354,7.0270542914999998
355,7.0187996140000006
356,7.0104985395000003
357,7.0018468895000003
358,6.9930976104999996
359,6.9844548209999999
360,6.9765578330000002
361,6.9696416064999998
362,6.9641186309999998
363,6.9603202979999992
364,6.958026158
365,6.9570440360000001
366,6.9570347805000008
367,6.9579033040000002
368,6.9581578339999997
369,6.9566892999999999
370,6.9526230419999999
371,6.9455275259999993
372,6.9344287075000004
373,6.919924215
374,6.9027442489999995
375,6.8840133244999997
376,6.8658060535000001
377,6.8504454804999995
378,6.8383778409999998
379,6.8308768385
380,6.8279698125000001
381,6.8289423219999996
382,6.8326645389999996
383,6.8375003635000002
384,6.8407393619999999
385,6.8393983005000001
386,6.8315865295
387,6.8170427979999992
388,6.7972890980000003
389,6.7752765469999998
390,6.7533258969999999
391,6.7340650850000001
392,6.7171430650000001
393,6.7131543674999996
394,6.7021260584999993
395,6.6936243179999995
396,6.6867525539999999
397,6.6810960020000003
398,6.6757635215000004
399,6.6687868429999995
400,6.6605732524999999
401,6.6509892805000002
402,6.6399418089999998
403,6.6290878680000001
404,6.6178237685000001
405,6.6085175060000001
406,6.6014838620000003
407,6.5980145389999993
408,6.5978739280000003
409,6.6004401270000006
410,6.6033682129999995
411,6.6052556034999999
412,6.6054578025000001
413,6.6031405299999992
414,6.5979916465000006
415,6.5900794445000006
416,6.5784280764999998
417,6.5649186299999993
418,6.549068041
419,6.5310226419999999
420,6.5120185715000005
421,6.4924718669999999
422,6.4732050804999997
423,6.4552891594999995
424,6.4393903229999996
425,6.4259226329999999
426,6.4150206079999998
427,6.4064447649999998
428,6.4003516239999998
429,6.3964577230000002
430,6.3942290375000006
431,6.3926567839999997
432,6.3906528290000004
433,6.3875631760000005
434,6.382129216
435,6.3750749979999997
436,6.3647618794999996
437,6.3516675459999998
438,6.336380063
439,6.3191235085000006
440,6.3005545354999999
441,6.2822586684999999
442,6.2659227959999999
443,6.2525980079999997
444,6.2447834799999997
445,6.2419049100000006
446,6.2431688620000001
447,6.2469382050000002
448,6.2508603750000002
449,6.2524580054999994
450,6.2515066580000003
451,6.2464050970000002
452,6.2388400590000002
453,6.2292359225
454,6.2183616540000006
455,6.2072686954999998
456,6.1970382785
457,6.1888799109999999
458,6.183387626
459,6.1801238019999998
460,6.1794834504999994
461,6.1779399195
462,6.1742827699999996
463,6.1679429124999992
464,6.1582122854999994
465,6.1459095499999998
466,6.1308485770000001
467,6.1135897005000004
468,6.0952954085000002
469,6.0775277039999995
470,6.0616416505000004
471,6.0493656969999998
472,6.0403058349999998
473,6.0332558155000005
474,6.0276370974999995
475,6.0227213759999998
476,6.0178356940000004
477,6.0127826295000002
478,6.0068209084999999
479,5.9988033094999995
480,5.9876679295000006
481,5.9734359064999998
482,5.957136148
483,5.9400324174999994
484,5.9239550395
485,5.9104931369999996
486,5.9012246424999999
487,5.8950622859999999
488,5.8908938160000002
489,5.8872546129999996
490,5.8827175265000005
491,5.8769673894999999
492,5.8703878375
493,5.8642570164999999
494,5.8588221825
495,5.8544198969999997
496,5.8512117655000004
497,5.8472334549999996
498,5.8404435330000002
499,5.8291859484999993
500,5.8150826440000003
501,5.8004617695
502,5.7863163140000005
503,5.7734880344999997
504,5.7629388850000005
505,5.754902908
506,5.7483441129999999
507,5.7413188339999994
508,5.7333482230000001
509,5.726677542
510,5.7192256520000004
511,5.7104292409999999
512,5.7002098994999999
513,5.6908472420000003
514,5.6824023529999996
515,5.6729389299999999
516,5.662573096
517,5.6525972929999995
518,5.6422679270000007
519,5.6325417030000002
520,5.6234283390000002
521,5.6143728750000008
522,5.6051769745
523,5.5957830160000004
524,5.5863098939999993
525,5.5777333005000003
526,5.5707211614999999
527,5.5661528370000006
528,5.5649484314999995
529,5.5648980019999996
530,5.5632652345000002
531,5.5565771530000001
532,5.5429075885000003
533,5.5244742359999996
534,5.5019913530000002
535,5.4792026585000002
536,5.4597303674999997
537,5.4438004160000002
538,5.4316018740000001
539,5.4219995164999997
540,5.4139534900000008
541,5.4075857085000001
542,5.4022214924999998
543,5.3972498949999999
544,5.3924622500000003
545,5.3885316999999997
546,5.3847512475000006
547,5.3811829514999996
548,5.3757309764999999
549,5.3690053249999998
550,5.359644898
551,5.3488419629999999
552,5.335780239
553,5.3223681914999998
554,5.3091455090000004
555,5.2968324510000002
556,5.2860523604999994
557,5.276614865
558,5.2697174740000001
559,5.2647373799999997
560,5.260618655
561,5.256391775
562,5.2525163435
563,5.2486153150000003
564,5.2451263089999998
565,5.2394246019999997
566,5.232344769
567,5.2233017879999997
568,5.2141129725000006
569,5.2050654289999994
570,5.1965676079999996
571,5.1896367125000005
572,5.1827684354999999
573,5.1753242989999997
574,5.1674314574999993
575,5.1588298375000008
576,5.1494127944999999
577,5.1393036465000002
578,5.1293227605
579,5.1202071599999996
580,5.1104637264999999
581,5.1010012299999996
582,5.0899829754999999
583,5.0768038855000004
584,5.0613988729999999
585,5.0446009974999999
586,5.0266939580000001
587,5.0097170205000001
588,4.9951239369999998
589,4.9837853934999998
590,4.9757885905000006
591,4.9712622440000001
592,4.9685576539999996
593,4.9660319840000007
594,4.9623584200000002
595,4.9570095114999999
596,4.948847282
597,4.938884013
598,4.9279103959999997
599,4.9172322780000002
600,4.9069682760000006
601,4.8973870804999997
602,4.8895035915000005
603,4.883340306
604,4.8785889974999996
605,4.8745226395000003
606,4.8699676004999999
607,4.8646828845000005
608,4.8576219009999999
609,4.8481480819999998
610,4.8382629069999998
611,4.8267199529999996
612,4.8157816315000002
613,4.8053477549999997
614,4.795188971
615,4.7857536859999996
616,4.7762657199999996
617,4.7670260185000002
618,4.7590687989999996
619,4.7522230294999996
620,4.7463985725000004
621,4.7384441969999997
622,4.7311693520000002
623,4.7251024430000008
624,4.7174956009999995
625,4.7063992304999998
626,4.6948875574999995
627,4.6843166109999999
628,4.6757581310000003
629,4.6695143395000001
630,4.6645656399999993
631,4.6586451609999999
632,4.6508609490000001
633,4.6408057034999999
634,4.6284446304999998
635,4.6148644509999999
636,4.6012769060000007
637,4.5885257700000004
638,4.5768915120000004
639,4.5686477200000004
640,4.5622362765000002
641,4.5560668890000002
642,4.5495850605000001
643,4.5399377224999995
644,4.5278764744999993
645,4.5137145284999995
646,4.4988434065000007
647,4.4857947344999998
648,4.4771218644999999
649,4.4747639100000001
650,4.4780741905000001
651,4.4843210950000003
652,4.4905017340000004
653,4.4941954940000004
654,4.4937057735000003
655,4.489649386
656,4.4830565025000002
657,4.4735539769999999
658,4.4632472759999997
659,4.4524507035000003
660,4.4428939999999999
661,4.4334967484999996
662,4.4255841344999993
663,4.4190801875000005
664,4.4135285435
665,4.4080864305
666,4.4015253725000001
667,4.3925831649999996
668,4.3805527299999998
669,4.3668448294999997
670,4.3545409020000001
671,4.3448883609999998
672,4.3387896724999999
673,4.3353616445000007
674,4.3340632965000001
675,4.3342031799999994
676,4.3350728995000001
677,4.3360842129999995
678,4.3370732074999996
679,4.3372261124999998
680,4.3356784350000002
681,4.3321425634999997
682,4.326448289
683,4.3187737454999997
684,4.3088333834999997
685,4.2976710375000007
686,4.2837312110000001
687,4.2695805150000004
688,4.2534282000000001
689,4.2365297599999998
690,4.2208739765000001
691,4.2071061009999999
692,4.1963994595000003
693,4.1885150820000003
694,4.1824772320000001
695,4.1774823899999998
696,4.1716453124999999
697,4.1642158624999999
698,4.1561900139999999
699,4.1493125334999998
700,4.1435681750000004
701,4.139322237
702,4.1371612044999999
703,4.1360486190000003
704,4.1348310389999998
705,4.1321368350000007
706,4.1268883064999997
707,4.1174347485
708,4.1057816210000002
709,4.0939922255000001
710,4.0837277949999997
711,4.0751178249999995
712,4.0675512435000005
713,4.0614691599999997
714,4.055690588
715,4.0511053475000001
716,4.0471574424999996
717,4.0445318930000003
718,4.0430410230000007
719,4.0417690840000002
720,4.0394596079999996
721,4.0362485289999999
722,4.0304024350000001
723,4.023187311
724,4.0147170589999996
725,4.0061784029999998
726,3.997653251
727,3.9895648059999997
728,3.9822489184999998
729,3.9749555879999998
730,3.9671424875000003
731,3.9583659674999998
732,3.9484926565
733,3.9380744610000002
734,3.9279057544999998
735,3.9187871425000003
736,3.9107319504999998
737,3.9034748380000002
738,3.8964162240000002
739,3.8903132390000001
740,3.8840404005
741,3.8784115970000004
742,3.871574721
743,3.864110487
744,3.8557577030000001
745,3.8469676535000001
746,3.8380198860000001
747,3.8299859110000001
748,3.82353655
749,3.8185799275000001
750,3.8130481764999997
751,3.805437736
752,3.7939325285000001
753,3.7791046105000001
754,3.7633147564999998
755,3.7478550715000001
756,3.7346845200000001
757,3.7250322310000001
758,3.7189946374999998
759,3.7155521389999997
760,3.7142241379999996
761,3.7134113610000004
762,3.7120285155000001
763,3.7093588144999998
764,3.7054006854999999
765,3.7017080460000003
766,3.6986301355000002
767,3.6966044384999996
768,3.6959656894999999
769,3.6957285445000001
770,3.6944919199999999
771,3.6911065384999997
772,3.6856543589999999
773,3.6782428409999999
774,3.6708011269999998
775,3.6638514839999998
776,3.6589631405
777,3.6557669800000001
778,3.6537996585000001
779,3.6521504230000001
780,3.6500924404999999
781,3.6469706239999997
782,3.6427285275000001
783,3.6370373599999999
784,3.6309575235000002
785,3.6252338960000001
786,3.6198475019999998
787,3.6149917025000002
788,3.6103275699999999
789,3.604733285
790,3.5978909689999998
791,3.5882874304999999
792,3.5761627809999998
793,3.5620097465000002
794,3.5471647750000002
795,3.5338253540000002
796,3.5232445209999996
797,3.5152662404999999
798,3.5086011355000002
799,3.5019141905
800,3.4946585945000002
801,3.4870031905000003
802,3.479173158
803,3.4707487969999997
804,3.4624721549999999
805,3.463691029
806,3.4560938320000001
807,3.4492696235000002
808,3.4430548915000001
809,3.4367500369999999
810,3.4295974234999997
811,3.4208306500000001
812,3.4106747500000001
813,3.4004405110000002
814,3.3917612584999999
815,3.3869549399999999
816,3.3854955579999997
817,3.3876248740000001
818,3.3913767655
819,3.3945594345000001
820,3.3958586444999996
821,3.3945131869999998
822,3.3897855525000002
823,3.3824440615000002
824,3.3776342575
825,3.3744844375
826,3.3729615024999999
827,3.3659838769999997
828,3.367445435
829,3.3686078354999998
830,3.3670183859999998
831,3.3616628909999999
832,3.352197254
833,3.3398306710000001
834,3.3317065699999997
835,3.3162674315
836,3.3028007539999997
837,3.292059413
838,3.2830560474999997
839,3.273771054
840,3.2624368735
841,3.2474201599999999
842,3.2297933075
843,3.2118220170000003
844,3.1958346020000001
845,3.1833561379999997
846,3.1759237714999999
847,3.1734879215
848,3.1750429215000002
849,3.178948112
850,3.1812355215000001
851,3.1806423864999998
852,3.176039206
853,3.1664703319999998
854,3.1534408539999998
855,3.1391529634999999
856,3.1244186924999999
857,3.1101197534999998
858,3.0972669909999997
859,3.0862368015000001
860,3.0776149784999998
861,3.0721082575000001
862,3.0698888909999997
863,3.071141795
864,3.0757335430000001
865,3.0821268604999998
866,3.0888400740000002
867,3.0939566149999997
868,3.0953745929999998
869,3.0927952325000003
870,3.0851235140000002
871,3.0734861410000001
872,3.0599679435000002
873,3.0463762340000002
874,3.0339216229999999
875,3.0233444795
876,3.0140840679999998
877,3.0053948435
878,2.9964599155
879,2.9878921460000001
880,2.9791604545000001
881,2.9703646890000002
882,2.9621227724999999
883,2.9549427939999999
884,2.9488493624999998
885,2.9435825085
886,2.9387919905
887,2.9338525120000001
888,2.9278873460000003
889,2.9200971185000002
890,2.911646545
891,2.9021773235000001
892,2.8920922495000001
893,2.8818194024999997
894,2.8720535460000001
895,2.8634453020000001
896,2.8564310995
897,2.851226247
898,2.8478661860000001
899,2.846583351
900,2.8470823784999997
901,2.8492144044999996
902,2.8524796779999999
903,2.8559397244999998
904,2.8585091724999998
905,2.8597624709999998
906,2.8591786754999999
907,2.8563550995
908,2.8513841640000002
909,2.8438772319999996
910,2.8342544094999997
911,2.8236039169999998
912,2.8128735885
913,2.8027352859999999
914,2.7927415464999998
915,2.781666263
916,2.7694554710000001
917,2.7560828294999999
918,2.7410511314999999
919,2.7254573
920,2.7119093789999997
921,2.7022181224999997
922,2.6960983350000003
923,2.6919731714999999
924,2.6884546174999997
925,2.6840992794999998
926,2.6798864174999997
927,2.6764956744999999
928,2.6737545704999999
929,2.6722623935000001
930,2.6720135994999996
931,2.6722058029999998
932,2.6718637940000001
933,2.670990411
934,2.6689945349999999
935,2.6649698400000004
936,2.6587456449999998
937,2.6493786784999998
938,2.6384261880000004
939,2.6267758360000002
940,2.6155263005
941,2.6073676214999999
942,2.6022584650000002
943,2.5992878755
944,2.5976869224999999
945,2.5965105670000002
946,2.5945682274999999
947,2.5905442789999999
948,2.5865445249999999
949,2.5840963270000001
950,2.5824925089999997
951,2.5806098725000002
952,2.5769314794999998
953,2.5699912244999998
954,2.5585058114999999
955,2.5427912245000002
956,2.5242310290000001
957,2.5054836119999999
958,2.4894236899999997
959,2.4768279624999998
960,2.4679720354999999
961,2.4616513050000002
962,2.456009264
963,2.4497231820000001
964,2.4426647419999998
965,2.4361669460000002
966,2.4297417714999998
967,2.4236470780000001
968,2.4182555904999998
969,2.413942987
970,2.410896401
971,2.4090919020000001
972,2.4073270935000002
973,2.4053877239999997
974,2.4026397369999999
975,2.3975259515
976,2.3911699235000001
977,2.3847044820000001
978,2.3777860940000002
979,2.3709714124999999
980,2.3631075914999999
981,2.3539562204999998
982,2.3427410039999996
983,2.3293189575
984,2.3141507135000001
985,2.2981860190000001
986,2.2822310950000002
987,2.2675556824999998
988,2.2552151345000002
989,2.2455523304999998
990,2.2383039585
991,2.2330842945000002
992,2.2301298970000003
993,2.2285980135000001
994,2.2272427504999999
995,2.2256753665
996,2.2229196034999998
997,2.2197910895000001
998,2.2144704449999999
999,2.2082855745000001
1000,2.2030692590000003
1001,2.2011894815000002
1002,2.2043594820000001
1003,2.2112305449999998
1004,2.2207229919999998
1005,2.2301624360000001
1006,2.2374068339999997
1007,2.2409255109999999
1008,2.2394722565
1009,2.2338239720000002
1010,2.2243824879999998
1011,2.2116123569999999
1012,2.1967103665000001
1013,2.1806461939999999
1014,2.1636726184999997
1015,2.1475445820000001
1016,2.1335209830000004
1017,2.1217069669999997
1018,2.1120328754999997
1019,2.10368581
1020,2.0955673450000001
1021,2.0867487680000001
1022,2.0761349310000003
1023,2.0652318049999998
1024,2.0566922019999998
1025,2.0513127134999998
1026,2.0509217689999999
1027,2.0557196654999998
1028,2.0616742815000002
1029,2.065797205
1030,2.0655154070000004
1031,2.060132877
1032,2.0508680425000003
1033,2.038844788
1034,2.0274911900000001
1035,2.0174533214999997
1036,2.0088250649999999
1037,2.0007905880000001
1038,1.992192433
1039,1.9821216724999999
1040,1.970234898
1041,1.9575594060000001
1042,1.9448126175
1043,1.9331990695000001
1044,1.9257922175
1045,1.9201998325
1046,1.9138477695
1047,1.9079538425
1048,1.9021736924999999
1049,1.8972148369999999
1050,1.8950316190000001
1051,1.8886936135000001
1052,1.8840500919999998
1053,1.882659219
1054,1.877541208
1055,1.885758566
1056,1.8961479530000001
1057,1.905106287
1058,1.9108083709999999
1059,1.9118459379999999
1060,1.9076956795
1061,1.8976355654999999
1062,1.8833390919999999
1063,1.8663818860000001
1064,1.848560113
1065,1.8453599940000001
1066,1.8365998365
1067,1.8328899375000001
1068,1.8333920044999998
1069,1.827715859
1070,1.8337205089999999
1071,1.8395661350000001
1072,1.8439057555
1073,1.8441026924999999
1074,1.8402429114999999
1075,1.832267452
1076,1.8209194535
1077,1.8069998324999998
1078,1.7918668740000001
1079,1.783738673
1080,1.7681016875
1081,1.7552947445
1082,1.7468147140000001
1083,1.7438796865000001
1084,1.7449041515000001
1085,1.7478700014999999
1086,1.7510450505000001
1087,1.7533622019999999
1088,1.7562067379999999
1089,1.7558453680000001
1090,1.751122364
1091,1.742137268
1092,1.731408654
1093,1.7187675575000001
1094,1.7131795985
1095,1.7022614119999999
1096,1.690289994
1097,1.6781422605
1098,1.6657897030000002
1099,1.651492875
1100,1.6369277680000001
1101,1.6211617709999999
1102,1.604896584
1103,1.5911053145
1104,1.580876296
1105,1.5745070075000001
1106,1.572053777
1107,1.5714128125000002
1108,1.5708269635000001
1109,1.5687326189999999
1110,1.563201923
1111,1.5529236755
1112,1.5372963240000002
1113,1.5166294345
1114,1.4936889760000001
1115,1.4726499345000001
1116,1.4578458649999999
1117,1.451501932
1118,1.45274313
1119,1.4598828845
1120,1.4709044960000002
1121,1.483481651
1122,1.4948756169999999
1123,1.5039463849999999
1124,1.508915384
1125,1.5092386
1126,1.504950674
1127,1.4972051350000002
1128,1.4881519185000001
1129,1.4786534489999998
1130,1.4703077929999999
1131,1.4643100580000001
1132,1.4607120115000001
1133,1.4591164700000001
1134,1.4585701755
1135,1.4563877080000001
1136,1.4513851390000001
1137,1.4427458419999999
1138,1.430332637
1139,1.4148286809999999
1140,1.3985390679999998
1141,1.3828249915000002
1142,1.3695653624999999
1143,1.3607707744999999
1144,1.3553977435000002
1145,1.3538991175000001
1146,1.3546739809999999
1147,1.358096027
1148,1.361274452
1149,1.3618020215
1150,1.3592525845000001
1151,1.3532029160000001
1152,1.3441813360000001
1153,1.3330003640000001
1154,1.320603982
1155,1.3083188960000001
1156,1.2973764404999999
1157,1.2872310855000002
1158,1.278904931
1159,1.272681424
1160,1.2684980970000002
1161,1.2662101400000001
1162,1.265666212
1163,1.2667747404999998
1164,1.26825147
1165,1.269137162
1166,1.2689678055
1167,1.2679608204999999
1168,1.2663094044999998
1169,1.2646713195000001
1170,1.2630618035000001
1171,1.2617189839999998
1172,1.260572558
1173,1.2596333240000002
1174,1.2579634749999999
1175,1.2543495505
1176,1.2480947665
1177,1.2383176140000001
1178,1.2255318225
1179,1.2104384210000001
1180,1.1946314505
1181,1.1800880404999998
1182,1.1679073545000001
1183,1.1586888819999999
1184,1.1534594455
1185,1.1522927205000002
1186,1.1538476025
1187,1.1564307409999999
1188,1.158776593
1189,1.1596146649999999
1190,1.1590628829999998
1191,1.1570836305000001
1192,1.1533266845000001
1193,1.1475585559999999
1194,1.1409549110000001
1195,1.1328262805
1196,1.1233413990000001
1197,1.1135041465
1198,1.1041143634999999
1199,1.0956943349999999
1200,1.088206145
1201,1.0810482294999999
1202,1.0738640739999998
1203,1.0663960459999999
1204,1.058546065
1205,1.0507160440000001
1206,1.042985007
1207,1.0354118419999998
1208,1.0281549010000002
1209,1.0220087805
1210,1.017458446
1211,1.0152104049999999
1212,1.0148023390000001
1213,1.0165864199999999
1214,1.0179172890000001
1215,1.0174621689999999
1216,1.0139866034999998
1217,1.0077187304999999
1218,0.99928533600000002
1219,0.99053738150000004
1220,0.98210053099999994
1221,0.97364030800000001
1222,0.96566945400000004
1223,0.95794686600000001
1224,0.94935151649999994
1225,0.93945194899999995
1226,0.92908905600000002
1227,0.91736272549999998
1228,0.90561549799999996
1229,0.89557953850000005
1230,0.88782288799999998
1231,0.882572197
1232,0.87900694749999997
1233,0.87523893099999994
1234,0.87049944349999997
1235,0.86434189299999997
1236,0.85634732800000002
1237,0.84684058799999995
1238,0.83630753949999992
1239,0.8255378565
1240,0.81598740550000004
1241,0.80921525549999995
1242,0.80512737099999998
1243,0.80208828199999993
1244,0.79926841599999998
1245,0.79614218700000006
1246,0.79253622150000003
1247,0.78788435400000001
1248,0.78350791900000005
1249,0.78031958050000005
1250,0.77828352700000003
1251,0.77698370999999999
1252,0.775510378
1253,0.77251087200000002
1254,0.76726735800000001
1255,0.75905116399999994
1256,0.74869777800000004
1257,0.73723879599999997
1258,0.72491839699999994
1259,0.71270939249999998
1260,0.70208792149999999
1261,0.69442855699999995
1262,0.68876391999999997
1263,0.68393016799999995
1264,0.67897692999999992
1265,0.67284043199999999
1266,0.66574083500000003
1267,0.6559565624999999
1268,0.64609479849999996
1269,0.6367084475
1270,0.62855530599999998
1271,0.62208058499999996
1272,0.61678909900000001
1273,0.61315695949999993
1274,0.61185335699999999
1275,0.61314958749999993
1276,0.61661794149999993
1277,0.62177875999999999
1278,0.62633967700000004
1279,0.62928899999999999
1280,0.63043663100000003
1281,0.629052163
1282,0.62468962500000003
1283,0.61788077399999997
1284,0.60999670500000003
1285,0.602705555
1286,0.59615794649999998
1287,0.59037851099999994
1288,0.58532613700000002
1289,0.58040252199999998
1290,0.57490582700000004
1291,0.56814948399999998
1292,0.55971654799999992
1293,0.54931854899999999
1294,0.53630167100000004
1295,0.52052867400000002
1296,0.50427012450000008
1297,0.48825191499999998
1298,0.47407674499999997
1299,0.46359636700000001
1300,0.4578485075
1301,0.45609915400000001
1302,0.457434707
1303,0.45999074249999999
1304,0.4617568615
1305,0.46173747200000004
1306,0.45949580950000002
1307,0.45557239299999996
1308,0.45149252600000001
1309,0.447888752
1310,0.44611704350000003
1311,0.443943325
1312,0.44134178700000004
1313,0.43714773899999998
1314,0.43171874600000004
1315,0.42580768749999998
1316,0.41938952099999999
1317,0.41225084299999998
1318,0.40467375500000002
1319,0.39656740550000003
1320,0.3875634925
1321,0.37722930900000001
1322,0.36467954499999999
1323,0.35070266
1324,0.33665779299999998
1325,0.32369560949999998
1326,0.31203178200000004
1327,0.3015998225
1328,0.29234589450000004
1329,0.2848253885
1330,0.27986603599999998
1331,0.27757378900000002
1332,0.27766548999999996
1333,0.27928806049999999
1334,0.28140844249999997
1335,0.2828574425
1336,0.28240345
1337,0.28030886599999999
1338,0.27678654150000004
1339,0.27209753000000003
1340,0.26664192200000003
1341,0.25988614100000001
1342,0.25327167849999999
1343,0.24797421450000001
1344,0.2444619435
1345,0.24411859050000001
1346,0.24747456700000001
1347,0.25269203400000001
1348,0.25783501050000002
1349,0.26137361399999998
1350,0.26179368950000004
1351,0.26108203350000003
1352,0.26069191599999997
1353,0.26152108499999999
1354,0.26238676950000001
1355,0.26254840349999997
1356,0.25948949900000001
1357,0.25146555300000001
1358,0.2401928955
1359,0.22821423800000001
1360,0.21650817049999999
1361,0.20494227199999998
1362,0.1944744725
1363,0.18431870950000001
1364,0.1737905455
1365,0.16237319449999998
1366,0.15165796450000002
1367,0.14229904399999999
1368,0.13406059250000002
1369,0.12637656650000001
1370,0.1182340425
1371,0.10896355050000001
1372,0.098532982999999991
1373,0.087571223499999989
1374,0.077066425500000008
1375,0.067333265000000003
1376,0.059626446499999999
1377,0.053730036499999995
1378,0.048388368000000001
1379,0.0427784015
1380,0.036794207499999995
1381,0.029754491000000001
1382,0.022952548999999999
1383,0.014738685
1384,0.0069522674999999996
1385,-0.00016500549999999998
1386,-0.0048613755
1387,-0.0078580235000000002
1388,-0.0094546179999999997
1389,-0.0103453995
1390,-0.011729125999999999
1391,-0.013839305999999999
1392,-0.016867798999999999
1393,-0.02123997
1394,-0.026957379
1395,-0.033523637500000002
1396,-0.040441702000000003
1397,-0.046551278500000001
1398,-0.051151038000000003
1399,-0.054266916499999998
1400,-0.057300948500000004
1401,-0.061018560499999999
1402,-0.06628497450000001
1403,-0.073413105000000006
1404,-0.08076352249999999
1405,-0.08819646049999999
1406,-0.095019281999999997
1407,-0.098894943999999999
1408,-0.099660412000000004
1409,-0.097197058000000003
1410,-0.091901914499999987
1411,-0.086988409500000002
1412,-0.085010656500000004
1413,-0.087725988499999991
1414,-0.096445220500000012
1415,-0.110493864
1416,-0.12657820450000001
1417,-0.1420744015
1418,-0.15467088899999998
1419,-0.16271197600000001
1420,-0.1671812305
1421,-0.16882093249999999
1422,-0.16906025399999999
1423,-0.1692506225
1424,-0.17100122499999998
1425,-0.1743136465
1426,-0.1782338245
1427,-0.18157191950000001
1428,-0.18385960000000001
1429,-0.18421710099999999
1430,-0.18315261399999999
1431,-0.17972004750000001
1432,-0.17675670900000001
1433,-0.17552476849999998
1434,-0.1764668855
1435,-0.18013223550000002
1436,-0.18565601800000001
1437,-0.19474030450000002
1438,-0.20415859
1439,-0.213325075
1440,-0.22238585399999999
1441,-0.23058218549999998
1442,-0.23713239650000001
1443,-0.24105635850000001
1444,-0.24233110499999999
1445,-0.24126104300000001
1446,-0.24005234050000002
1447,-0.24005984749999998
1448,-0.24191291000000001
1449,-0.24626421449999999
1450,-0.25095711500000001
1451,-0.25448294900000001
1452,-0.2556647775
1453,-0.25505389150000002
1454,-0.25385214649999999
1455,-0.25430665349999998
1456,-0.25592890150000003
1457,-0.25960826950000004
1458,-0.26528359349999997
1459,-0.2722257615
1460,-0.27953350649999997
1461,-0.28645701599999995
1462,-0.29253112800000003
1463,-0.29806306999999999
1464,-0.30276419700000001
1465,-0.30696163200000004
1466,-0.31114427150000001
1467,-0.31527538799999999
1468,-0.31917323200000003
1469,-0.32273679600000005
1470,-0.32573368149999998
1471,-0.32866339899999997
1472,-0.33196421949999999
1473,-0.33611281949999999
1474,-0.34221571499999998
1475,-0.35027198799999998
1476,-0.36003102200000003
1477,-0.37040293199999996
1478,-0.37983983300000002
1479,-0.38896702900000002
1480,-0.39755289500000002
1481,-0.40561955350000001
1482,-0.41316864349999999
1483,-0.41956941650000001
1484,-0.42476385699999997
1485,-0.42853559600000002
1486,-0.43231038349999995
1487,-0.43535458999999999
1488,-0.43706687599999999
1489,-0.43652860650000003
1490,-0.43373611150000002
1491,-0.42914080300000002
1492,-0.42417040299999997
1493,-0.42158317200000001
1494,-0.42214228450000002
1495,-0.42632891699999997
1496,-0.43261936700000003
1497,-0.43952216
1498,-0.446549262
1499,-0.4539904535
1500,-0.46172126400000002
1501,-0.47014291450000001
1502,-0.47878600900000001
1503,-0.486409547
1504,-0.49216763050000001
1505,-0.49491192500000003
1506,-0.49466516199999999
1507,-0.49276560850000001
1508,-0.490990076
1509,-0.49019749899999998
1510,-0.49186227599999999
1511,-0.49608560000000002
1512,-0.50232226300000005
1513,-0.50961043250000004
1514,-0.51703263399999999
1515,-0.52348984050000003
1516,-0.52815684750000003
1517,-0.53137422249999999
1518,-0.53386308000000005
1519,-0.53519590399999994
1520,-0.53760891300000002
1521,-0.54078116300000001
1522,-0.54454967499999996
1523,-0.5481560379999999
1524,-0.55167585200000002
1525,-0.55406932050000002
1526,-0.55531442850000001
1527,-0.55591546800000002
1528,-0.5563743565
1529,-0.55671060449999998
1530,-0.55660530649999995
1531,-0.55636884900000005
1532,-0.55648750550000003
1533,-0.55671245800000002
1534,-0.55710342300000004
1535,-0.55757108
1536,-0.55792757749999999
1537,-0.55917228949999997
1538,-0.55984066300000002
1539,-0.5599081615
1540,-0.56004751400000008
1541,-0.56150918849999998
1542,-0.56512388949999992
1543,-0.57107832700000005
1544,-0.57972511850000008
1545,-0.58880314450000004
1546,-0.59716397249999997
1547,-0.60336314849999995
1548,-0.60710238849999998
1549,-0.60904698199999996
1550,-0.610783305
1551,-0.61394401300000001
1552,-0.61975007149999994
1553,-0.62936272300000007
1554,-0.64121426100000001
1555,-0.65243664450000005
1556,-0.66199801699999994
1557,-0.66854203949999991
1558,-0.6724955225
1559,-0.67402905349999997
1560,-0.67436386400000004
1561,-0.67418109100000001
1562,-0.67460790999999998
1563,-0.67612679800000008
1564,-0.68005392499999995
1565,-0.68674928300000004
1566,-0.69604302699999998
1567,-0.7075892815
1568,-0.72056493599999993
1569,-0.73375829549999994
1570,-0.74507179000000001
1571,-0.75385024900000008
1572,-0.75966541499999996
1573,-0.76233990499999993
1574,-0.76175458750000002
1575,-0.75874334799999998
1576,-0.75516718400000005
1577,-0.75189568750000002
1578,-0.75075245999999995
1579,-0.75226686899999995
1580,-0.75771538449999998
1581,-0.7660167309999999
1582,-0.77531881650000001
1583,-0.78347512450000001
1584,-0.78963653649999999
1585,-0.79212080600000001
1586,-0.7902862129999999
1587,-0.78541477949999994
1588,-0.77950014200000006
1589,-0.7728758765
1590,-0.76625242800000004
1591,-0.7596263795
1592,-0.75484912000000004
1593,-0.75275054899999994
1594,-0.75333027549999998
1595,-0.75621965099999999
1596,-0.76037838800000002
1597,-0.76579220199999998
1598,-0.77252149349999999
1599,-0.77929704499999997
1600,-0.78726749900000004
1601,-0.79646688550000011
1602,-0.80776267600000007
1603,-0.82042361549999998
1604,-0.83355629050000002
1605,-0.84600471299999991
1606,-0.8550825165
1607,-0.86082537250000002
1608,-0.86343659500000003
1609,-0.86390052349999991
1610,-0.86293347300000001
1611,-0.86163187699999999
1612,-0.86125364400000004
1613,-0.86261778200000006
1614,-0.86596835350000001
1615,-0.87076258299999998
1616,-0.87614436399999995
1617,-0.88200209100000004
1618,-0.88743864250000004
1619,-0.89169914299999997
1620,-0.89374503800000005
1621,-0.893450941
1622,-0.89154197599999996
1623,-0.88915293799999995
1624,-0.88798287200000003
1625,-0.88787734350000003
1626,-0.888710365
1627,-0.89034312500000001
1628,-0.89393289750000005
1629,-0.8987392475
1630,-0.9050127615000001
1631,-0.91379107449999997
1632,-0.92380623750000002
1633,-0.93352112399999998
1634,-0.94142425399999996
1635,-0.9476152055
1636,-0.95156260799999992
1637,-0.95330146099999991
1638,-0.95364813150000005
1639,-0.95240611200000003
1640,-0.95047048249999999
1641,-0.94835735600000004
1642,-0.946029762
1643,-0.9435754085000001
1644,-0.94112848100000002
1645,-0.93918805849999998
1646,-0.93866382500000001
1647,-0.93942673300000001
1648,-0.94285963250000004
1649,-0.948915218
1650,-0.95789869549999995
1651,-0.96866269299999996
1652,-0.98111776399999995
1653,-0.99312796949999993
1654,-1.004458809
1655,-1.0144313389999999
1656,-1.0228354825000001
1657,-1.0292883365000001
1658,-1.0338406785000001
1659,-1.0365616835
1660,-1.0375890065000002
1661,-1.0372876245
1662,-1.03597484
1663,-1.0338313115000002
1664,-1.0307798500000001
1665,-1.0250171460000002
1666,-1.019840702
1667,-1.0160750694999998
1668,-1.0153613379999999
1669,-1.017648071
1670,-1.0237034199999999
1671,-1.0332665589999999
1672,-1.044547847
1673,-1.0566975905
1674,-1.0692939735
1675,-1.0809445585000002
1676,-1.0906927399999999
1677,-1.0975615164999999
1678,-1.101922734
1679,-1.1056577000000001
1680,-1.107811916
1681,-1.110007908
1682,-1.1124358075
1683,-1.1155159860000001
1684,-1.1192493545
1685,-1.123633364
1686,-1.1280161980000001
1687,-1.1323318155000002
1688,-1.1348983859999999
1689,-1.1360571035
1690,-1.1356826980000001
1691,-1.134260008
1692,-1.133466085
1693,-1.1336075649999999
1694,-1.135084166
1695,-1.1386404510000001
1696,-1.1433743730000001
1697,-1.149001242
1698,-1.1554771109999999
1699,-1.1620492140000001
1700,-1.1677730260000001
1701,-1.172749142
1702,-1.1769488350000001
1703,-1.1802755819999999
1704,-1.1821991385000001
1705,-1.1826391629999999
1706,-1.1819139999999999
1707,-1.1805199559999999
1708,-1.180246753
1709,-1.181712455
1710,-1.1864102430000001
1711,-1.1941657715
1712,-1.2048712209999999
1713,-1.2174151580000001
1714,-1.2303825095000001
1715,-1.2422529005
1716,-1.251563899
1717,-1.257626412
1718,-1.261042819
1719,-1.2627441275
1720,-1.2635099645000001
1721,-1.2648394039999999
1722,-1.2671273795000002
1723,-1.269725405
1724,-1.2732956904999999
1725,-1.2761988175000001
1726,-1.2785102740000001
1727,-1.2802656155000001
1728,-1.28210877
1729,-1.2836171384999999
1730,-1.2860768565
1731,-1.289377175
1732,-1.2934955160000001
1733,-1.2996188279999998
1734,-1.3077553725
1735,-1.3173304214999999
1736,-1.3283250744999999
1737,-1.3385221034999999
1738,-1.3461296515000001
1739,-1.350427021
1740,-1.3518702545000001
1741,-1.3514529944999998
1742,-1.3505885790000001
1743,-1.3500356710000001
1744,-1.3510268860000001
1745,-1.3533985875000001
1746,-1.3566026295
1747,-1.3597932205000001
1748,-1.3628658704999999
1749,-1.365389524
1750,-1.36640424
1751,-1.3670772580000001
1752,-1.3676697959999999
1753,-1.3684522354999999
1754,-1.3704043095
1755,-1.3745329105000001
1756,-1.3806331090000001
1757,-1.387756607
1758,-1.3947090085
1759,-1.4011842804999999
1760,-1.4078329700000001
1761,-1.415640351
1762,-1.4246157744999999
1763,-1.4349615815000001
1764,-1.445734136
1765,-1.4563710365
1766,-1.466720399
1767,-1.4749094840000001
1768,-1.4826833559999999
1769,-1.4890362965000001
1770,-1.4942457055
1771,-1.4988318254999999
1772,-1.503841671
1773,-1.509756243
1774,-1.5164219505000001
1775,-1.5231998490000001
1776,-1.5296047800000001
1777,-1.5348327660000001
1778,-1.5387608755
1779,-1.5421859305000001
1780,-1.5438845164999999
1781,-1.5450275675
1782,-1.5462789054999999
1783,-1.5473301780000002
1784,-1.548488157
1785,-1.5500502439999999
1786,-1.5518812044999999
1787,-1.554129667
1788,-1.555991744
1789,-1.5561820279999998
1790,-1.5547575870000001
1791,-1.5513312315000001
1792,-1.5470911350000001
1793,-1.5424265775000001
1794,-1.5385286040000001
1795,-1.5360769995000001
1796,-1.5353712284999999
1797,-1.5368638135000001
1798,-1.5419086955000001
1799,-1.551442897
1800,-1.5653922169999999
1801,-1.580314773
1802,-1.5937740579999999
1803,-1.6043883590000001
1804,-1.6114071585
1805,-1.6162842820000001
1806,-1.6195962294999999
1807,-1.6228540035000001
1808,-1.6268428939999999
1809,-1.632049394
1810,-1.6390304170000001
1811,-1.6467860839999999
1812,-1.6559407939999999
1813,-1.6653701270000001
1814,-1.6741108915
1815,-1.6821229574999998
1816,-1.6888761775000001
1817,-1.6953247679999999
1818,-1.7005798034999999
1819,-1.7050554835
1820,-1.709197514
1821,-1.71367775
1822,-1.718459695
1823,-1.7250194209999998
1824,-1.731655003
1825,-1.7381423565
1826,-1.742990204
1827,-1.745931659
1828,-1.747299446
1829,-1.746702727
1830,-1.7462610390000002
1831,-1.7457460469999999
1832,-1.7464545595000001
1833,-1.7486818995
1834,-1.754124378
1835,-1.7618306195
1836,-1.7717478369999999
1837,-1.7833594205000001
1838,-1.7949767945000001
1839,-1.8049913369999999
1840,-1.811960539
1841,-1.8145945784999999
1842,-1.8137636045000001
1843,-1.8099496799999999
1844,-1.8042855145000001
1845,-1.7996413505
1846,-1.7966948535
1847,-1.7951407614999999
1848,-1.794782761
1849,-1.795283591
1850,-1.7966097159999999
1851,-1.7974683075
1852,-1.7982564010000002
1853,-1.8001445105
1854,-1.8039594425000001
1855,-1.8101971295000001
1856,-1.8185972879999999
1857,-1.828411193
1858,-1.8384509575000001
1859,-1.8485291319999999
1860,-1.857264496
1861,-1.8644392674999999
1862,-1.8706030115000001
1863,-1.8758946575
1864,-1.8794710289999998
1865,-1.8823144100000002
1866,-1.8848523694999999
1867,-1.8877665614999999
1868,-1.8916719739999999
1869,-1.897261275
1870,-1.9038113299999999
1871,-1.91124216
1872,-1.9195321160000001
1873,-1.9271057625000001
1874,-1.934939164
1875,-1.9425260259999999
1876,-1.9510742534999999
1877,-1.9600635660000001
1878,-1.9687169039999999
1879,-1.9757023189999998
1880,-1.9807032740000001
1881,-1.9823503685000001
1882,-1.9818437959999999
1883,-1.9803920815
1884,-1.978970135
1885,-1.978961014
1886,-1.981440906
1887,-1.9871151419999999
1888,-1.9970811990000001
1889,-2.0109049825
1890,-2.0244868035000003
1891,-2.0352585945000001
1892,-2.0408834840000001
1893,-2.0415611274999996
1894,-2.0393858914999998
1895,-2.0337302729999998
1896,-2.0278444684999997
1897,-2.0230384335
1898,-2.0206489960000003
1899,-2.0219914614999999
1900,-2.0272487589999999
1901,-2.0360253325
1902,-2.0469632629999999
1903,-2.0579972995000002
1904,-2.0683987314999999
1905,-2.0783066459999997
1906,-2.0873153545000003
1907,-2.096021286
1908,-2.1048032694999996
1909,-2.1143860370000001
1910,-2.1243448955000002
1911,-2.1355693325000003
1912,-2.1467347339999998
1913,-2.1576256789999997
1914,-2.1673096919999999
1915,-2.1756987759999999
1916,-2.1813921230000002
1917,-2.1843758059999998
1918,-2.1836943975000001
1919,-2.1796919580000003
1920,-2.1726386489999996
1921,-2.1645675930000001
1922,-2.1564939034999999
1923,-2.1501943304999998
1924,-2.1467061549999999
1925,-2.1460304605
1926,-2.1482792160000002
1927,-2.1517008625000003
1928,-2.155028819
1929,-2.1571675990000001
1930,-2.1575267069999997
1931,-2.157852025
1932,-2.1581561875000004
1933,-2.1589012204999998
1934,-2.1607448375000002
1935,-2.1640310095000004
1936,-2.1690215770000001
1937,-2.1755348015
1938,-2.1827626205000001
1939,-2.1901583250000001
1940,-2.197174746
1941,-2.2034132645
1942,-2.208981391
1943,-2.2143767584999998
1944,-2.2201186160000002
1945,-2.2267595739999999
1946,-2.2345710765
1947,-2.2424847965000003
1948,-2.2500785859999999
1949,-2.2566861884999998
1950,-2.2620029339999999
1951,-2.2655782750000002
1952,-2.2684781510000001
1953,-2.2715626085
1954,-2.2754573085000001
1955,-2.2798983015000003
1956,-2.2847756534999997
1957,-2.2901113529999999
1958,-2.2954437329999999
1959,-2.2998821810000001
1960,-2.3032463894999999
1961,-2.3057172384999998
1962,-2.3068991854999998
1963,-2.3075248269999999
1964,-2.3075208224999999
1965,-2.3084148180000001
1966,-2.310516464
1967,-2.3148366784999999
1968,-2.3212213994999997
1969,-2.329257761
1970,-2.3389709905
1971,-2.3501415115000004
1972,-2.3621970735
1973,-2.3735878504999999
1974,-2.3833126870000001
1975,-2.390355768
1976,-2.394973759
1977,-2.3974804819999997
1978,-2.3983175499999998
1979,-2.3984955525
1980,-2.397565781
1981,-2.396742438
1982,-2.3958530589999998
1983,-2.3942158980000001
1984,-2.3936224739999998
1985,-2.3931251389999999
1986,-2.3941329255000001
1987,-2.3968306340000001
1988,-2.4012432869999998
1989,-2.407059711
1990,-2.4139411669999999
1991,-2.4220275119999997
1992,-2.4306975575000003
1993,-2.4389742229999998
1994,-2.447052341
1995,-2.4551346000000001
1996,-2.4632705485000002
1997,-2.4708932690000003
1998,-2.4787470059999999
1999,-2.487198791
2000,-2.4981718599999998
2001,-2.5118275200000002
2002,-2.5274790409999999
2003,-2.5428223475
2004,-2.5572377734999998
2005,-2.568793141
2006,-2.5771076700000002
2007,-2.5825955970000001
2008,-2.5863060029999998
2009,-2.5894961319999998
2010,-2.5930694394999998
2011,-2.5964117890000002
2012,-2.6003314965
2013,-2.6045758514999999
2014,-2.6088238115000002
2015,-2.6130807249999997
2016,-2.6175695050000001
2017,-2.621187044
2018,-2.6232970440000001
2019,-2.6244937940000002
2020,-2.6246238260000001
2021,-2.6237727350000002
2022,-2.6216204169999999
2023,-2.6188496610000001
2024,-2.6158122845
2025,-2.613052814
2026,-2.6111340949999997
2027,-2.61013122
2028,-2.610610249
2029,-2.6134700020000001
2030,-2.6178316695000001
2031,-2.623925185
2032,-2.6314700559999999
2033,-2.6399638489999999
2034,-2.6482426590000001
2035,-2.6555395635000001
2036,-2.6613064215
2037,-2.6651541024999998
2038,-2.6666665250000001
2039,-2.6672513444999999
2040,-2.6677444299999999
2041,-2.669268271
2042,-2.6728892284999999
2043,-2.6785873709999999
2044,-2.6855082459999999
2045,-2.6922519820000002
2046,-2.6975968950000002
2047,-2.7013492655000002
2048,-2.7028074245
2049,-2.7032326009999998
2050,-2.7033224164999998
2051,-2.7045408814999998
2052,-2.7079865834999999
2053,-2.7145086250000001
2054,-2.7235268160000001
2055,-2.7343771050000001
2056,-2.7455600835
2057,-2.755474875
2058,-2.7629791319999999
2059,-2.7672654099999998
2060,-2.7685255834999998
2061,-2.7678103104999998
2062,-2.7661049120000003
2063,-2.7663490934999997
2064,-2.7679651774999998
2065,-2.7700666235
2066,-2.7719226314999998
2067,-2.7724442864999999
2068,-2.7709668194999999
2069,-2.7675535790000003
2070,-2.7632474715000002
2071,-2.760019743
2072,-2.759175811
2073,-2.7609703544999999
2074,-2.7660107924999999
2075,-2.7744736799999998
2076,-2.786071051
2077,-2.7990796255000001
2078,-2.8113587525000003
2079,-2.8214645924999999
2080,-2.8271939650000002
2081,-2.8279674994999997
2082,-2.8250738284999999
2083,-2.820370863
2084,-2.8161907130000001
2085,-2.8150426030000002
2086,-2.8163354955000002
2087,-2.8194236340000001
2088,-2.823250018
2089,-2.826603924
2090,-2.8288752009999998
2091,-2.8295690269999998
2092,-2.830435349
2093,-2.8320940819999998
2094,-2.836543292
2095,-2.8447398550000003
2096,-2.8556849250000003
2097,-2.8688324999999999
2098,-2.8828815295000001
2099,-2.8959248424999999
2100,-2.9077478184999999
2101,-2.917342396
2102,-2.9246011154999998
2103,-2.9302378650000001
2104,-2.9345721879999997
2105,-2.9388808639999997
2106,-2.9437548150000001
2107,-2.9497808230000002
2108,-2.9554090230000001
2109,-2.9606212640000003
2110,-2.9636041930000001
2111,-2.963708327
2112,-2.9618623915
2113,-2.9600487305000001
2114,-2.9603879774999999
2115,-2.9631119264999999
2116,-2.9690051915
2117,-2.9773840795000002
2118,-2.9872808900000001
2119,-2.99724543
2120,-3.005146989
2121,-3.0106498715000001
2122,-3.0127944790000001
2123,-3.0124314845
2124,-3.0113543025
2125,-3.0117044540000002
2126,-3.014390101
2127,-3.019092213
2128,-3.0248746144999998
2129,-3.0292992989999998
2130,-3.030943932
2131,-3.0287161449999997
2132,-3.0225754755000001
2133,-3.0135361805000001
2134,-3.0032740785000001
2135,-2.9942391750000001
2136,-2.988263151
2137,-2.9862001239999998
2138,-2.9884426445000001
2139,-2.9942657219999997
2140,-3.0026417690000002
2141,-3.0123553374999998
2142,-3.0210001405
2143,-3.027199999
2144,-3.0306262865
2145,-3.0312057284999998
2146,-3.0294968224999996
2147,-3.0263140669999999
2148,-3.0228517680000002
2149,-3.0193845110000002
2150,-3.0177141384999997
2151,-3.018392113
2152,-3.0219806259999999
2153,-3.0287250534999997
2154,-3.0379693815
2155,-3.04901672
2156,-3.061132754
2157,-3.0729662549999999
2158,-3.0827078139999999
2159,-3.0900152919999999
2160,-3.0944703484999998
2161,-3.0965890014999999
2162,-3.0962624124999998
2163,-3.0941299349999998
2164,-3.0915016560000002
2165,-3.0896629014999997
2166,-3.0897622469999999
2167,-3.0918560519999998
2168,-3.0962944910000001
2169,-3.102863932
2170,-3.1098465390000003
2171,-3.1175546120000002
2172,-3.1246354004999999
2173,-3.1298620389999998
2174,-3.1325194255
2175,-3.1324589139999999
2176,-3.1296195029999998
2177,-3.1256365074999999
2178,-3.1224578175
2179,-3.1219235909999998
2180,-3.1253124364999998
2181,-3.1323691570000003
2182,-3.1416828734999998
2183,-3.1510145414999999
2184,-3.1583901230000002
2185,-3.1627416815
2186,-3.16470136
2187,-3.164447665
2188,-3.1635132709999998
2189,-3.1627001539999999
2190,-3.162116191
2191,-3.1617008255000001
2192,-3.1628991625
2193,-3.1655579349999998
2194,-3.1698127190000003
2195,-3.1752287580000003
2196,-3.1798253045
2197,-3.1829564540000002
2198,-3.1844240180000001
2199,-3.1840842140000003
2200,-3.1827149124999998
2201,-3.181422908
2202,-3.1813313084999999
2203,-3.18334603
2204,-3.1857176840000001
2205,-3.1890550910000002
2206,-3.1934692340000002
2207,-3.1989854455
2208,-3.2053979379999999
2209,-3.2116004809999996
2210,-3.2166080705
2211,-3.22003175
2212,-3.2222780110000002
2213,-3.2232645039999999
2214,-3.2343299210000001
2215,-3.2374666650000004
2216,-3.2419107755000001
2217,-3.2476147644999998
2218,-3.2480439785000002
2219,-3.2562435394999998
2220,-3.266072087
2221,-3.2737636424999996
2222,-3.277219273
2223,-3.2752487145
2224,-3.279774663
2225,-3.2702526635
2226,-3.2598258069999999
2227,-3.2515743600000002
2228,-3.2470222565000002
2229,-3.2469768615000003
2230,-3.250948256
2231,-3.2593621265000001
2232,-3.2720747189999999
2233,-3.2884696404999998
2234,-3.3069106335000003
2235,-3.3254162799999998
2236,-3.3311366324999998
2237,-3.3430222440000001
2238,-3.3503432399999999
2239,-3.3530228649999998
2240,-3.3513855415
2241,-3.346401975
2242,-3.3497650160000001
2243,-3.341685322
2244,-3.3342561979999998
2245,-3.3282445965000003
2246,-3.3240679945
2247,-3.3215943050000001
2248,-3.3208412935
2249,-3.3214220714999998
2250,-3.32264362
2251,-3.3241269149999999
2252,-3.3258334505000002
2253,-3.3277710914999998
2254,-3.3304182280000001
2255,-3.3325723270000003
2256,-3.3340162929999999
2257,-3.3353764309999998
2258,-3.3362977730000001
2259,-3.3370580050000003
2260,-3.337906952
2261,-3.3389115030000003
2262,-3.3395063699999996
2263,-3.3392595050000002
2264,-3.3390201410000002
2265,-3.3380359180000001
2266,-3.3375883330000002
2267,-3.3385306099999998
2268,-3.3408679569999999
2269,-3.3447040650000002
2270,-3.34975399
2271,-3.355928966
2272,-3.362035471
2273,-3.3697888580000002
2274,-3.3792866479999999
2275,-3.3896330765
2276,-3.4000894509999999
2277,-3.4091827424999996
2278,-3.4162832509999999
2279,-3.4218390959999998
2280,-3.4259004559999999
2281,-3.4293150434999999
2282,-3.4332461335
2283,-3.4379212400000001
2284,-3.4430791090000001
2285,-3.4483720965
2286,-3.4529021340000003
2287,-3.4562691724999999
2288,-3.4583444910000001
2289,-3.4592162684999996
2290,-3.4590360760000003
2291,-3.4586059154999997
2292,-3.458437999
2293,-3.4599816830000001
2294,-3.4630823780000002
2295,-3.4680562345000001
2296,-3.4744027774999999
2297,-3.481230069
2298,-3.4867629340000001
2299,-3.4899503975000004
2300,-3.4910836105
2301,-3.4900344739999998
2302,-3.4876664074999999
2303,-3.4841299960000001
2304,-3.4817438260000002
2305,-3.4812048415000003
2306,-3.4832092509999999
2307,-3.4875216335000001
2308,-3.4925765760000003
2309,-3.4985553295000003
2310,-3.5042653614999999
2311,-3.5075671995
2312,-3.5096043374999999
2313,-3.5113483615000001
2314,-3.5136691654999996
2315,-3.5163022845
2316,-3.5211651184999999
2317,-3.5284225395000002
2318,-3.5373869195000003
2319,-3.5462320825
2320,-3.5526258300000002
2321,-3.5571127229999999
2322,-3.5593956354999996
2323,-3.5595019030000001
2324,-3.5589247254999998
2325,-3.558138773
2326,-3.5590396219999998
2327,-3.5615842354999998
2328,-3.5662771675
2329,-3.5725349629999998
2330,-3.5800805225000003
2331,-3.5878016965000001
2332,-3.5949221214999998
2333,-3.6010754189999998
2334,-3.6058134150000001
2335,-3.6095514365000003
2336,-3.6118591164999998
2337,-3.6137858605000002
2338,-3.6160144465000004
2339,-3.6171953920000002
2340,-3.6170638400000001
2341,-3.6158703564999999
2342,-3.615328791
2343,-3.6171165905000002
2344,-3.6209331530000002
2345,-3.6266954645
2346,-3.6340975450000004
2347,-3.6414890765000001
2348,-3.6478229825000001
2349,-3.6518206245
2350,-3.6535607859999999
2351,-3.6524222289999999
2352,-3.6521993639999999
2353,-3.6521797115000001
2354,-3.6540433729999999
2355,-3.6581613449999999
2356,-3.6646007649999999
2357,-3.6717845305000001
2358,-3.6791607150000001
2359,-3.6862181769999998
2360,-3.6924675310000001
2361,-3.6978346650000002
2362,-3.703235598
2363,-3.707939428
2364,-3.7122790619999999
2365,-3.7159937765
2366,-3.7182145625
2367,-3.71856703
2368,-3.7176874350000002
2369,-3.7165651875000001
2370,-3.71581458
2371,-3.7162226005000001
2372,-3.7177238730000002
2373,-3.7198160900000001
2374,-3.7227169545000001
2375,-3.7269014585
2376,-3.7328243809999999
2377,-3.7404594290000004
2378,-3.7491934785000001
2379,-3.758083134
2380,-3.7651340700000002
2381,-3.7686631574999998
2382,-3.76797776
2383,-3.7639329315000003
2384,-3.7594254935000002
2385,-3.7564543215000001
2386,-3.7579076970000003
2387,-3.7644347145000001
2388,-3.7742607669999999
2389,-3.7852426834999999
2390,-3.7962970789999999
2391,-3.8070135279999997
2392,-3.8164503405000003
2393,-3.8244673909999998
2394,-3.8305006580000001
2395,-3.8351711829999999
2396,-3.8387201879999999
2397,-3.8410804509999998
2398,-3.8435622635
2399,-3.8474467109999999
2400,-3.8526666650000001
2401,-3.8593709884999998
2402,-3.866073358
2403,-3.8721337130000002
2404,-3.876572839
2405,-3.8790033910000004
2406,-3.879369149
2407,-3.878118621
2408,-3.8766747829999999
2409,-3.8758950630000002
2410,-3.8759020485
2411,-3.8787674614999998
2412,-3.8836371600000001
2413,-3.8891266179999997
2414,-3.8950481345000001
2415,-3.8986118745000002
2416,-3.8998372075000001
2417,-3.9003878099999998
2418,-3.9008810809999996
2419,-3.9024885834999998
2420,-3.904814215
2421,-3.9074644525000002
2422,-3.9100602584999997
2423,-3.9126311005000001
2424,-3.915717844
2425,-3.9198968589999996
2426,-3.925974316
2427,-3.9338248755
2428,-3.9433318444999998
2429,-3.9535913570000001
2430,-3.9634429839999998
2431,-3.9718689540000001
2432,-3.978557361
2433,-3.9836350065000001
2434,-3.9856505650000003
2435,-3.9850045569999999
2436,-3.9823609929999999
2437,-3.9785731640000002
2438,-3.9747763904999998
2439,-3.9722564120000001
2440,-3.9739358070000002
2441,-3.9785826989999999
2442,-3.9854020100000001
2443,-3.9923483639999997
2444,-3.9998549555
2445,-4.0067904710000004
2446,-4.0131176595000007
2447,-4.0185609954999997
